feature,total_gain,gain_rank,mean_abs_shap,shap_rank
vep_biotype_count__protein_coding,885.4838256835938,1,0.07075448,1.0
log10_sbs_burden,775.2991943359375,2,0.057893734,2.0
residual_non_oncokb_positive_role_unique_high_or_moderate_impact_genes_log_count,737.3103637695312,3,0.04896869,3.0
id_fraction,275.4248046875,4,0.03275501,4.0
vaf_max,230.14456176757812,5,0.02775968,5.0
residual_non_oncokb_positive_role_vep_high_or_moderate_impact_log_count,202.93533325195312,6,0.016497103,8.0
vep_consequence_fraction__3_prime_utr_variant,164.3635711669922,7,0.027373495,6.0
vep_canonical_count__yes,157.64913940429688,8,0.015517812,9.0
driver_gene_role_matched_event_log_count__EGFR,152.21714782714844,9,0.011397311,13.0
driver_gene_functional_event_log_count__EGFR,143.82077026367188,10,0.0071112723,22.0
driver_gene_functional_event_log_count__TP53,138.78482055664062,11,0.02016963,7.0
vaf_mean,133.26638793945312,12,0.014329324,10.0
vaf_std,117.69465637207031,13,0.010012937,14.0
vep_consequence_fraction__frameshift_variant,104.87165832519531,14,0.0122593595,11.0
vaf_q90,102.64244842529297,15,0.007122128,21.0
driver_evidence_max_vaf_high_or_moderate_impact__source_count_4,87.15982818603516,16,0.009305277,16.0
vaf_median,86.93243408203125,17,0.009280976,17.0
vep_consequence_count__synonymous_variant,84.33222961425781,18,0.0076172412,19.0
vep_consequence_count__3_prime_utr_variant,80.28837585449219,19,0.009955252,15.0
oncokb_role_max_vaf_high_or_moderate_impact__tumor_suppressor,78.85009765625,20,0.0058286637,25.0
vep_polyphen_count__unknown,75.40093994140625,21,0.008709574,18.0
oncokb_role_unique_high_or_moderate_impact_genes_log_count__oncogene,73.31251525878906,22,0.0072127935,20.0
residual_non_oncokb_positive_role_max_vaf_high_or_moderate_impact,67.02604675292969,23,0.012162016,12.0
vep_impact_count__low,52.629032135009766,24,0.004683165,27.0
vep_sift_count__deleterious,46.98051452636719,25,0.00644063,23.0
driver_evidence_high_or_moderate_impact_log_count__source_count_3,41.65410232543945,26,0.0060232347,24.0
vep_consequence_fraction__splice_acceptor_variant,39.13423156738281,27,0.0014587381,48.0
vep_consequence_count__stop_gained,38.1295166015625,28,0.0055478932,26.0
oncokb_role_max_vaf_high_or_moderate_impact__oncogene,34.84492111206055,29,0.002923292,36.0
vep_biotype_count__other,33.03314971923828,30,0.004540382,28.0
vep_impact_fraction__high,32.46735763549805,31,0.0019916988,40.0
vep_impact_fraction__modifier,30.141225814819336,32,0.0043281387,29.0
cancer_hotspot_max_vaf,29.985107421875,33,0.004174196,31.0
vep_impact_count__moderate,28.46328353881836,34,0.0016464165,45.0
driver_evidence_high_or_moderate_impact_log_count__source_count_4,27.34861946105957,35,0.0042833705,30.0
vep_consequence_fraction__inframe_deletion,26.667430877685547,36,0.0032016754,33.0
oncokb_role_vep_high_or_moderate_impact_log_count__oncogene,25.732852935791016,37,0.0030114702,34.0
vep_biotype_count__processed_transcript,25.26678466796875,38,0.00034939602,83.0
vep_consequence_fraction__synonymous_variant,24.542842864990234,39,0.0023935817,38.0
vep_polyphen_count__benign,23.70663833618164,40,0.0010023578,56.0
vep_consequence_fraction__intron_variant,21.9174861907959,41,0.002755818,37.0
vep_consequence_count__5_prime_utr_variant,21.115398406982422,42,0.0023683205,39.0
vep_consequence_fraction__5_prime_utr_variant,20.366687774658203,43,0.0034617055,32.0
vep_consequence_fraction__downstream_gene_variant,19.57801055908203,44,0.0007395526,63.0
driver_evidence_high_or_moderate_impact_log_count__source_count_1,18.584487915039062,45,0.0018112739,42.0
vep_consequence_count__splice_acceptor_variant,17.097488403320312,46,0.0029988398,35.0
driver_gene_functional_event_log_count__KAT6A,16.873836517333984,47,0.001229798,52.0
driver_gene_role_matched_event_log_count__APC,15.594263076782227,48,0.0014091996,49.0
vep_impact_fraction__moderate,15.3588285446167,49,0.0019306476,41.0
vep_consequence_count__stop_lost,14.804397583007812,50,0.0016948205,43.0
driver_gene_functional_event_log_count__PTEN,14.120567321777344,51,0.0006934586,64.0
vep_polyphen_fraction__benign,13.756547927856445,52,0.0011141893,54.0
vep_consequence_fraction__splice_region_variant,12.756973266601562,53,0.00075620547,62.0
driver_gene_functional_event_log_count__APC,12.400505065917969,54,0.00092444255,58.0
driver_evidence_max_vaf_high_or_moderate_impact__source_count_1,11.780895233154297,55,0.0010551506,55.0
driver_evidence_unique_high_or_moderate_genes_log_count__source_count_4,11.49245834350586,56,0.0012139293,53.0
vep_polyphen_fraction__probably_damaging,11.398714065551758,57,0.00096175604,57.0
oncokb_role_vep_high_or_moderate_impact_log_count__tumor_suppressor,11.390832901000977,58,0.0013148807,51.0
vep_biotype_fraction__protein_coding,11.262554168701172,59,0.0013635464,50.0
vep_consequence_fraction__missense_variant,10.793970108032227,60,0.001692848,44.0
vep_sift_fraction__unknown,10.694099426269531,61,0.00037639082,81.0
oncokb_role_vep_high_impact_log_count__tumor_suppressor,10.267284393310547,62,0.0016124838,46.0
driver_evidence_max_vaf_high_or_moderate_impact__source_count_3,9.95722770690918,63,0.0014626208,47.0
driver_gene_role_matched_event_log_count__TP53,9.895751953125,64,0.0007837369,60.0
oncokb_role_max_vaf_high_or_moderate_impact__oncogene_and_tumor_suppressor,9.800130844116211,65,0.0006499793,66.0
vep_polyphen_fraction__unknown,7.283005237579346,66,0.00041306124,77.0
driver_gene_role_matched_event_log_count__KMT2D,7.054347991943359,67,0.00040703098,78.0
vep_consequence_fraction__upstream_gene_variant,6.330760478973389,68,0.0006023167,69.0
vep_consequence_count__downstream_gene_variant,6.170546531677246,69,0.000627695,68.0
vep_sift_fraction__deleterious,5.985314846038818,70,0.0005682082,72.0
vep_polyphen_count__probably_damaging,5.653876304626465,71,0.00044622176,74.0
driver_gene_functional_event_log_count__KMT2D,5.555933952331543,72,0.0007665311,61.0
driver_gene_functional_event_log_count__CREBBP,5.33119010925293,73,0.00039702983,79.0
oncokb_role_unique_high_or_moderate_impact_genes_log_count__tumor_suppressor,5.093425750732422,74,0.0003021357,86.0
vep_consequence_fraction__stop_retained_variant,5.053544044494629,75,0.00042453632,76.0
cancer_hotspot_exact_variant_log_count,5.0234880447387695,76,0.00065629376,65.0
log10_id_burden,4.3921380043029785,77,0.00057894574,71.0
driver_gene_functional_event_log_count__IDH1,4.322756767272949,78,0.0008121717,59.0
vep_consequence_count__inframe_deletion,4.075776100158691,79,0.00034719036,84.0
vep_sift_fraction__tolerated,3.786709785461426,80,0.00059820054,70.0
driver_evidence_max_vaf_high_or_moderate_impact__source_count_2,3.7541885375976562,81,0.00037948205,80.0
driver_evidence_unique_high_or_moderate_genes_log_count__source_count_2,3.689861297607422,82,0.0003308404,85.0
vep_consequence_fraction__non_coding_transcript_exon_variant,3.54766845703125,83,0.00021065628,90.0
vep_consequence_fraction__splice_donor_variant,3.274186611175537,84,0.0006281674,67.0
vep_consequence_count__non_coding_transcript_exon_variant,2.9191737174987793,85,0.00049199344,73.0
vep_consequence_fraction__stop_gained,2.376898765563965,86,0.00022416314,88.0
vep_sift_count__unknown,1.8057633638381958,87,0.0004314571,75.0
vep_sift_count__deleterious_low_confidence,1.793318748474121,88,0.00025652352,87.0
vep_sift_fraction__tolerated_low_confidence,1.6468467712402344,89,0.00034949993,82.0
vep_consequence_count__splice_region_variant,1.6304529905319214,90,8.658016e-05,92.0
vep_polyphen_fraction__possibly_damaging,1.4072561264038086,91,0.00017032711,91.0
driver_gene_role_matched_event_log_count__IDH1,1.3770430088043213,92,0.00021926778,89.0
