feature,mean_abs_shap
vep_biotype_count__protein_coding,0.07075448
log10_sbs_burden,0.057893734
residual_non_oncokb_positive_role_unique_high_or_moderate_impact_genes_log_count,0.04896869
id_fraction,0.03275501
vaf_max,0.02775968
vep_consequence_fraction__3_prime_utr_variant,0.027373495
driver_gene_functional_event_log_count__TP53,0.02016963
residual_non_oncokb_positive_role_vep_high_or_moderate_impact_log_count,0.016497103
vep_canonical_count__yes,0.015517812
vaf_mean,0.014329324
vep_consequence_fraction__frameshift_variant,0.0122593595
residual_non_oncokb_positive_role_max_vaf_high_or_moderate_impact,0.012162016
driver_gene_role_matched_event_log_count__EGFR,0.011397311
vaf_std,0.010012937
vep_consequence_count__3_prime_utr_variant,0.009955252
driver_evidence_max_vaf_high_or_moderate_impact__source_count_4,0.009305277
vaf_median,0.009280976
vep_polyphen_count__unknown,0.008709574
vep_consequence_count__synonymous_variant,0.0076172412
oncokb_role_unique_high_or_moderate_impact_genes_log_count__oncogene,0.0072127935
vaf_q90,0.007122128
driver_gene_functional_event_log_count__EGFR,0.0071112723
vep_sift_count__deleterious,0.00644063
driver_evidence_high_or_moderate_impact_log_count__source_count_3,0.0060232347
oncokb_role_max_vaf_high_or_moderate_impact__tumor_suppressor,0.0058286637
vep_consequence_count__stop_gained,0.0055478932
vep_impact_count__low,0.004683165
vep_biotype_count__other,0.004540382
vep_impact_fraction__modifier,0.0043281387
driver_evidence_high_or_moderate_impact_log_count__source_count_4,0.0042833705
cancer_hotspot_max_vaf,0.004174196
vep_consequence_fraction__5_prime_utr_variant,0.0034617055
vep_consequence_fraction__inframe_deletion,0.0032016754
oncokb_role_vep_high_or_moderate_impact_log_count__oncogene,0.0030114702
vep_consequence_count__splice_acceptor_variant,0.0029988398
oncokb_role_max_vaf_high_or_moderate_impact__oncogene,0.002923292
vep_consequence_fraction__intron_variant,0.002755818
vep_consequence_fraction__synonymous_variant,0.0023935817
vep_consequence_count__5_prime_utr_variant,0.0023683205
vep_impact_fraction__high,0.0019916988
vep_impact_fraction__moderate,0.0019306476
driver_evidence_high_or_moderate_impact_log_count__source_count_1,0.0018112739
vep_consequence_count__stop_lost,0.0016948205
vep_consequence_fraction__missense_variant,0.001692848
vep_impact_count__moderate,0.0016464165
oncokb_role_vep_high_impact_log_count__tumor_suppressor,0.0016124838
driver_evidence_max_vaf_high_or_moderate_impact__source_count_3,0.0014626208
vep_consequence_fraction__splice_acceptor_variant,0.0014587381
driver_gene_role_matched_event_log_count__APC,0.0014091996
vep_biotype_fraction__protein_coding,0.0013635464
oncokb_role_vep_high_or_moderate_impact_log_count__tumor_suppressor,0.0013148807
driver_gene_functional_event_log_count__KAT6A,0.001229798
driver_evidence_unique_high_or_moderate_genes_log_count__source_count_4,0.0012139293
vep_polyphen_fraction__benign,0.0011141893
driver_evidence_max_vaf_high_or_moderate_impact__source_count_1,0.0010551506
vep_polyphen_count__benign,0.0010023578
vep_polyphen_fraction__probably_damaging,0.00096175604
driver_gene_functional_event_log_count__APC,0.00092444255
driver_gene_functional_event_log_count__IDH1,0.0008121717
driver_gene_role_matched_event_log_count__TP53,0.0007837369
driver_gene_functional_event_log_count__KMT2D,0.0007665311
vep_consequence_fraction__splice_region_variant,0.00075620547
vep_consequence_fraction__downstream_gene_variant,0.0007395526
driver_gene_functional_event_log_count__PTEN,0.0006934586
cancer_hotspot_exact_variant_log_count,0.00065629376
oncokb_role_max_vaf_high_or_moderate_impact__oncogene_and_tumor_suppressor,0.0006499793
vep_consequence_fraction__splice_donor_variant,0.0006281674
vep_consequence_count__downstream_gene_variant,0.000627695
vep_consequence_fraction__upstream_gene_variant,0.0006023167
vep_sift_fraction__tolerated,0.00059820054
log10_id_burden,0.00057894574
vep_sift_fraction__deleterious,0.0005682082
vep_consequence_count__non_coding_transcript_exon_variant,0.00049199344
vep_polyphen_count__probably_damaging,0.00044622176
vep_sift_count__unknown,0.0004314571
vep_consequence_fraction__stop_retained_variant,0.00042453632
vep_polyphen_fraction__unknown,0.00041306124
driver_gene_role_matched_event_log_count__KMT2D,0.00040703098
driver_gene_functional_event_log_count__CREBBP,0.00039702983
driver_evidence_max_vaf_high_or_moderate_impact__source_count_2,0.00037948205
vep_sift_fraction__unknown,0.00037639082
vep_sift_fraction__tolerated_low_confidence,0.00034949993
vep_biotype_count__processed_transcript,0.00034939602
vep_consequence_count__inframe_deletion,0.00034719036
driver_evidence_unique_high_or_moderate_genes_log_count__source_count_2,0.0003308404
oncokb_role_unique_high_or_moderate_impact_genes_log_count__tumor_suppressor,0.0003021357
vep_sift_count__deleterious_low_confidence,0.00025652352
vep_consequence_fraction__stop_gained,0.00022416314
driver_gene_role_matched_event_log_count__IDH1,0.00021926778
vep_consequence_fraction__non_coding_transcript_exon_variant,0.00021065628
vep_polyphen_fraction__possibly_damaging,0.00017032711
vep_consequence_count__splice_region_variant,8.658016e-05
driver_gene_functional_event_log_count__NTRK2,0.0
driver_gene_role_matched_event_log_count__NTRK2,0.0
driver_gene_role_matched_event_log_count__NRAS,0.0
driver_gene_functional_event_log_count__NRAS,0.0
driver_gene_role_matched_event_log_count__NPM1,0.0
driver_gene_role_matched_event_log_count__NTRK3,0.0
driver_gene_role_matched_event_log_count__PMS2,0.0
driver_gene_role_matched_event_log_count__POLD1,0.0
driver_gene_role_matched_event_log_count__NTRK1,0.0
driver_gene_functional_event_log_count__NRG1,0.0
driver_gene_functional_event_log_count__NTRK1,0.0
driver_gene_role_matched_event_log_count__NSD3,0.0
driver_gene_functional_event_log_count__NSD3,0.0
driver_gene_role_matched_event_log_count__NRG1,0.0
driver_gene_functional_event_log_count__NSD1,0.0
driver_gene_role_matched_event_log_count__NSD2,0.0
driver_gene_functional_event_log_count__NSD2,0.0
driver_gene_role_matched_event_log_count__NSD1,0.0
driver_gene_functional_event_log_count__NPM1,0.0
driver_gene_role_matched_event_log_count__MYD88,0.0
driver_gene_functional_event_log_count__MYH11,0.0
driver_gene_role_matched_event_log_count__MYH11,0.0
driver_gene_functional_event_log_count__MYO5A,0.0
driver_gene_role_matched_event_log_count__MYO5A,0.0
driver_gene_functional_event_log_count__MYOD1,0.0
driver_gene_role_matched_event_log_count__MYOD1,0.0
driver_gene_functional_event_log_count__NCOA3,0.0
driver_gene_role_matched_event_log_count__NCOA3,0.0
driver_gene_functional_event_log_count__NCOR1,0.0
driver_gene_role_matched_event_log_count__NCOR1,0.0
driver_gene_functional_event_log_count__NCOR2,0.0
driver_gene_role_matched_event_log_count__NCOR2,0.0
driver_gene_functional_event_log_count__NF1,0.0
driver_gene_functional_event_log_count__NTRK3,0.0
driver_gene_functional_event_log_count__NF2,0.0
driver_gene_role_matched_event_log_count__NF2,0.0
driver_gene_functional_event_log_count__NFATC2,0.0
driver_gene_role_matched_event_log_count__NFATC2,0.0
driver_gene_functional_event_log_count__NFE2L2,0.0
driver_gene_role_matched_event_log_count__NFE2L2,0.0
driver_gene_functional_event_log_count__NFKBIE,0.0
driver_gene_role_matched_event_log_count__NFKBIE,0.0
driver_gene_functional_event_log_count__NKX2_1,0.0
driver_gene_role_matched_event_log_count__NKX2_1,0.0
driver_gene_functional_event_log_count__NOTCH1,0.0
driver_gene_role_matched_event_log_count__NOTCH1,0.0
driver_gene_functional_event_log_count__NOTCH2,0.0
driver_gene_role_matched_event_log_count__NOTCH2,0.0
driver_gene_role_matched_event_log_count__NF1,0.0
driver_gene_functional_event_log_count__MYD88,0.0
driver_gene_functional_event_log_count__PBRM1,0.0
driver_gene_role_matched_event_log_count__PBRM1,0.0
driver_gene_functional_event_log_count__PDCD1LG2,0.0
driver_gene_role_matched_event_log_count__PDCD1LG2,0.0
driver_gene_functional_event_log_count__PDGFRA,0.0
driver_gene_role_matched_event_log_count__PDGFRA,0.0
driver_gene_functional_event_log_count__PDGFRB,0.0
driver_gene_role_matched_event_log_count__PDGFRB,0.0
driver_gene_functional_event_log_count__PDPK1,0.0
driver_gene_role_matched_event_log_count__PDPK1,0.0
driver_gene_functional_event_log_count__PGR,0.0
driver_gene_role_matched_event_log_count__P2RY8,0.0
driver_gene_functional_event_log_count__PIK3R1,0.0
driver_gene_role_matched_event_log_count__PGR,0.0
driver_gene_functional_event_log_count__PHF6,0.0
driver_gene_role_matched_event_log_count__PHF6,0.0
driver_gene_functional_event_log_count__PICALM,0.0
driver_gene_role_matched_event_log_count__PIK3CD,0.0
driver_gene_role_matched_event_log_count__PICALM,0.0
driver_gene_functional_event_log_count__PIK3CA,0.0
driver_gene_role_matched_event_log_count__PIK3CA,0.0
driver_gene_functional_event_log_count__PIK3CB,0.0
driver_gene_role_matched_event_log_count__PIK3CB,0.0
driver_gene_functional_event_log_count__PIK3CD,0.0
driver_gene_role_matched_event_log_count__PIK3R1,0.0
driver_gene_functional_event_log_count__NUP214,0.0
driver_gene_role_matched_event_log_count__NUP214,0.0
driver_gene_functional_event_log_count__NUP93,0.0
driver_gene_role_matched_event_log_count__NUP93,0.0
driver_gene_functional_event_log_count__PMS2,0.0
driver_gene_functional_event_log_count__NUP98,0.0
driver_gene_role_matched_event_log_count__PML,0.0
driver_gene_role_matched_event_log_count__NUP98,0.0
driver_gene_functional_event_log_count__NUTM1,0.0
driver_gene_functional_event_log_count__PML,0.0
driver_gene_role_matched_event_log_count__NUTM1,0.0
driver_gene_functional_event_log_count__P2RY8,0.0
driver_gene_functional_event_log_count__PIK3R2,0.0
driver_gene_role_matched_event_log_count__PALB2,0.0
driver_gene_role_matched_event_log_count__PLK2,0.0
driver_gene_functional_event_log_count__PARP1,0.0
driver_gene_role_matched_event_log_count__PARP1,0.0
driver_gene_functional_event_log_count__PAX5,0.0
driver_gene_functional_event_log_count__PLK2,0.0
driver_gene_role_matched_event_log_count__PLCG1,0.0
driver_gene_functional_event_log_count__PLCG1,0.0
driver_gene_role_matched_event_log_count__PAX5,0.0
driver_gene_role_matched_event_log_count__PIM1,0.0
driver_gene_functional_event_log_count__PIM1,0.0
driver_gene_role_matched_event_log_count__PIK3R2,0.0
driver_gene_functional_event_log_count__PALB2,0.0
driver_gene_functional_event_log_count__KMT2A,0.0
driver_gene_role_matched_event_log_count__KMT2A,0.0
driver_gene_functional_event_log_count__KMT2C,0.0
driver_gene_role_matched_event_log_count__KMT2C,0.0
driver_gene_functional_event_log_count__KNSTRN,0.0
driver_gene_role_matched_event_log_count__KNSTRN,0.0
driver_gene_functional_event_log_count__KRAS,0.0
driver_gene_role_matched_event_log_count__KRAS,0.0
driver_gene_functional_event_log_count__LATS1,0.0
driver_gene_role_matched_event_log_count__LATS1,0.0
driver_gene_functional_event_log_count__LATS2,0.0
driver_gene_role_matched_event_log_count__LATS2,0.0
driver_gene_functional_event_log_count__POLD1,0.0
driver_gene_role_matched_event_log_count__LEF1,0.0
driver_gene_functional_event_log_count__LRP1B,0.0
driver_gene_role_matched_event_log_count__LRP1B,0.0
driver_gene_functional_event_log_count__LYN,0.0
driver_gene_role_matched_event_log_count__LYN,0.0
driver_gene_functional_event_log_count__LZTR1,0.0
driver_gene_role_matched_event_log_count__LZTR1,0.0
driver_gene_functional_event_log_count__MAF,0.0
driver_gene_role_matched_event_log_count__MAF,0.0
driver_gene_functional_event_log_count__MALT1,0.0
driver_gene_role_matched_event_log_count__MALT1,0.0
driver_gene_functional_event_log_count__MAML2,0.0
driver_gene_functional_event_log_count__LEF1,0.0
driver_gene_functional_event_log_count__IRF4,0.0
driver_gene_functional_event_log_count__IRS2,0.0
driver_gene_role_matched_event_log_count__IRS2,0.0
driver_gene_functional_event_log_count__JAK1,0.0
driver_gene_role_matched_event_log_count__JAK1,0.0
driver_gene_functional_event_log_count__JAK2,0.0
driver_gene_role_matched_event_log_count__JAK2,0.0
driver_gene_functional_event_log_count__JAK3,0.0
driver_gene_role_matched_event_log_count__JAK3,0.0
driver_gene_functional_event_log_count__JUN,0.0
driver_gene_role_matched_event_log_count__JUN,0.0
driver_gene_role_matched_event_log_count__KAT6A,0.0
driver_gene_role_matched_event_log_count__KLF4,0.0
driver_gene_role_matched_event_log_count__KDM5A,0.0
driver_gene_functional_event_log_count__KDM5C,0.0
driver_gene_role_matched_event_log_count__KDM5C,0.0
driver_gene_functional_event_log_count__KDM6A,0.0
driver_gene_role_matched_event_log_count__KDM6A,0.0
driver_gene_functional_event_log_count__KDR,0.0
driver_gene_role_matched_event_log_count__KDR,0.0
driver_gene_functional_event_log_count__KEAP1,0.0
driver_gene_role_matched_event_log_count__KEAP1,0.0
driver_gene_functional_event_log_count__KIT,0.0
driver_gene_role_matched_event_log_count__KIT,0.0
driver_gene_functional_event_log_count__KLF4,0.0
driver_gene_functional_event_log_count__KDM5A,0.0
driver_gene_role_matched_event_log_count__MET,0.0
driver_gene_functional_event_log_count__MGA,0.0
driver_gene_role_matched_event_log_count__MGA,0.0
driver_gene_functional_event_log_count__MLH1,0.0
driver_gene_role_matched_event_log_count__MLH1,0.0
driver_gene_functional_event_log_count__MLLT1,0.0
driver_gene_role_matched_event_log_count__MLLT1,0.0
driver_gene_functional_event_log_count__MLLT3,0.0
driver_gene_role_matched_event_log_count__MLLT3,0.0
driver_gene_functional_event_log_count__MPL,0.0
driver_gene_role_matched_event_log_count__MPL,0.0
driver_gene_functional_event_log_count__MSH2,0.0
driver_gene_role_matched_event_log_count__MAML2,0.0
driver_gene_functional_event_log_count__MSH6,0.0
driver_gene_role_matched_event_log_count__MSH6,0.0
driver_gene_functional_event_log_count__MSI2,0.0
driver_gene_role_matched_event_log_count__MSI2,0.0
driver_gene_functional_event_log_count__MST1,0.0
driver_gene_role_matched_event_log_count__MST1,0.0
driver_gene_functional_event_log_count__MTOR,0.0
driver_gene_role_matched_event_log_count__MTOR,0.0
driver_gene_functional_event_log_count__MYC,0.0
driver_gene_role_matched_event_log_count__MYC,0.0
driver_gene_functional_event_log_count__MYCN,0.0
driver_gene_role_matched_event_log_count__MYCN,0.0
driver_gene_role_matched_event_log_count__MSH2,0.0
driver_gene_functional_event_log_count__MAP2K1,0.0
driver_gene_role_matched_event_log_count__MAP2K1,0.0
driver_gene_functional_event_log_count__MAP2K2,0.0
driver_gene_role_matched_event_log_count__MAP2K2,0.0
driver_gene_functional_event_log_count__MAP2K4,0.0
driver_gene_role_matched_event_log_count__MAP2K4,0.0
driver_gene_functional_event_log_count__MAP3K1,0.0
driver_gene_role_matched_event_log_count__MAP3K1,0.0
driver_gene_functional_event_log_count__MAP3K13,0.0
driver_gene_role_matched_event_log_count__MAP3K13,0.0
driver_gene_functional_event_log_count__MAPK1,0.0
driver_gene_role_matched_event_log_count__MAPK1,0.0
driver_gene_functional_event_log_count__MET,0.0
driver_gene_role_matched_event_log_count__MAX,0.0
driver_gene_functional_event_log_count__MDC1,0.0
driver_gene_role_matched_event_log_count__MDC1,0.0
driver_gene_functional_event_log_count__MDM2,0.0
driver_gene_role_matched_event_log_count__MDM2,0.0
driver_gene_functional_event_log_count__MECOM,0.0
driver_gene_role_matched_event_log_count__MECOM,0.0
driver_gene_functional_event_log_count__MED12,0.0
driver_gene_role_matched_event_log_count__MED12,0.0
driver_gene_functional_event_log_count__MEF2B,0.0
driver_gene_role_matched_event_log_count__MEF2B,0.0
driver_gene_functional_event_log_count__MEN1,0.0
driver_gene_role_matched_event_log_count__MEN1,0.0
driver_gene_functional_event_log_count__MAX,0.0
driver_gene_functional_event_log_count__STAG2,0.0
driver_gene_role_matched_event_log_count__STAG2,0.0
driver_gene_functional_event_log_count__STAT3,0.0
driver_gene_role_matched_event_log_count__STAT3,0.0
driver_gene_functional_event_log_count__STAT5B,0.0
driver_gene_role_matched_event_log_count__STAT5B,0.0
driver_gene_functional_event_log_count__STAT6,0.0
driver_gene_role_matched_event_log_count__STAT6,0.0
driver_gene_functional_event_log_count__STK11,0.0
driver_gene_role_matched_event_log_count__STK11,0.0
driver_gene_functional_event_log_count__STK19,0.0
driver_gene_role_matched_event_log_count__STK19,0.0
driver_gene_role_matched_event_log_count__IRF4,0.0
driver_gene_role_matched_event_log_count__SUFU,0.0
driver_gene_functional_event_log_count__SUZ12,0.0
driver_gene_role_matched_event_log_count__SUZ12,0.0
driver_gene_functional_event_log_count__TAL1,0.0
driver_gene_role_matched_event_log_count__TAL1,0.0
driver_gene_functional_event_log_count__TBL1XR1,0.0
driver_gene_role_matched_event_log_count__TBL1XR1,0.0
driver_gene_functional_event_log_count__TBX3,0.0
driver_gene_role_matched_event_log_count__TBX3,0.0
driver_gene_functional_event_log_count__TCF3,0.0
driver_gene_role_matched_event_log_count__TCF3,0.0
driver_gene_functional_event_log_count__TCF7L2,0.0
driver_gene_functional_event_log_count__SUFU,0.0
driver_gene_role_matched_event_log_count__SMAD3,0.0
driver_gene_functional_event_log_count__SMAD4,0.0
driver_gene_role_matched_event_log_count__SMAD4,0.0
driver_gene_functional_event_log_count__SMARCA4,0.0
driver_gene_role_matched_event_log_count__SMARCA4,0.0
driver_gene_functional_event_log_count__SMARCB1,0.0
driver_gene_role_matched_event_log_count__SMARCB1,0.0
driver_gene_functional_event_log_count__SMARCD1,0.0
driver_gene_role_matched_event_log_count__SMARCD1,0.0
driver_gene_functional_event_log_count__SMO,0.0
driver_gene_role_matched_event_log_count__SMO,0.0
driver_gene_functional_event_log_count__SOCS1,0.0
driver_gene_role_matched_event_log_count__SRSF2,0.0
driver_gene_functional_event_log_count__SOS1,0.0
driver_gene_role_matched_event_log_count__SOS1,0.0
driver_gene_functional_event_log_count__SOX17,0.0
driver_gene_role_matched_event_log_count__SOX17,0.0
driver_gene_functional_event_log_count__SOX9,0.0
driver_gene_role_matched_event_log_count__SOX9,0.0
driver_gene_functional_event_log_count__SPEN,0.0
driver_gene_role_matched_event_log_count__SPEN,0.0
driver_gene_functional_event_log_count__SPOP,0.0
driver_gene_role_matched_event_log_count__SPOP,0.0
driver_gene_functional_event_log_count__SPRED1,0.0
driver_gene_role_matched_event_log_count__SPRED1,0.0
driver_gene_functional_event_log_count__SRSF2,0.0
driver_gene_role_matched_event_log_count__SOCS1,0.0
driver_gene_role_matched_event_log_count__TSC1,0.0
driver_gene_functional_event_log_count__TSC2,0.0
driver_gene_role_matched_event_log_count__WWTR1,0.0
driver_gene_functional_event_log_count__TSHR,0.0
driver_gene_role_matched_event_log_count__TSHR,0.0
driver_gene_functional_event_log_count__U2AF1,0.0
driver_gene_role_matched_event_log_count__U2AF1,0.0
driver_gene_functional_event_log_count__UBR5,0.0
driver_gene_role_matched_event_log_count__UBR5,0.0
driver_gene_functional_event_log_count__USP6,0.0
driver_gene_role_matched_event_log_count__USP6,0.0
driver_gene_functional_event_log_count__USP8,0.0
driver_gene_role_matched_event_log_count__TCF7L2,0.0
driver_gene_functional_event_log_count__VHL,0.0
driver_gene_role_matched_event_log_count__VHL,0.0
driver_gene_functional_event_log_count__WT1,0.0
driver_gene_role_matched_event_log_count__WT1,0.0
driver_gene_functional_event_log_count__XPO1,0.0
driver_gene_role_matched_event_log_count__XPO1,0.0
driver_gene_functional_event_log_count__ZFHX3,0.0
driver_gene_role_matched_event_log_count__ZFHX3,0.0
driver_gene_functional_event_log_count__ZRSR2,0.0
driver_gene_role_matched_event_log_count__ZRSR2,0.0
cancer_hotspot_residue_log_count,0.0
cancer_hotspot_unique_gene_log_count,0.0
log10_dbs_burden,0.0
driver_gene_role_matched_event_log_count__USP8,0.0
driver_gene_functional_event_log_count__TCL1A,0.0
driver_gene_role_matched_event_log_count__TCL1A,0.0
driver_gene_functional_event_log_count__TENT5C,0.0
driver_gene_role_matched_event_log_count__TENT5C,0.0
driver_gene_functional_event_log_count__TERT,0.0
driver_gene_role_matched_event_log_count__TERT,0.0
driver_gene_functional_event_log_count__TET1,0.0
driver_gene_role_matched_event_log_count__TET1,0.0
driver_gene_functional_event_log_count__TET2,0.0
driver_gene_role_matched_event_log_count__TET2,0.0
driver_gene_functional_event_log_count__TGFBR1,0.0
driver_gene_role_matched_event_log_count__TGFBR1,0.0
driver_gene_functional_event_log_count__TSC1,0.0
driver_gene_role_matched_event_log_count__TGFBR2,0.0
driver_gene_functional_event_log_count__TMPRSS2,0.0
driver_gene_role_matched_event_log_count__TMPRSS2,0.0
driver_gene_functional_event_log_count__TNFAIP3,0.0
driver_gene_role_matched_event_log_count__TNFAIP3,0.0
driver_gene_functional_event_log_count__TNFRSF14,0.0
driver_gene_role_matched_event_log_count__TNFRSF14,0.0
driver_gene_functional_event_log_count__TOP1,0.0
driver_gene_role_matched_event_log_count__TOP1,0.0
driver_gene_functional_event_log_count__TP63,0.0
driver_gene_role_matched_event_log_count__TP63,0.0
driver_gene_functional_event_log_count__TRAF7,0.0
driver_gene_role_matched_event_log_count__TRAF7,0.0
driver_gene_functional_event_log_count__TGFBR2,0.0
driver_gene_functional_event_log_count__PTPN13,0.0
driver_gene_role_matched_event_log_count__PTPN13,0.0
driver_gene_functional_event_log_count__PTPRD,0.0
driver_gene_role_matched_event_log_count__PTPRD,0.0
driver_gene_functional_event_log_count__PTPRS,0.0
driver_gene_role_matched_event_log_count__PTPRS,0.0
driver_gene_functional_event_log_count__PTPRT,0.0
driver_gene_role_matched_event_log_count__PTPRT,0.0
driver_gene_functional_event_log_count__QKI,0.0
driver_gene_role_matched_event_log_count__QKI,0.0
driver_gene_functional_event_log_count__RAC1,0.0
driver_gene_role_matched_event_log_count__RAC1,0.0
driver_gene_functional_event_log_count__SMAD3,0.0
driver_gene_role_matched_event_log_count__RAD21,0.0
driver_gene_functional_event_log_count__RAD50,0.0
driver_gene_role_matched_event_log_count__RAD50,0.0
driver_gene_functional_event_log_count__RAD51C,0.0
driver_gene_role_matched_event_log_count__RAD51C,0.0
driver_gene_functional_event_log_count__RAD52,0.0
driver_gene_role_matched_event_log_count__RAD52,0.0
driver_gene_functional_event_log_count__RAF1,0.0
driver_gene_role_matched_event_log_count__RAF1,0.0
driver_gene_functional_event_log_count__RANBP2,0.0
driver_gene_role_matched_event_log_count__RANBP2,0.0
driver_gene_functional_event_log_count__RARA,0.0
driver_gene_role_matched_event_log_count__RARA,0.0
driver_gene_functional_event_log_count__RAD21,0.0
driver_gene_functional_event_log_count__POLE,0.0
driver_gene_role_matched_event_log_count__POLE,0.0
driver_gene_functional_event_log_count__POT1,0.0
driver_gene_role_matched_event_log_count__POT1,0.0
driver_gene_functional_event_log_count__PPM1D,0.0
driver_gene_role_matched_event_log_count__PPM1D,0.0
driver_gene_functional_event_log_count__PPP2R1A,0.0
driver_gene_role_matched_event_log_count__PPP2R1A,0.0
driver_gene_functional_event_log_count__PPP4R2,0.0
driver_gene_role_matched_event_log_count__PPP4R2,0.0
driver_gene_functional_event_log_count__PPP6C,0.0
driver_gene_role_matched_event_log_count__PPP6C,0.0
driver_gene_role_matched_event_log_count__PTPN11,0.0
driver_gene_role_matched_event_log_count__PRDM1,0.0
driver_gene_functional_event_log_count__PRDM14,0.0
driver_gene_role_matched_event_log_count__PRDM14,0.0
driver_gene_functional_event_log_count__PREX2,0.0
driver_gene_role_matched_event_log_count__PREX2,0.0
driver_gene_functional_event_log_count__PRKAR1A,0.0
driver_gene_role_matched_event_log_count__PRKAR1A,0.0
driver_gene_functional_event_log_count__PRKCI,0.0
driver_gene_role_matched_event_log_count__PRKCI,0.0
driver_gene_functional_event_log_count__PTCH1,0.0
driver_gene_role_matched_event_log_count__PTCH1,0.0
driver_gene_role_matched_event_log_count__PTEN,0.0
driver_gene_functional_event_log_count__PTPN11,0.0
driver_gene_functional_event_log_count__PRDM1,0.0
driver_gene_functional_event_log_count__RRAS2,0.0
driver_gene_role_matched_event_log_count__RRAS2,0.0
driver_gene_functional_event_log_count__RSPO2,0.0
driver_gene_role_matched_event_log_count__RSPO2,0.0
driver_gene_functional_event_log_count__RUNX1,0.0
driver_gene_role_matched_event_log_count__RUNX1,0.0
driver_gene_functional_event_log_count__RUNX1T1,0.0
driver_gene_role_matched_event_log_count__RUNX1T1,0.0
driver_gene_functional_event_log_count__RXRA,0.0
driver_gene_role_matched_event_log_count__RXRA,0.0
driver_gene_functional_event_log_count__SDHA,0.0
driver_gene_role_matched_event_log_count__SDHA,0.0
driver_gene_functional_event_log_count__RB1,0.0
driver_gene_role_matched_event_log_count__SDHAF2,0.0
driver_gene_functional_event_log_count__SESN2,0.0
driver_gene_role_matched_event_log_count__SESN2,0.0
driver_gene_functional_event_log_count__SETBP1,0.0
driver_gene_role_matched_event_log_count__SETBP1,0.0
driver_gene_functional_event_log_count__SETD2,0.0
driver_gene_role_matched_event_log_count__SETD2,0.0
driver_gene_functional_event_log_count__SF3B1,0.0
driver_gene_role_matched_event_log_count__SF3B1,0.0
driver_gene_functional_event_log_count__SH2B3,0.0
driver_gene_role_matched_event_log_count__SH2B3,0.0
driver_gene_functional_event_log_count__SMAD2,0.0
driver_gene_role_matched_event_log_count__SMAD2,0.0
driver_gene_functional_event_log_count__SDHAF2,0.0
driver_gene_role_matched_event_log_count__RB1,0.0
driver_gene_functional_event_log_count__RBM10,0.0
driver_gene_role_matched_event_log_count__RBM10,0.0
driver_gene_functional_event_log_count__RBM15,0.0
driver_gene_role_matched_event_log_count__RBM15,0.0
driver_gene_functional_event_log_count__RECQL4,0.0
driver_gene_role_matched_event_log_count__RECQL4,0.0
driver_gene_functional_event_log_count__RET,0.0
driver_gene_role_matched_event_log_count__RET,0.0
driver_gene_functional_event_log_count__RHEB,0.0
driver_gene_role_matched_event_log_count__RHEB,0.0
driver_gene_functional_event_log_count__RHOA,0.0
driver_gene_role_matched_event_log_count__RPTOR,0.0
driver_gene_functional_event_log_count__RICTOR,0.0
driver_gene_role_matched_event_log_count__RICTOR,0.0
driver_gene_functional_event_log_count__RIT1,0.0
driver_gene_role_matched_event_log_count__RIT1,0.0
driver_gene_functional_event_log_count__RNF43,0.0
driver_gene_role_matched_event_log_count__RNF43,0.0
driver_gene_functional_event_log_count__ROS1,0.0
driver_gene_role_matched_event_log_count__ROS1,0.0
driver_gene_functional_event_log_count__RPL5,0.0
driver_gene_role_matched_event_log_count__RPL5,0.0
driver_gene_functional_event_log_count__RPS6KA4,0.0
driver_gene_role_matched_event_log_count__RPS6KA4,0.0
driver_gene_functional_event_log_count__RPTOR,0.0
driver_gene_role_matched_event_log_count__RHOA,0.0
driver_gene_role_matched_event_log_count__BCL2L11,0.0
driver_gene_functional_event_log_count__BCL6,0.0
driver_gene_role_matched_event_log_count__BCL6,0.0
driver_gene_functional_event_log_count__BCL7A,0.0
driver_gene_role_matched_event_log_count__BCL7A,0.0
driver_gene_functional_event_log_count__BCL9,0.0
driver_gene_role_matched_event_log_count__BCL9,0.0
driver_gene_functional_event_log_count__BCL9L,0.0
driver_gene_role_matched_event_log_count__BCL9L,0.0
driver_gene_functional_event_log_count__BCOR,0.0
driver_gene_role_matched_event_log_count__BCOR,0.0
driver_gene_functional_event_log_count__BCORL1,0.0
dbs_fraction,0.0
driver_gene_functional_event_log_count__BCR,0.0
driver_gene_role_matched_event_log_count__BCR,0.0
driver_gene_functional_event_log_count__BIRC3,0.0
driver_gene_role_matched_event_log_count__BIRC3,0.0
driver_gene_functional_event_log_count__BMPR1A,0.0
driver_gene_role_matched_event_log_count__BMPR1A,0.0
driver_gene_functional_event_log_count__BRAF,0.0
driver_gene_role_matched_event_log_count__BRAF,0.0
driver_gene_functional_event_log_count__BRCA1,0.0
driver_gene_role_matched_event_log_count__BRCA1,0.0
driver_gene_functional_event_log_count__BRCA2,0.0
driver_gene_role_matched_event_log_count__BRCA2,0.0
driver_gene_functional_event_log_count__BRD4,0.0
driver_gene_role_matched_event_log_count__BCORL1,0.0
driver_gene_functional_event_log_count__ASXL2,0.0
driver_gene_role_matched_event_log_count__ASXL2,0.0
driver_gene_functional_event_log_count__ATM,0.0
driver_gene_role_matched_event_log_count__ATM,0.0
driver_gene_functional_event_log_count__ATP1A1,0.0
driver_gene_role_matched_event_log_count__ATP1A1,0.0
driver_gene_functional_event_log_count__ATR,0.0
driver_gene_role_matched_event_log_count__ATR,0.0
driver_gene_functional_event_log_count__ATRX,0.0
driver_gene_role_matched_event_log_count__ATRX,0.0
driver_gene_functional_event_log_count__AXIN1,0.0
driver_gene_role_matched_event_log_count__AXIN1,0.0
driver_gene_functional_event_log_count__BCL2L11,0.0
driver_gene_role_matched_event_log_count__AXL,0.0
driver_gene_functional_event_log_count__B2M,0.0
driver_gene_role_matched_event_log_count__B2M,0.0
driver_gene_functional_event_log_count__BAP1,0.0
driver_gene_role_matched_event_log_count__BAP1,0.0
driver_gene_functional_event_log_count__BARD1,0.0
driver_gene_role_matched_event_log_count__BARD1,0.0
driver_gene_functional_event_log_count__BCL10,0.0
driver_gene_role_matched_event_log_count__BCL10,0.0
driver_gene_functional_event_log_count__BCL11B,0.0
driver_gene_role_matched_event_log_count__BCL11B,0.0
driver_gene_functional_event_log_count__BCL2,0.0
driver_gene_role_matched_event_log_count__BCL2,0.0
driver_gene_functional_event_log_count__AXL,0.0
driver_gene_role_matched_event_log_count__CD274,0.0
driver_gene_functional_event_log_count__CD79B,0.0
driver_gene_role_matched_event_log_count__CD79B,0.0
driver_gene_functional_event_log_count__CDC73,0.0
driver_gene_role_matched_event_log_count__CDC73,0.0
driver_gene_functional_event_log_count__CDH1,0.0
driver_gene_role_matched_event_log_count__CDH1,0.0
driver_gene_functional_event_log_count__CDH11,0.0
driver_gene_role_matched_event_log_count__CDH11,0.0
driver_gene_functional_event_log_count__CDK12,0.0
driver_gene_role_matched_event_log_count__CDK12,0.0
driver_gene_functional_event_log_count__CDK4,0.0
driver_gene_role_matched_event_log_count__BRD4,0.0
driver_gene_functional_event_log_count__CDK6,0.0
driver_gene_role_matched_event_log_count__CDK6,0.0
driver_gene_functional_event_log_count__CDKN1A,0.0
driver_gene_role_matched_event_log_count__CDKN1A,0.0
driver_gene_functional_event_log_count__CDKN1B,0.0
driver_gene_role_matched_event_log_count__CDKN1B,0.0
driver_gene_functional_event_log_count__CDKN2A,0.0
driver_gene_role_matched_event_log_count__CDKN2A,0.0
driver_gene_functional_event_log_count__CDKN2C,0.0
driver_gene_role_matched_event_log_count__CDKN2C,0.0
driver_gene_functional_event_log_count__CEBPA,0.0
driver_gene_role_matched_event_log_count__CEBPA,0.0
driver_gene_functional_event_log_count__CHD4,0.0
driver_gene_role_matched_event_log_count__CDK4,0.0
driver_gene_functional_event_log_count__BTG1,0.0
driver_gene_role_matched_event_log_count__BTG1,0.0
driver_gene_functional_event_log_count__BTK,0.0
driver_gene_role_matched_event_log_count__BTK,0.0
driver_gene_functional_event_log_count__CACNA1D,0.0
driver_gene_role_matched_event_log_count__CACNA1D,0.0
driver_gene_functional_event_log_count__CAMTA1,0.0
driver_gene_role_matched_event_log_count__CAMTA1,0.0
driver_gene_functional_event_log_count__CANT1,0.0
driver_gene_role_matched_event_log_count__CANT1,0.0
driver_gene_functional_event_log_count__CARD11,0.0
driver_gene_role_matched_event_log_count__CARD11,0.0
driver_gene_functional_event_log_count__CD274,0.0
driver_gene_role_matched_event_log_count__CASP8,0.0
driver_gene_functional_event_log_count__CBFB,0.0
driver_gene_role_matched_event_log_count__CBFB,0.0
driver_gene_functional_event_log_count__CBL,0.0
driver_gene_role_matched_event_log_count__CBL,0.0
driver_gene_functional_event_log_count__CBLB,0.0
driver_gene_role_matched_event_log_count__CBLB,0.0
driver_gene_functional_event_log_count__CCND1,0.0
driver_gene_role_matched_event_log_count__CCND1,0.0
driver_gene_functional_event_log_count__CCND2,0.0
driver_gene_role_matched_event_log_count__CCND2,0.0
driver_gene_functional_event_log_count__CCND3,0.0
driver_gene_role_matched_event_log_count__CCND3,0.0
driver_gene_functional_event_log_count__CASP8,0.0
vep_consequence_fraction__mature_mirna_variant,0.0
vep_consequence_count__incomplete_terminal_codon_variant,0.0
vep_consequence_fraction__incomplete_terminal_codon_variant,0.0
vep_consequence_count__other,0.0
vep_consequence_fraction__other,0.0
vep_consequence_count__unknown,0.0
vep_consequence_fraction__unknown,0.0
vep_canonical_fraction__yes,0.0
vep_canonical_count__no,0.0
vep_canonical_fraction__no,0.0
vep_canonical_count__unknown,0.0
vep_canonical_fraction__unknown,0.0
driver_gene_role_matched_event_log_count__ASXL1,0.0
vep_biotype_fraction__lncrna,0.0
vep_biotype_count__nmd,0.0
vep_biotype_fraction__nmd,0.0
vep_biotype_count__retained_intron,0.0
vep_biotype_fraction__retained_intron,0.0
vep_biotype_fraction__processed_transcript,0.0
vep_biotype_fraction__other,0.0
vep_biotype_count__unknown,0.0
vep_biotype_fraction__unknown,0.0
vep_sift_fraction__deleterious_low_confidence,0.0
vep_sift_count__tolerated,0.0
vep_sift_count__tolerated_low_confidence,0.0
vep_polyphen_count__possibly_damaging,0.0
vep_biotype_count__lncrna,0.0
driver_gene_role_matched_event_log_count__TSC2,0.0
vep_impact_count__high,0.0
vep_impact_fraction__low,0.0
vep_impact_count__modifier,0.0
vep_impact_count__unknown,0.0
vep_impact_fraction__unknown,0.0
vep_consequence_count__missense_variant,0.0
vep_consequence_count__frameshift_variant,0.0
driver_gene_functional_event_log_count__WWTR1,0.0
vep_consequence_count__splice_donor_variant,0.0
vep_consequence_count__inframe_insertion,0.0
vep_consequence_fraction__inframe_insertion,0.0
vep_consequence_count__mature_mirna_variant,0.0
vep_consequence_fraction__start_lost,0.0
vep_consequence_fraction__stop_lost,0.0
vep_consequence_count__stop_retained_variant,0.0
vep_consequence_count__protein_altering_variant,0.0
vep_consequence_fraction__protein_altering_variant,0.0
vep_consequence_count__coding_sequence_variant,0.0
vep_consequence_fraction__coding_sequence_variant,0.0
vep_consequence_count__transcript_ablation,0.0
vep_consequence_fraction__transcript_ablation,0.0
vep_consequence_count__intron_variant,0.0
vep_consequence_count__upstream_gene_variant,0.0
vep_consequence_count__non_coding_transcript_variant,0.0
vep_consequence_fraction__non_coding_transcript_variant,0.0
vep_consequence_count__start_lost,0.0
driver_gene_role_matched_event_log_count__AKT1,0.0
driver_gene_functional_event_log_count__AKT2,0.0
driver_gene_role_matched_event_log_count__AKT2,0.0
driver_gene_functional_event_log_count__AKT3,0.0
driver_gene_role_matched_event_log_count__AKT3,0.0
driver_gene_functional_event_log_count__ALK,0.0
driver_gene_role_matched_event_log_count__ALK,0.0
driver_gene_functional_event_log_count__AMER1,0.0
driver_gene_role_matched_event_log_count__AMER1,0.0
driver_gene_functional_event_log_count__ANKRD11,0.0
driver_gene_role_matched_event_log_count__ANKRD11,0.0
driver_gene_functional_event_log_count__AR,0.0
oncokb_role_vep_high_impact_log_count__oncogene,0.0
driver_gene_functional_event_log_count__ARAF,0.0
driver_gene_role_matched_event_log_count__ARAF,0.0
driver_gene_functional_event_log_count__ARHGAP35,0.0
driver_gene_role_matched_event_log_count__ARHGAP35,0.0
driver_gene_functional_event_log_count__ARHGEF12,0.0
driver_gene_role_matched_event_log_count__ARHGEF12,0.0
driver_gene_functional_event_log_count__ARID1A,0.0
driver_gene_role_matched_event_log_count__ARID1A,0.0
driver_gene_functional_event_log_count__ARID1B,0.0
driver_gene_role_matched_event_log_count__ARID1B,0.0
driver_gene_functional_event_log_count__ARID2,0.0
driver_gene_role_matched_event_log_count__ARID2,0.0
driver_gene_functional_event_log_count__ASXL1,0.0
driver_gene_role_matched_event_log_count__AR,0.0
oncokb_role_vep_high_or_moderate_impact_log_count__oncogene_and_tumor_suppressor,0.0
oncokb_role_vep_high_impact_log_count__oncogene_and_tumor_suppressor,0.0
oncokb_role_unique_high_or_moderate_impact_genes_log_count__oncogene_and_tumor_suppressor,0.0
residual_non_oncokb_positive_role_vep_high_impact_log_count,0.0
driver_evidence_high_impact_log_count__source_count_1,0.0
driver_evidence_unique_high_or_moderate_genes_log_count__source_count_1,0.0
driver_evidence_high_or_moderate_impact_log_count__source_count_2,0.0
driver_evidence_high_impact_log_count__source_count_2,0.0
driver_evidence_high_impact_log_count__source_count_3,0.0
driver_evidence_unique_high_or_moderate_genes_log_count__source_count_3,0.0
driver_evidence_high_impact_log_count__source_count_4,0.0
driver_gene_functional_event_log_count__ABL1,0.0
driver_gene_role_matched_event_log_count__ABL1,0.0
driver_gene_functional_event_log_count__AKT1,0.0
driver_gene_role_matched_event_log_count__ABL2,0.0
driver_gene_functional_event_log_count__ACKR3,0.0
driver_gene_role_matched_event_log_count__ACKR3,0.0
driver_gene_functional_event_log_count__ACVR1,0.0
driver_gene_role_matched_event_log_count__ACVR1,0.0
driver_gene_functional_event_log_count__ACVR1B,0.0
driver_gene_role_matched_event_log_count__ACVR1B,0.0
driver_gene_functional_event_log_count__ACVR2A,0.0
driver_gene_role_matched_event_log_count__ACVR2A,0.0
driver_gene_functional_event_log_count__AFDN,0.0
driver_gene_role_matched_event_log_count__AFDN,0.0
driver_gene_functional_event_log_count__AFF4,0.0
driver_gene_role_matched_event_log_count__AFF4,0.0
driver_gene_functional_event_log_count__ABL2,0.0
driver_gene_role_matched_event_log_count__FH,0.0
driver_gene_functional_event_log_count__FHIT,0.0
driver_gene_role_matched_event_log_count__FHIT,0.0
driver_gene_functional_event_log_count__FLCN,0.0
driver_gene_role_matched_event_log_count__FLCN,0.0
driver_gene_functional_event_log_count__FLT3,0.0
driver_gene_role_matched_event_log_count__FLT3,0.0
driver_gene_functional_event_log_count__FLT4,0.0
driver_gene_role_matched_event_log_count__FLT4,0.0
driver_gene_functional_event_log_count__FOXA1,0.0
driver_gene_role_matched_event_log_count__FOXA1,0.0
driver_gene_functional_event_log_count__FOXL2,0.0
driver_gene_role_matched_event_log_count__CHD4,0.0
driver_gene_functional_event_log_count__FOXO1,0.0
driver_gene_role_matched_event_log_count__FOXO1,0.0
driver_gene_functional_event_log_count__FOXO3,0.0
driver_gene_role_matched_event_log_count__FOXO3,0.0
driver_gene_functional_event_log_count__FOXP1,0.0
driver_gene_role_matched_event_log_count__FOXP1,0.0
driver_gene_functional_event_log_count__FUBP1,0.0
driver_gene_role_matched_event_log_count__FUBP1,0.0
driver_gene_functional_event_log_count__FUS,0.0
driver_gene_role_matched_event_log_count__FUS,0.0
driver_gene_functional_event_log_count__GATA1,0.0
driver_gene_role_matched_event_log_count__GATA1,0.0
driver_gene_functional_event_log_count__GATA2,0.0
driver_gene_role_matched_event_log_count__FOXL2,0.0
driver_gene_functional_event_log_count__ETV6,0.0
driver_gene_role_matched_event_log_count__ETV6,0.0
driver_gene_functional_event_log_count__EWSR1,0.0
driver_gene_role_matched_event_log_count__EWSR1,0.0
driver_gene_functional_event_log_count__EZH2,0.0
driver_gene_role_matched_event_log_count__EZH2,0.0
driver_gene_functional_event_log_count__FANCA,0.0
driver_gene_role_matched_event_log_count__FANCA,0.0
driver_gene_functional_event_log_count__FAS,0.0
driver_gene_role_matched_event_log_count__FAS,0.0
driver_gene_functional_event_log_count__FAT1,0.0
driver_gene_role_matched_event_log_count__FAT1,0.0
driver_gene_functional_event_log_count__FH,0.0
driver_gene_role_matched_event_log_count__FBXO11,0.0
driver_gene_functional_event_log_count__FBXW7,0.0
driver_gene_role_matched_event_log_count__FBXW7,0.0
driver_gene_functional_event_log_count__FCGR2B,0.0
driver_gene_role_matched_event_log_count__FCGR2B,0.0
driver_gene_functional_event_log_count__FGFR1,0.0
driver_gene_role_matched_event_log_count__FGFR1,0.0
driver_gene_functional_event_log_count__FGFR2,0.0
driver_gene_role_matched_event_log_count__FGFR2,0.0
driver_gene_functional_event_log_count__FGFR3,0.0
driver_gene_role_matched_event_log_count__FGFR3,0.0
driver_gene_functional_event_log_count__FGFR4,0.0
driver_gene_role_matched_event_log_count__FGFR4,0.0
driver_gene_functional_event_log_count__FBXO11,0.0
driver_gene_functional_event_log_count__HIP1,0.0
driver_gene_role_matched_event_log_count__HIP1,0.0
driver_gene_functional_event_log_count__HLA_A,0.0
driver_gene_role_matched_event_log_count__HLA_A,0.0
driver_gene_functional_event_log_count__HLA_B,0.0
driver_gene_role_matched_event_log_count__HLA_B,0.0
driver_gene_functional_event_log_count__HNF1A,0.0
driver_gene_role_matched_event_log_count__HNF1A,0.0
driver_gene_functional_event_log_count__HRAS,0.0
driver_gene_role_matched_event_log_count__HRAS,0.0
driver_gene_functional_event_log_count__HSP90AA1,0.0
driver_gene_role_matched_event_log_count__HSP90AA1,0.0
driver_gene_role_matched_event_log_count__GATA2,0.0
driver_gene_role_matched_event_log_count__IDH2,0.0
driver_gene_functional_event_log_count__IGF1R,0.0
driver_gene_role_matched_event_log_count__IGF1R,0.0
driver_gene_functional_event_log_count__IKZF1,0.0
driver_gene_role_matched_event_log_count__IKZF1,0.0
driver_gene_functional_event_log_count__IKZF3,0.0
driver_gene_role_matched_event_log_count__IKZF3,0.0
driver_gene_functional_event_log_count__IL6ST,0.0
driver_gene_role_matched_event_log_count__IL6ST,0.0
driver_gene_functional_event_log_count__IL7R,0.0
driver_gene_role_matched_event_log_count__IL7R,0.0
driver_gene_functional_event_log_count__INPPL1,0.0
driver_gene_role_matched_event_log_count__INPPL1,0.0
driver_gene_functional_event_log_count__IDH2,0.0
driver_gene_functional_event_log_count__GATA3,0.0
driver_gene_role_matched_event_log_count__GATA3,0.0
driver_gene_functional_event_log_count__GLI1,0.0
driver_gene_role_matched_event_log_count__GLI1,0.0
driver_gene_functional_event_log_count__GNA11,0.0
driver_gene_role_matched_event_log_count__GNA11,0.0
driver_gene_functional_event_log_count__GNAQ,0.0
driver_gene_role_matched_event_log_count__GNAQ,0.0
driver_gene_functional_event_log_count__GNAS,0.0
driver_gene_role_matched_event_log_count__GNAS,0.0
driver_gene_functional_event_log_count__GPS2,0.0
driver_gene_role_matched_event_log_count__GPS2,0.0
driver_gene_functional_event_log_count__GRIN2A,0.0
driver_gene_role_matched_event_log_count__HIF1A,0.0
driver_gene_functional_event_log_count__GSK3B,0.0
driver_gene_role_matched_event_log_count__GSK3B,0.0
driver_gene_functional_event_log_count__GTF2I,0.0
driver_gene_role_matched_event_log_count__GTF2I,0.0
driver_gene_functional_event_log_count__H3C2,0.0
driver_gene_role_matched_event_log_count__H3C2,0.0
driver_gene_functional_event_log_count__H3_3A,0.0
driver_gene_role_matched_event_log_count__H3_3A,0.0
driver_gene_functional_event_log_count__H4C9,0.0
driver_gene_role_matched_event_log_count__H4C9,0.0
driver_gene_functional_event_log_count__HGF,0.0
driver_gene_role_matched_event_log_count__HGF,0.0
driver_gene_functional_event_log_count__HIF1A,0.0
driver_gene_role_matched_event_log_count__GRIN2A,0.0
driver_gene_functional_event_log_count__CTLA4,0.0
driver_gene_role_matched_event_log_count__CTLA4,0.0
driver_gene_functional_event_log_count__CTNNB1,0.0
driver_gene_role_matched_event_log_count__CTNNB1,0.0
driver_gene_functional_event_log_count__CUL3,0.0
driver_gene_role_matched_event_log_count__CUL3,0.0
driver_gene_functional_event_log_count__CUX1,0.0
driver_gene_role_matched_event_log_count__CUX1,0.0
driver_gene_functional_event_log_count__CXCR4,0.0
driver_gene_role_matched_event_log_count__CXCR4,0.0
driver_gene_functional_event_log_count__CYLD,0.0
driver_gene_role_matched_event_log_count__CYLD,0.0
driver_gene_role_matched_event_log_count__ETV5,0.0
driver_gene_role_matched_event_log_count__CYSLTR2,0.0
driver_gene_functional_event_log_count__DAXX,0.0
driver_gene_role_matched_event_log_count__DAXX,0.0
driver_gene_functional_event_log_count__DDB2,0.0
driver_gene_role_matched_event_log_count__DDB2,0.0
driver_gene_functional_event_log_count__DDR2,0.0
driver_gene_role_matched_event_log_count__DDR2,0.0
driver_gene_functional_event_log_count__DDX3X,0.0
driver_gene_role_matched_event_log_count__DDX3X,0.0
driver_gene_functional_event_log_count__DICER1,0.0
driver_gene_role_matched_event_log_count__DICER1,0.0
driver_gene_functional_event_log_count__DIS3,0.0
driver_gene_role_matched_event_log_count__DIS3,0.0
driver_gene_functional_event_log_count__CYSLTR2,0.0
driver_gene_functional_event_log_count__CHEK2,0.0
driver_gene_role_matched_event_log_count__CHEK2,0.0
driver_gene_functional_event_log_count__CIC,0.0
driver_gene_role_matched_event_log_count__CIC,0.0
driver_gene_functional_event_log_count__CIITA,0.0
driver_gene_role_matched_event_log_count__CIITA,0.0
driver_gene_functional_event_log_count__CLIP1,0.0
driver_gene_role_matched_event_log_count__CLIP1,0.0
driver_gene_functional_event_log_count__CLTCL1,0.0
driver_gene_role_matched_event_log_count__CLTCL1,0.0
driver_gene_functional_event_log_count__CNTRL,0.0
driver_gene_role_matched_event_log_count__CNTRL,0.0
driver_gene_role_matched_event_log_count__CTCF,0.0
driver_gene_role_matched_event_log_count__COL1A1,0.0
driver_gene_functional_event_log_count__COL2A1,0.0
driver_gene_role_matched_event_log_count__COL2A1,0.0
driver_gene_role_matched_event_log_count__CREBBP,0.0
driver_gene_functional_event_log_count__CRLF2,0.0
driver_gene_role_matched_event_log_count__CRLF2,0.0
driver_gene_functional_event_log_count__CRTC1,0.0
driver_gene_role_matched_event_log_count__CRTC1,0.0
driver_gene_functional_event_log_count__CSF1R,0.0
driver_gene_role_matched_event_log_count__CSF1R,0.0
driver_gene_functional_event_log_count__CSF3R,0.0
driver_gene_role_matched_event_log_count__CSF3R,0.0
driver_gene_functional_event_log_count__CTCF,0.0
driver_gene_functional_event_log_count__COL1A1,0.0
driver_gene_role_matched_event_log_count__EPHA3,0.0
driver_gene_functional_event_log_count__EPHA7,0.0
driver_gene_role_matched_event_log_count__EPHA7,0.0
driver_gene_functional_event_log_count__EPHB1,0.0
driver_gene_role_matched_event_log_count__EPHB1,0.0
driver_gene_functional_event_log_count__ERBB2,0.0
driver_gene_role_matched_event_log_count__ERBB2,0.0
driver_gene_functional_event_log_count__ERBB3,0.0
driver_gene_role_matched_event_log_count__ERBB3,0.0
driver_gene_functional_event_log_count__ERBB4,0.0
driver_gene_role_matched_event_log_count__ERBB4,0.0
driver_gene_functional_event_log_count__ERCC2,0.0
driver_gene_functional_event_log_count__DNAJB1,0.0
driver_gene_functional_event_log_count__ERCC3,0.0
driver_gene_role_matched_event_log_count__ERCC3,0.0
driver_gene_functional_event_log_count__ERG,0.0
driver_gene_role_matched_event_log_count__ERG,0.0
driver_gene_functional_event_log_count__ERRFI1,0.0
driver_gene_role_matched_event_log_count__ERRFI1,0.0
driver_gene_functional_event_log_count__ESR1,0.0
driver_gene_role_matched_event_log_count__ESR1,0.0
driver_gene_functional_event_log_count__ETV1,0.0
driver_gene_role_matched_event_log_count__ETV1,0.0
driver_gene_functional_event_log_count__ETV4,0.0
driver_gene_role_matched_event_log_count__ETV4,0.0
driver_gene_functional_event_log_count__ETV5,0.0
driver_gene_role_matched_event_log_count__ERCC2,0.0
driver_gene_role_matched_event_log_count__DNAJB1,0.0
driver_gene_functional_event_log_count__DNMT1,0.0
driver_gene_role_matched_event_log_count__DNMT1,0.0
driver_gene_functional_event_log_count__DNMT3A,0.0
driver_gene_role_matched_event_log_count__DNMT3A,0.0
driver_gene_functional_event_log_count__DNMT3B,0.0
driver_gene_role_matched_event_log_count__DNMT3B,0.0
driver_gene_functional_event_log_count__DROSHA,0.0
driver_gene_role_matched_event_log_count__DROSHA,0.0
driver_gene_functional_event_log_count__EBF1,0.0
driver_gene_role_matched_event_log_count__EBF1,0.0
driver_gene_functional_event_log_count__EIF1AX,0.0
driver_gene_role_matched_event_log_count__EIF1AX,0.0
driver_gene_functional_event_log_count__EPHA3,0.0
driver_gene_role_matched_event_log_count__EIF3E,0.0
driver_gene_functional_event_log_count__EIF4A2,0.0
driver_gene_role_matched_event_log_count__EIF4A2,0.0
driver_gene_functional_event_log_count__ELF4,0.0
driver_gene_role_matched_event_log_count__ELF4,0.0
driver_gene_functional_event_log_count__ELK4,0.0
driver_gene_role_matched_event_log_count__ELK4,0.0
driver_gene_functional_event_log_count__ELL,0.0
driver_gene_role_matched_event_log_count__ELL,0.0
driver_gene_functional_event_log_count__EP300,0.0
driver_gene_role_matched_event_log_count__EP300,0.0
driver_gene_functional_event_log_count__EPAS1,0.0
driver_gene_role_matched_event_log_count__EPAS1,0.0
driver_gene_functional_event_log_count__EIF3E,0.0
