benchmark,endpoint,task,representation,learner,metric,score,auroc,macro_auroc,micro_auroc,c_index,auprc,balanced_accuracy,accuracy,macro_f1,cohen_kappa,top3_accuracy,top5_accuracy,mae,r2,n_samples,n_classes,n_features,n_folds,folds,repeats,oof_aggregate,primary_metric_scope,split_strategy,tuning,linear_solver,xgb_tree_method,experiment_id,model_family,cache_key,oof_prediction_file,fold_metrics_file,optuna_trials_completed,run_id,status,atlas_status_note,runtime_seconds,selected_feature_count_min,selected_feature_count_median,selected_feature_count_max,selected_feature_sets,candidate_feature_set_count,candidate_feature_sets,feature_selection
mc3_main,HRD_Score,regression,burden_only,linear,spearman,0.4972882379978098,,,,,,,,,,,,14.25349857663978,0.1666329824469876,772,85,3,5,5,1,True,pooled_global_oof,5 outer KFold; inner validation split,outer_train_inner_validation_randomized_search,elastic_net_coordinate_descent_nested_v1,,main_manuscript_complete_panel,elastic_net,main_complete_panel_mc3_standard_features_8cb3c8c73eb9a71f2bf3c228,main_manuscript_complete_panel_oof_predictions.csv,main_manuscript_complete_panel_fold_metrics.csv,0,20260815T164541Z,measured,MC3 cached burden-only matrix,1.21,,,,,,,
mc3_main,HRD_Score,regression,burden_only,xgboost,spearman,0.5997475549807492,,,,,,,,,,,,12.152472683185122,0.4067559597497241,772,85,3,5,5,1,True,pooled_global_oof,5 outer KFold; inner validation split,outer_train_inner_validation_randomized_search,,gpu_hist,main_manuscript_complete_panel,XGBoost,main_complete_panel_mc3_standard_features_8cb3c8c73eb9a71f2bf3c228,main_manuscript_complete_panel_oof_predictions.csv,main_manuscript_complete_panel_fold_metrics.csv,0,20260815T164541Z,measured,MC3 cached burden-only matrix,1.667,,,,,,,
mc3_main,HRD_Score,regression,standard_sbs96_id83,linear,spearman,0.4305867692307522,,,,,,,,,,,,14.903998723488064,-1.4582932274465388,772,85,182,5,5,1,True,pooled_global_oof,5 outer KFold; inner validation split,outer_train_inner_validation_randomized_search,elastic_net_coordinate_descent_nested_v1,,main_manuscript_complete_panel,elastic_net,main_complete_panel_mc3_standard_features_8cb3c8c73eb9a71f2bf3c228,main_manuscript_complete_panel_oof_predictions.csv,main_manuscript_complete_panel_fold_metrics.csv,0,20260815T164541Z,measured,MC3 cached SBS96+ID83 signature matrix,1.889,,,,,,,
mc3_main,HRD_Score,regression,standard_sbs96_id83,xgboost,spearman,0.69267507861819,,,,,,,,,,,,9.971991759507768,0.5974466071226234,772,85,182,5,5,1,True,pooled_global_oof,5 outer KFold; inner validation split,outer_train_inner_validation_randomized_search,,gpu_hist,main_manuscript_complete_panel,XGBoost,main_complete_panel_mc3_standard_features_8cb3c8c73eb9a71f2bf3c228,main_manuscript_complete_panel_oof_predictions.csv,main_manuscript_complete_panel_fold_metrics.csv,0,20260815T164541Z,measured,MC3 cached SBS96+ID83 signature matrix,10.211,,,,,,,
mc3_main,HRD_Score,regression,MAF_stack_only,linear,spearman,0.7144086094891684,,,,,,,,,,,,10.991346274190972,0.4883093764451305,772,85,948,5,5,1,True,pooled_global_oof,5 outer KFold; inner validation split,outer_train_inner_validation_randomized_search,elastic_net_coordinate_descent_nested_v1,,main_manuscript_complete_panel,elastic_net,main_complete_panel_mc3_maf_stack_bio_v4_nested_fs_15d698606a129584e3f82812,main_manuscript_complete_panel_oof_predictions.csv,main_manuscript_complete_panel_fold_metrics.csv,0,20260815T164541Z,measured,"MC3/HRD maf_stack_bio_v4_nested_fs; Bio MAF v4 with fixed external resources and nested inner-loop feature-block selection ({""v4_compact_biology_only"": 121, ""v4_compact_plus_driver_evidence_tiers"": 137, ""v4_compact_plus_exact_driver_genes"": 923, ""v4_compact_plus_hotspot_summary"": 125, ""v4_full_core"": 943, ""v4_full_core_plus_optional_controls"": 948})",120.513,923.0,943.0,948.0,v4_compact_plus_exact_driver_genes;v4_full_core;v4_full_core_plus_optional_controls,6.0,v4_compact_biology_only;v4_compact_plus_driver_evidence_tiers;v4_compact_plus_exact_driver_genes;v4_compact_plus_hotspot_summary;v4_full_core;v4_full_core_plus_optional_controls,inner_validation_selects_predeclared_bio_v4_feature_block_with_model_hyperparameters
mc3_main,HRD_Score,regression,MAF_stack_only,xgboost,spearman,0.7412851483809776,,,,,,,,,,,,9.956424092999391,0.5831607140663808,772,85,948,5,5,1,True,pooled_global_oof,5 outer KFold; inner validation split,outer_train_inner_validation_randomized_search,,,main_manuscript_complete_panel,XGBoost,main_complete_panel_mc3_maf_stack_bio_v4_nested_fs_15d698606a129584e3f82812,main_manuscript_complete_panel_oof_predictions.csv,main_manuscript_complete_panel_fold_metrics.csv,0,20260815T164541Z,measured,"MC3/HRD maf_stack_bio_v4_nested_fs; Bio MAF v4 with fixed external resources and nested inner-loop feature-block selection ({""v4_compact_biology_only"": 121, ""v4_compact_plus_driver_evidence_tiers"": 137, ""v4_compact_plus_exact_driver_genes"": 923, ""v4_compact_plus_hotspot_summary"": 125, ""v4_full_core"": 943, ""v4_full_core_plus_optional_controls"": 948})",82.771,923.0,948.0,948.0,v4_compact_plus_exact_driver_genes;v4_full_core_plus_optional_controls,6.0,v4_compact_biology_only;v4_compact_plus_driver_evidence_tiers;v4_compact_plus_exact_driver_genes;v4_compact_plus_hotspot_summary;v4_full_core;v4_full_core_plus_optional_controls,inner_validation_selects_predeclared_bio_v4_feature_block_with_model_hyperparameters
mc3_main,HRD_Score,regression,signatures_plus_MAF_stack,linear,spearman,0.7325062605793751,,,,,,,,,,,,10.466027930430968,0.568237610766599,772,85,1130,5,5,1,True,pooled_global_oof,5 outer KFold; inner validation split,outer_train_inner_validation_randomized_search,elastic_net_coordinate_descent_nested_v1,,main_manuscript_complete_panel,elastic_net,main_complete_panel_mc3_signatures_plus_maf_stack_bio_v4_nested_fs_ac11587791bbbd40db3991bb,main_manuscript_complete_panel_oof_predictions.csv,main_manuscript_complete_panel_fold_metrics.csv,0,20260815T164541Z,measured,"MC3/HRD signatures_plus_maf_stack_bio_v4_nested_fs; Bio MAF v4 with fixed external resources and nested inner-loop feature-block selection ({""signatures_only"": 182, ""signatures_plus_v4_compact_biology_only"": 303, ""signatures_plus_v4_compact_plus_driver_evidence_tiers"": 319, ""signatures_plus_v4_compact_plus_exact_driver_genes"": 1105, ""signatures_plus_v4_compact_plus_hotspot_summary"": 307, ""signatures_plus_v4_full_core"": 1125, ""signatures_plus_v4_full_core_plus_optional_controls"": 1130})",178.361,1105.0,1125.0,1130.0,signatures_plus_v4_compact_plus_exact_driver_genes;signatures_plus_v4_full_core;signatures_plus_v4_full_core_plus_optional_controls,7.0,signatures_only;signatures_plus_v4_compact_biology_only;signatures_plus_v4_compact_plus_driver_evidence_tiers;signatures_plus_v4_compact_plus_exact_driver_genes;signatures_plus_v4_compact_plus_hotspot_summary;signatures_plus_v4_full_core;signatures_plus_v4_full_core_plus_optional_controls,inner_validation_selects_predeclared_bio_v4_feature_block_with_model_hyperparameters
mc3_main,HRD_Score,regression,signatures_plus_MAF_stack,xgboost,spearman,0.7666447319392569,,,,,,,,,,,,9.191327254003191,0.6521774032390355,772,85,1130,5,5,1,True,pooled_global_oof,5 outer KFold; inner validation split,outer_train_inner_validation_randomized_search,,,main_manuscript_complete_panel,XGBoost,main_complete_panel_mc3_signatures_plus_maf_stack_bio_v4_nested_fs_ac11587791bbbd40db3991bb,main_manuscript_complete_panel_oof_predictions.csv,main_manuscript_complete_panel_fold_metrics.csv,0,20260815T164541Z,measured,"MC3/HRD signatures_plus_maf_stack_bio_v4_nested_fs; Bio MAF v4 with fixed external resources and nested inner-loop feature-block selection ({""signatures_only"": 182, ""signatures_plus_v4_compact_biology_only"": 303, ""signatures_plus_v4_compact_plus_driver_evidence_tiers"": 319, ""signatures_plus_v4_compact_plus_exact_driver_genes"": 1105, ""signatures_plus_v4_compact_plus_hotspot_summary"": 307, ""signatures_plus_v4_full_core"": 1125, ""signatures_plus_v4_full_core_plus_optional_controls"": 1130})",146.133,1105.0,1130.0,1130.0,signatures_plus_v4_compact_plus_exact_driver_genes;signatures_plus_v4_full_core;signatures_plus_v4_full_core_plus_optional_controls,7.0,signatures_only;signatures_plus_v4_compact_biology_only;signatures_plus_v4_compact_plus_driver_evidence_tiers;signatures_plus_v4_compact_plus_exact_driver_genes;signatures_plus_v4_compact_plus_hotspot_summary;signatures_plus_v4_full_core;signatures_plus_v4_full_core_plus_optional_controls,inner_validation_selects_predeclared_bio_v4_feature_block_with_model_hyperparameters
mc3_main,HRD_TAI,regression,burden_only,linear,spearman,0.5275119774429347,,,,,,,,,,,,5.277284530548123,0.2112728178650161,772,35,3,5,5,1,True,pooled_global_oof,5 outer KFold; inner validation split,outer_train_inner_validation_randomized_search,elastic_net_coordinate_descent_nested_v1,,main_manuscript_complete_panel,elastic_net,main_complete_panel_mc3_standard_features_8cb3c8c73eb9a71f2bf3c228,main_manuscript_complete_panel_oof_predictions.csv,main_manuscript_complete_panel_fold_metrics.csv,0,20260815T164541Z,measured,MC3 cached burden-only matrix,0.412,,,,,,,
mc3_main,HRD_TAI,regression,burden_only,xgboost,spearman,0.5957624232432392,,,,,,,,,,,,4.705556343256501,0.3776813748277497,772,35,3,5,5,1,True,pooled_global_oof,5 outer KFold; inner validation split,outer_train_inner_validation_randomized_search,,gpu_hist,main_manuscript_complete_panel,XGBoost,main_complete_panel_mc3_standard_features_8cb3c8c73eb9a71f2bf3c228,main_manuscript_complete_panel_oof_predictions.csv,main_manuscript_complete_panel_fold_metrics.csv,0,20260815T164541Z,measured,MC3 cached burden-only matrix,1.139,,,,,,,
mc3_main,HRD_TAI,regression,standard_sbs96_id83,linear,spearman,0.5103967674025632,,,,,,,,,,,,5.430350488559416,0.2237414666100787,772,35,182,5,5,1,True,pooled_global_oof,5 outer KFold; inner validation split,outer_train_inner_validation_randomized_search,elastic_net_coordinate_descent_nested_v1,,main_manuscript_complete_panel,elastic_net,main_complete_panel_mc3_standard_features_8cb3c8c73eb9a71f2bf3c228,main_manuscript_complete_panel_oof_predictions.csv,main_manuscript_complete_panel_fold_metrics.csv,0,20260815T164541Z,measured,MC3 cached SBS96+ID83 signature matrix,2.248,,,,,,,
mc3_main,HRD_TAI,regression,standard_sbs96_id83,xgboost,spearman,0.6736801104276919,,,,,,,,,,,,4.06089333456415,0.5165975424858225,772,35,182,5,5,1,True,pooled_global_oof,5 outer KFold; inner validation split,outer_train_inner_validation_randomized_search,,gpu_hist,main_manuscript_complete_panel,XGBoost,main_complete_panel_mc3_standard_features_8cb3c8c73eb9a71f2bf3c228,main_manuscript_complete_panel_oof_predictions.csv,main_manuscript_complete_panel_fold_metrics.csv,0,20260815T164541Z,measured,MC3 cached SBS96+ID83 signature matrix,9.111,,,,,,,
mc3_main,HRD_TAI,regression,MAF_stack_only,linear,spearman,0.7210177337489356,,,,,,,,,,,,4.305872297059397,0.4583670531653359,772,35,948,5,5,1,True,pooled_global_oof,5 outer KFold; inner validation split,outer_train_inner_validation_randomized_search,elastic_net_coordinate_descent_nested_v1,,main_manuscript_complete_panel,elastic_net,main_complete_panel_mc3_maf_stack_bio_v4_nested_fs_15d698606a129584e3f82812,main_manuscript_complete_panel_oof_predictions.csv,main_manuscript_complete_panel_fold_metrics.csv,0,20260815T164541Z,measured,"MC3/HRD maf_stack_bio_v4_nested_fs; Bio MAF v4 with fixed external resources and nested inner-loop feature-block selection ({""v4_compact_biology_only"": 121, ""v4_compact_plus_driver_evidence_tiers"": 137, ""v4_compact_plus_exact_driver_genes"": 923, ""v4_compact_plus_hotspot_summary"": 125, ""v4_full_core"": 943, ""v4_full_core_plus_optional_controls"": 948})",101.527,923.0,923.0,943.0,v4_compact_plus_exact_driver_genes;v4_full_core,6.0,v4_compact_biology_only;v4_compact_plus_driver_evidence_tiers;v4_compact_plus_exact_driver_genes;v4_compact_plus_hotspot_summary;v4_full_core;v4_full_core_plus_optional_controls,inner_validation_selects_predeclared_bio_v4_feature_block_with_model_hyperparameters
mc3_main,HRD_TAI,regression,MAF_stack_only,xgboost,spearman,0.7534768002381779,,,,,,,,,,,,3.7600758088067407,0.5752028237272699,772,35,948,5,5,1,True,pooled_global_oof,5 outer KFold; inner validation split,outer_train_inner_validation_randomized_search,,,main_manuscript_complete_panel,XGBoost,main_complete_panel_mc3_maf_stack_bio_v4_nested_fs_15d698606a129584e3f82812,main_manuscript_complete_panel_oof_predictions.csv,main_manuscript_complete_panel_fold_metrics.csv,0,20260815T164541Z,measured,"MC3/HRD maf_stack_bio_v4_nested_fs; Bio MAF v4 with fixed external resources and nested inner-loop feature-block selection ({""v4_compact_biology_only"": 121, ""v4_compact_plus_driver_evidence_tiers"": 137, ""v4_compact_plus_exact_driver_genes"": 923, ""v4_compact_plus_hotspot_summary"": 125, ""v4_full_core"": 943, ""v4_full_core_plus_optional_controls"": 948})",77.327,923.0,923.0,948.0,v4_compact_plus_exact_driver_genes;v4_full_core;v4_full_core_plus_optional_controls,6.0,v4_compact_biology_only;v4_compact_plus_driver_evidence_tiers;v4_compact_plus_exact_driver_genes;v4_compact_plus_hotspot_summary;v4_full_core;v4_full_core_plus_optional_controls,inner_validation_selects_predeclared_bio_v4_feature_block_with_model_hyperparameters
mc3_main,HRD_TAI,regression,signatures_plus_MAF_stack,linear,spearman,0.7403228396951721,,,,,,,,,,,,4.122283799419866,0.5289882110434112,772,35,1130,5,5,1,True,pooled_global_oof,5 outer KFold; inner validation split,outer_train_inner_validation_randomized_search,elastic_net_coordinate_descent_nested_v1,,main_manuscript_complete_panel,elastic_net,main_complete_panel_mc3_signatures_plus_maf_stack_bio_v4_nested_fs_ac11587791bbbd40db3991bb,main_manuscript_complete_panel_oof_predictions.csv,main_manuscript_complete_panel_fold_metrics.csv,0,20260815T164541Z,measured,"MC3/HRD signatures_plus_maf_stack_bio_v4_nested_fs; Bio MAF v4 with fixed external resources and nested inner-loop feature-block selection ({""signatures_only"": 182, ""signatures_plus_v4_compact_biology_only"": 303, ""signatures_plus_v4_compact_plus_driver_evidence_tiers"": 319, ""signatures_plus_v4_compact_plus_exact_driver_genes"": 1105, ""signatures_plus_v4_compact_plus_hotspot_summary"": 307, ""signatures_plus_v4_full_core"": 1125, ""signatures_plus_v4_full_core_plus_optional_controls"": 1130})",175.681,1105.0,1105.0,1130.0,signatures_plus_v4_compact_plus_exact_driver_genes;signatures_plus_v4_full_core_plus_optional_controls,7.0,signatures_only;signatures_plus_v4_compact_biology_only;signatures_plus_v4_compact_plus_driver_evidence_tiers;signatures_plus_v4_compact_plus_exact_driver_genes;signatures_plus_v4_compact_plus_hotspot_summary;signatures_plus_v4_full_core;signatures_plus_v4_full_core_plus_optional_controls,inner_validation_selects_predeclared_bio_v4_feature_block_with_model_hyperparameters
mc3_main,HRD_TAI,regression,signatures_plus_MAF_stack,xgboost,spearman,0.7724098205069754,,,,,,,,,,,,3.54565421364468,0.6318971639715809,772,35,1130,5,5,1,True,pooled_global_oof,5 outer KFold; inner validation split,outer_train_inner_validation_randomized_search,,,main_manuscript_complete_panel,XGBoost,main_complete_panel_mc3_signatures_plus_maf_stack_bio_v4_nested_fs_ac11587791bbbd40db3991bb,main_manuscript_complete_panel_oof_predictions.csv,main_manuscript_complete_panel_fold_metrics.csv,0,20260815T164541Z,measured,"MC3/HRD signatures_plus_maf_stack_bio_v4_nested_fs; Bio MAF v4 with fixed external resources and nested inner-loop feature-block selection ({""signatures_only"": 182, ""signatures_plus_v4_compact_biology_only"": 303, ""signatures_plus_v4_compact_plus_driver_evidence_tiers"": 319, ""signatures_plus_v4_compact_plus_exact_driver_genes"": 1105, ""signatures_plus_v4_compact_plus_hotspot_summary"": 307, ""signatures_plus_v4_full_core"": 1125, ""signatures_plus_v4_full_core_plus_optional_controls"": 1130})",162.147,1105.0,1105.0,1130.0,signatures_plus_v4_compact_plus_exact_driver_genes;signatures_plus_v4_full_core;signatures_plus_v4_full_core_plus_optional_controls,7.0,signatures_only;signatures_plus_v4_compact_biology_only;signatures_plus_v4_compact_plus_driver_evidence_tiers;signatures_plus_v4_compact_plus_exact_driver_genes;signatures_plus_v4_compact_plus_hotspot_summary;signatures_plus_v4_full_core;signatures_plus_v4_full_core_plus_optional_controls,inner_validation_selects_predeclared_bio_v4_feature_block_with_model_hyperparameters
mc3_main,HRD_LST,regression,burden_only,linear,spearman,0.4793070007262537,,,,,,,,,,,,5.894103735169507,0.1256353233395654,772,36,3,5,5,1,True,pooled_global_oof,5 outer KFold; inner validation split,outer_train_inner_validation_randomized_search,elastic_net_coordinate_descent_nested_v1,,main_manuscript_complete_panel,elastic_net,main_complete_panel_mc3_standard_features_8cb3c8c73eb9a71f2bf3c228,main_manuscript_complete_panel_oof_predictions.csv,main_manuscript_complete_panel_fold_metrics.csv,0,20260815T164541Z,measured,MC3 cached burden-only matrix,0.428,,,,,,,
mc3_main,HRD_LST,regression,burden_only,xgboost,spearman,0.5955384899605607,,,,,,,,,,,,4.811633056309557,0.4052818547257263,772,36,3,5,5,1,True,pooled_global_oof,5 outer KFold; inner validation split,outer_train_inner_validation_randomized_search,,gpu_hist,main_manuscript_complete_panel,XGBoost,main_complete_panel_mc3_standard_features_8cb3c8c73eb9a71f2bf3c228,main_manuscript_complete_panel_oof_predictions.csv,main_manuscript_complete_panel_fold_metrics.csv,0,20260815T164541Z,measured,MC3 cached burden-only matrix,1.369,,,,,,,
mc3_main,HRD_LST,regression,standard_sbs96_id83,linear,spearman,0.4960726483938343,,,,,,,,,,,,5.344875342883957,0.2890751773448082,772,36,182,5,5,1,True,pooled_global_oof,5 outer KFold; inner validation split,outer_train_inner_validation_randomized_search,elastic_net_coordinate_descent_nested_v1,,main_manuscript_complete_panel,elastic_net,main_complete_panel_mc3_standard_features_8cb3c8c73eb9a71f2bf3c228,main_manuscript_complete_panel_oof_predictions.csv,main_manuscript_complete_panel_fold_metrics.csv,0,20260815T164541Z,measured,MC3 cached SBS96+ID83 signature matrix,2.484,,,,,,,
mc3_main,HRD_LST,regression,standard_sbs96_id83,xgboost,spearman,0.6785948122880927,,,,,,,,,,,,3.9385798790448687,0.6109098993313743,772,36,182,5,5,1,True,pooled_global_oof,5 outer KFold; inner validation split,outer_train_inner_validation_randomized_search,,gpu_hist,main_manuscript_complete_panel,XGBoost,main_complete_panel_mc3_standard_features_8cb3c8c73eb9a71f2bf3c228,main_manuscript_complete_panel_oof_predictions.csv,main_manuscript_complete_panel_fold_metrics.csv,0,20260815T164541Z,measured,MC3 cached SBS96+ID83 signature matrix,10.338,,,,,,,
mc3_main,HRD_LST,regression,MAF_stack_only,linear,spearman,0.6343911993371074,,,,,,,,,,,,4.879863327588989,0.3655656454386661,772,36,948,5,5,1,True,pooled_global_oof,5 outer KFold; inner validation split,outer_train_inner_validation_randomized_search,elastic_net_coordinate_descent_nested_v1,,main_manuscript_complete_panel,elastic_net,main_complete_panel_mc3_maf_stack_bio_v4_nested_fs_15d698606a129584e3f82812,main_manuscript_complete_panel_oof_predictions.csv,main_manuscript_complete_panel_fold_metrics.csv,0,20260815T164541Z,measured,"MC3/HRD maf_stack_bio_v4_nested_fs; Bio MAF v4 with fixed external resources and nested inner-loop feature-block selection ({""v4_compact_biology_only"": 121, ""v4_compact_plus_driver_evidence_tiers"": 137, ""v4_compact_plus_exact_driver_genes"": 923, ""v4_compact_plus_hotspot_summary"": 125, ""v4_full_core"": 943, ""v4_full_core_plus_optional_controls"": 948})",108.012,121.0,923.0,948.0,v4_compact_biology_only;v4_compact_plus_exact_driver_genes;v4_full_core_plus_optional_controls,6.0,v4_compact_biology_only;v4_compact_plus_driver_evidence_tiers;v4_compact_plus_exact_driver_genes;v4_compact_plus_hotspot_summary;v4_full_core;v4_full_core_plus_optional_controls,inner_validation_selects_predeclared_bio_v4_feature_block_with_model_hyperparameters
mc3_main,HRD_LST,regression,MAF_stack_only,xgboost,spearman,0.6927054291105611,,,,,,,,,,,,4.285043544768129,0.5169760098797248,772,36,948,5,5,1,True,pooled_global_oof,5 outer KFold; inner validation split,outer_train_inner_validation_randomized_search,,,main_manuscript_complete_panel,XGBoost,main_complete_panel_mc3_maf_stack_bio_v4_nested_fs_15d698606a129584e3f82812,main_manuscript_complete_panel_oof_predictions.csv,main_manuscript_complete_panel_fold_metrics.csv,0,20260815T164541Z,measured,"MC3/HRD maf_stack_bio_v4_nested_fs; Bio MAF v4 with fixed external resources and nested inner-loop feature-block selection ({""v4_compact_biology_only"": 121, ""v4_compact_plus_driver_evidence_tiers"": 137, ""v4_compact_plus_exact_driver_genes"": 923, ""v4_compact_plus_hotspot_summary"": 125, ""v4_full_core"": 943, ""v4_full_core_plus_optional_controls"": 948})",75.455,923.0,948.0,948.0,v4_compact_plus_exact_driver_genes;v4_full_core_plus_optional_controls,6.0,v4_compact_biology_only;v4_compact_plus_driver_evidence_tiers;v4_compact_plus_exact_driver_genes;v4_compact_plus_hotspot_summary;v4_full_core;v4_full_core_plus_optional_controls,inner_validation_selects_predeclared_bio_v4_feature_block_with_model_hyperparameters
mc3_main,HRD_LST,regression,signatures_plus_MAF_stack,linear,spearman,0.6809101192237277,,,,,,,,,,,,4.544337585401546,0.4684918446991556,772,36,1130,5,5,1,True,pooled_global_oof,5 outer KFold; inner validation split,outer_train_inner_validation_randomized_search,elastic_net_coordinate_descent_nested_v1,,main_manuscript_complete_panel,elastic_net,main_complete_panel_mc3_signatures_plus_maf_stack_bio_v4_nested_fs_ac11587791bbbd40db3991bb,main_manuscript_complete_panel_oof_predictions.csv,main_manuscript_complete_panel_fold_metrics.csv,0,20260815T164541Z,measured,"MC3/HRD signatures_plus_maf_stack_bio_v4_nested_fs; Bio MAF v4 with fixed external resources and nested inner-loop feature-block selection ({""signatures_only"": 182, ""signatures_plus_v4_compact_biology_only"": 303, ""signatures_plus_v4_compact_plus_driver_evidence_tiers"": 319, ""signatures_plus_v4_compact_plus_exact_driver_genes"": 1105, ""signatures_plus_v4_compact_plus_hotspot_summary"": 307, ""signatures_plus_v4_full_core"": 1125, ""signatures_plus_v4_full_core_plus_optional_controls"": 1130})",178.163,1105.0,1105.0,1125.0,signatures_plus_v4_compact_plus_exact_driver_genes;signatures_plus_v4_full_core,7.0,signatures_only;signatures_plus_v4_compact_biology_only;signatures_plus_v4_compact_plus_driver_evidence_tiers;signatures_plus_v4_compact_plus_exact_driver_genes;signatures_plus_v4_compact_plus_hotspot_summary;signatures_plus_v4_full_core;signatures_plus_v4_full_core_plus_optional_controls,inner_validation_selects_predeclared_bio_v4_feature_block_with_model_hyperparameters
mc3_main,HRD_LST,regression,signatures_plus_MAF_stack,xgboost,spearman,0.7134547795843649,,,,,,,,,,,,3.8766000150398887,0.6109429357758553,772,36,1130,5,5,1,True,pooled_global_oof,5 outer KFold; inner validation split,outer_train_inner_validation_randomized_search,,,main_manuscript_complete_panel,XGBoost,main_complete_panel_mc3_signatures_plus_maf_stack_bio_v4_nested_fs_ac11587791bbbd40db3991bb,main_manuscript_complete_panel_oof_predictions.csv,main_manuscript_complete_panel_fold_metrics.csv,0,20260815T164541Z,measured,"MC3/HRD signatures_plus_maf_stack_bio_v4_nested_fs; Bio MAF v4 with fixed external resources and nested inner-loop feature-block selection ({""signatures_only"": 182, ""signatures_plus_v4_compact_biology_only"": 303, ""signatures_plus_v4_compact_plus_driver_evidence_tiers"": 319, ""signatures_plus_v4_compact_plus_exact_driver_genes"": 1105, ""signatures_plus_v4_compact_plus_hotspot_summary"": 307, ""signatures_plus_v4_full_core"": 1125, ""signatures_plus_v4_full_core_plus_optional_controls"": 1130})",164.501,1105.0,1130.0,1130.0,signatures_plus_v4_compact_plus_exact_driver_genes;signatures_plus_v4_full_core;signatures_plus_v4_full_core_plus_optional_controls,7.0,signatures_only;signatures_plus_v4_compact_biology_only;signatures_plus_v4_compact_plus_driver_evidence_tiers;signatures_plus_v4_compact_plus_exact_driver_genes;signatures_plus_v4_compact_plus_hotspot_summary;signatures_plus_v4_full_core;signatures_plus_v4_full_core_plus_optional_controls,inner_validation_selects_predeclared_bio_v4_feature_block_with_model_hyperparameters
mc3_main,HRD_LOH,regression,burden_only,linear,spearman,0.4501112330357229,,,,,,,,,,,,3.986483020260624,0.1322678906729681,772,28,3,5,5,1,True,pooled_global_oof,5 outer KFold; inner validation split,outer_train_inner_validation_randomized_search,elastic_net_coordinate_descent_nested_v1,,main_manuscript_complete_panel,elastic_net,main_complete_panel_mc3_standard_features_8cb3c8c73eb9a71f2bf3c228,main_manuscript_complete_panel_oof_predictions.csv,main_manuscript_complete_panel_fold_metrics.csv,0,20260815T164541Z,measured,MC3 cached burden-only matrix,0.425,,,,,,,
mc3_main,HRD_LOH,regression,burden_only,xgboost,spearman,0.5123422943963906,,,,,,,,,,,,3.590640789641,0.2790454589775737,772,28,3,5,5,1,True,pooled_global_oof,5 outer KFold; inner validation split,outer_train_inner_validation_randomized_search,,gpu_hist,main_manuscript_complete_panel,XGBoost,main_complete_panel_mc3_standard_features_8cb3c8c73eb9a71f2bf3c228,main_manuscript_complete_panel_oof_predictions.csv,main_manuscript_complete_panel_fold_metrics.csv,0,20260815T164541Z,measured,MC3 cached burden-only matrix,1.307,,,,,,,
mc3_main,HRD_LOH,regression,standard_sbs96_id83,linear,spearman,0.4064193031012489,,,,,,,,,,,,4.006608856419682,0.1188950366482275,772,28,182,5,5,1,True,pooled_global_oof,5 outer KFold; inner validation split,outer_train_inner_validation_randomized_search,elastic_net_coordinate_descent_nested_v1,,main_manuscript_complete_panel,elastic_net,main_complete_panel_mc3_standard_features_8cb3c8c73eb9a71f2bf3c228,main_manuscript_complete_panel_oof_predictions.csv,main_manuscript_complete_panel_fold_metrics.csv,0,20260815T164541Z,measured,MC3 cached SBS96+ID83 signature matrix,2.058,,,,,,,
mc3_main,HRD_LOH,regression,standard_sbs96_id83,xgboost,spearman,0.5864354939631409,,,,,,,,,,,,3.2230402450487405,0.4418316980141425,772,28,182,5,5,1,True,pooled_global_oof,5 outer KFold; inner validation split,outer_train_inner_validation_randomized_search,,gpu_hist,main_manuscript_complete_panel,XGBoost,main_complete_panel_mc3_standard_features_8cb3c8c73eb9a71f2bf3c228,main_manuscript_complete_panel_oof_predictions.csv,main_manuscript_complete_panel_fold_metrics.csv,0,20260815T164541Z,measured,MC3 cached SBS96+ID83 signature matrix,9.246,,,,,,,
mc3_main,HRD_LOH,regression,MAF_stack_only,linear,spearman,0.6027268506909189,,,,,,,,,,,,3.471933681155731,0.3202515789572857,772,28,948,5,5,1,True,pooled_global_oof,5 outer KFold; inner validation split,outer_train_inner_validation_randomized_search,elastic_net_coordinate_descent_nested_v1,,main_manuscript_complete_panel,elastic_net,main_complete_panel_mc3_maf_stack_bio_v4_nested_fs_15d698606a129584e3f82812,main_manuscript_complete_panel_oof_predictions.csv,main_manuscript_complete_panel_fold_metrics.csv,0,20260815T164541Z,measured,"MC3/HRD maf_stack_bio_v4_nested_fs; Bio MAF v4 with fixed external resources and nested inner-loop feature-block selection ({""v4_compact_biology_only"": 121, ""v4_compact_plus_driver_evidence_tiers"": 137, ""v4_compact_plus_exact_driver_genes"": 923, ""v4_compact_plus_hotspot_summary"": 125, ""v4_full_core"": 943, ""v4_full_core_plus_optional_controls"": 948})",103.827,923.0,923.0,923.0,v4_compact_plus_exact_driver_genes,6.0,v4_compact_biology_only;v4_compact_plus_driver_evidence_tiers;v4_compact_plus_exact_driver_genes;v4_compact_plus_hotspot_summary;v4_full_core;v4_full_core_plus_optional_controls,inner_validation_selects_predeclared_bio_v4_feature_block_with_model_hyperparameters
mc3_main,HRD_LOH,regression,MAF_stack_only,xgboost,spearman,0.6206531132242252,,,,,,,,,,,,3.25156739777813,0.3925536587622635,772,28,948,5,5,1,True,pooled_global_oof,5 outer KFold; inner validation split,outer_train_inner_validation_randomized_search,,,main_manuscript_complete_panel,XGBoost,main_complete_panel_mc3_maf_stack_bio_v4_nested_fs_15d698606a129584e3f82812,main_manuscript_complete_panel_oof_predictions.csv,main_manuscript_complete_panel_fold_metrics.csv,0,20260815T164541Z,measured,"MC3/HRD maf_stack_bio_v4_nested_fs; Bio MAF v4 with fixed external resources and nested inner-loop feature-block selection ({""v4_compact_biology_only"": 121, ""v4_compact_plus_driver_evidence_tiers"": 137, ""v4_compact_plus_exact_driver_genes"": 923, ""v4_compact_plus_hotspot_summary"": 125, ""v4_full_core"": 943, ""v4_full_core_plus_optional_controls"": 948})",78.147,923.0,943.0,948.0,v4_compact_plus_exact_driver_genes;v4_full_core;v4_full_core_plus_optional_controls,6.0,v4_compact_biology_only;v4_compact_plus_driver_evidence_tiers;v4_compact_plus_exact_driver_genes;v4_compact_plus_hotspot_summary;v4_full_core;v4_full_core_plus_optional_controls,inner_validation_selects_predeclared_bio_v4_feature_block_with_model_hyperparameters
mc3_main,HRD_LOH,regression,signatures_plus_MAF_stack,linear,spearman,0.6100912081115412,,,,,,,,,,,,3.358605334620598,0.3683591112662893,772,28,1130,5,5,1,True,pooled_global_oof,5 outer KFold; inner validation split,outer_train_inner_validation_randomized_search,elastic_net_coordinate_descent_nested_v1,,main_manuscript_complete_panel,elastic_net,main_complete_panel_mc3_signatures_plus_maf_stack_bio_v4_nested_fs_ac11587791bbbd40db3991bb,main_manuscript_complete_panel_oof_predictions.csv,main_manuscript_complete_panel_fold_metrics.csv,0,20260815T164541Z,measured,"MC3/HRD signatures_plus_maf_stack_bio_v4_nested_fs; Bio MAF v4 with fixed external resources and nested inner-loop feature-block selection ({""signatures_only"": 182, ""signatures_plus_v4_compact_biology_only"": 303, ""signatures_plus_v4_compact_plus_driver_evidence_tiers"": 319, ""signatures_plus_v4_compact_plus_exact_driver_genes"": 1105, ""signatures_plus_v4_compact_plus_hotspot_summary"": 307, ""signatures_plus_v4_full_core"": 1125, ""signatures_plus_v4_full_core_plus_optional_controls"": 1130})",188.552,1105.0,1125.0,1130.0,signatures_plus_v4_compact_plus_exact_driver_genes;signatures_plus_v4_full_core;signatures_plus_v4_full_core_plus_optional_controls,7.0,signatures_only;signatures_plus_v4_compact_biology_only;signatures_plus_v4_compact_plus_driver_evidence_tiers;signatures_plus_v4_compact_plus_exact_driver_genes;signatures_plus_v4_compact_plus_hotspot_summary;signatures_plus_v4_full_core;signatures_plus_v4_full_core_plus_optional_controls,inner_validation_selects_predeclared_bio_v4_feature_block_with_model_hyperparameters
mc3_main,HRD_LOH,regression,signatures_plus_MAF_stack,xgboost,spearman,0.6500827118858131,,,,,,,,,,,,3.0622554518707057,0.4785798742559078,772,28,1130,5,5,1,True,pooled_global_oof,5 outer KFold; inner validation split,outer_train_inner_validation_randomized_search,,,main_manuscript_complete_panel,XGBoost,main_complete_panel_mc3_signatures_plus_maf_stack_bio_v4_nested_fs_ac11587791bbbd40db3991bb,main_manuscript_complete_panel_oof_predictions.csv,main_manuscript_complete_panel_fold_metrics.csv,0,20260815T164541Z,measured,"MC3/HRD signatures_plus_maf_stack_bio_v4_nested_fs; Bio MAF v4 with fixed external resources and nested inner-loop feature-block selection ({""signatures_only"": 182, ""signatures_plus_v4_compact_biology_only"": 303, ""signatures_plus_v4_compact_plus_driver_evidence_tiers"": 319, ""signatures_plus_v4_compact_plus_exact_driver_genes"": 1105, ""signatures_plus_v4_compact_plus_hotspot_summary"": 307, ""signatures_plus_v4_full_core"": 1125, ""signatures_plus_v4_full_core_plus_optional_controls"": 1130})",152.025,1105.0,1125.0,1130.0,signatures_plus_v4_compact_plus_exact_driver_genes;signatures_plus_v4_full_core;signatures_plus_v4_full_core_plus_optional_controls,7.0,signatures_only;signatures_plus_v4_compact_biology_only;signatures_plus_v4_compact_plus_driver_evidence_tiers;signatures_plus_v4_compact_plus_exact_driver_genes;signatures_plus_v4_compact_plus_hotspot_summary;signatures_plus_v4_full_core;signatures_plus_v4_full_core_plus_optional_controls,inner_validation_selects_predeclared_bio_v4_feature_block_with_model_hyperparameters
mc3_main,PARPi7,regression,burden_only,linear,spearman,0.1820823106756371,,,,,,,,,,,,0.765623240991241,0.0238917388139517,772,649,3,5,5,1,True,pooled_global_oof,5 outer KFold; inner validation split,outer_train_inner_validation_randomized_search,elastic_net_coordinate_descent_nested_v1,,main_manuscript_complete_panel,elastic_net,main_complete_panel_mc3_standard_features_8cb3c8c73eb9a71f2bf3c228,main_manuscript_complete_panel_oof_predictions.csv,main_manuscript_complete_panel_fold_metrics.csv,0,20260815T164541Z,measured,MC3 cached burden-only matrix,0.418,,,,,,,
mc3_main,PARPi7,regression,burden_only,xgboost,spearman,0.225850702361576,,,,,,,,,,,,0.7527936244397202,0.0649010368626252,772,649,3,5,5,1,True,pooled_global_oof,5 outer KFold; inner validation split,outer_train_inner_validation_randomized_search,,gpu_hist,main_manuscript_complete_panel,XGBoost,main_complete_panel_mc3_standard_features_8cb3c8c73eb9a71f2bf3c228,main_manuscript_complete_panel_oof_predictions.csv,main_manuscript_complete_panel_fold_metrics.csv,0,20260815T164541Z,measured,MC3 cached burden-only matrix,1.027,,,,,,,
mc3_main,PARPi7,regression,standard_sbs96_id83,linear,spearman,0.210726800608191,,,,,,,,,,,,0.7604584122836311,0.0449348887551255,772,649,182,5,5,1,True,pooled_global_oof,5 outer KFold; inner validation split,outer_train_inner_validation_randomized_search,elastic_net_coordinate_descent_nested_v1,,main_manuscript_complete_panel,elastic_net,main_complete_panel_mc3_standard_features_8cb3c8c73eb9a71f2bf3c228,main_manuscript_complete_panel_oof_predictions.csv,main_manuscript_complete_panel_fold_metrics.csv,0,20260815T164541Z,measured,MC3 cached SBS96+ID83 signature matrix,1.073,,,,,,,
mc3_main,PARPi7,regression,standard_sbs96_id83,xgboost,spearman,0.151588907714488,,,,,,,,,,,,0.7596419990280723,0.0440515288842933,772,649,182,5,5,1,True,pooled_global_oof,5 outer KFold; inner validation split,outer_train_inner_validation_randomized_search,,gpu_hist,main_manuscript_complete_panel,XGBoost,main_complete_panel_mc3_standard_features_8cb3c8c73eb9a71f2bf3c228,main_manuscript_complete_panel_oof_predictions.csv,main_manuscript_complete_panel_fold_metrics.csv,0,20260815T164541Z,measured,MC3 cached SBS96+ID83 signature matrix,6.57,,,,,,,
mc3_main,PARPi7,regression,MAF_stack_only,linear,spearman,0.3059498105383341,,,,,,,,,,,,0.7387151324793223,0.0711969544862917,772,649,948,5,5,1,True,pooled_global_oof,5 outer KFold; inner validation split,outer_train_inner_validation_randomized_search,elastic_net_coordinate_descent_nested_v1,,main_manuscript_complete_panel,elastic_net,main_complete_panel_mc3_maf_stack_bio_v4_nested_fs_15d698606a129584e3f82812,main_manuscript_complete_panel_oof_predictions.csv,main_manuscript_complete_panel_fold_metrics.csv,0,20260815T164541Z,measured,"MC3/HRD maf_stack_bio_v4_nested_fs; Bio MAF v4 with fixed external resources and nested inner-loop feature-block selection ({""v4_compact_biology_only"": 121, ""v4_compact_plus_driver_evidence_tiers"": 137, ""v4_compact_plus_exact_driver_genes"": 923, ""v4_compact_plus_hotspot_summary"": 125, ""v4_full_core"": 943, ""v4_full_core_plus_optional_controls"": 948})",101.077,125.0,125.0,923.0,v4_compact_plus_exact_driver_genes;v4_compact_plus_hotspot_summary,6.0,v4_compact_biology_only;v4_compact_plus_driver_evidence_tiers;v4_compact_plus_exact_driver_genes;v4_compact_plus_hotspot_summary;v4_full_core;v4_full_core_plus_optional_controls,inner_validation_selects_predeclared_bio_v4_feature_block_with_model_hyperparameters
mc3_main,PARPi7,regression,MAF_stack_only,xgboost,spearman,0.3509763864152444,,,,,,,,,,,,0.7169293308962752,0.1163687658009579,772,649,948,5,5,1,True,pooled_global_oof,5 outer KFold; inner validation split,outer_train_inner_validation_randomized_search,,,main_manuscript_complete_panel,XGBoost,main_complete_panel_mc3_maf_stack_bio_v4_nested_fs_15d698606a129584e3f82812,main_manuscript_complete_panel_oof_predictions.csv,main_manuscript_complete_panel_fold_metrics.csv,0,20260815T164541Z,measured,"MC3/HRD maf_stack_bio_v4_nested_fs; Bio MAF v4 with fixed external resources and nested inner-loop feature-block selection ({""v4_compact_biology_only"": 121, ""v4_compact_plus_driver_evidence_tiers"": 137, ""v4_compact_plus_exact_driver_genes"": 923, ""v4_compact_plus_hotspot_summary"": 125, ""v4_full_core"": 943, ""v4_full_core_plus_optional_controls"": 948})",57.508,923.0,943.0,948.0,v4_compact_plus_exact_driver_genes;v4_full_core;v4_full_core_plus_optional_controls,6.0,v4_compact_biology_only;v4_compact_plus_driver_evidence_tiers;v4_compact_plus_exact_driver_genes;v4_compact_plus_hotspot_summary;v4_full_core;v4_full_core_plus_optional_controls,inner_validation_selects_predeclared_bio_v4_feature_block_with_model_hyperparameters
mc3_main,PARPi7,regression,signatures_plus_MAF_stack,linear,spearman,0.283042950651208,,,,,,,,,,,,0.7386996595934894,0.0744008296095699,772,649,1130,5,5,1,True,pooled_global_oof,5 outer KFold; inner validation split,outer_train_inner_validation_randomized_search,elastic_net_coordinate_descent_nested_v1,,main_manuscript_complete_panel,elastic_net,main_complete_panel_mc3_signatures_plus_maf_stack_bio_v4_nested_fs_ac11587791bbbd40db3991bb,main_manuscript_complete_panel_oof_predictions.csv,main_manuscript_complete_panel_fold_metrics.csv,0,20260815T164541Z,measured,"MC3/HRD signatures_plus_maf_stack_bio_v4_nested_fs; Bio MAF v4 with fixed external resources and nested inner-loop feature-block selection ({""signatures_only"": 182, ""signatures_plus_v4_compact_biology_only"": 303, ""signatures_plus_v4_compact_plus_driver_evidence_tiers"": 319, ""signatures_plus_v4_compact_plus_exact_driver_genes"": 1105, ""signatures_plus_v4_compact_plus_hotspot_summary"": 307, ""signatures_plus_v4_full_core"": 1125, ""signatures_plus_v4_full_core_plus_optional_controls"": 1130})",193.224,307.0,1125.0,1130.0,signatures_plus_v4_compact_plus_exact_driver_genes;signatures_plus_v4_compact_plus_hotspot_summary;signatures_plus_v4_full_core;signatures_plus_v4_full_core_plus_optional_controls,7.0,signatures_only;signatures_plus_v4_compact_biology_only;signatures_plus_v4_compact_plus_driver_evidence_tiers;signatures_plus_v4_compact_plus_exact_driver_genes;signatures_plus_v4_compact_plus_hotspot_summary;signatures_plus_v4_full_core;signatures_plus_v4_full_core_plus_optional_controls,inner_validation_selects_predeclared_bio_v4_feature_block_with_model_hyperparameters
mc3_main,PARPi7,regression,signatures_plus_MAF_stack,xgboost,spearman,0.3632307792201503,,,,,,,,,,,,0.710161830339667,0.1275053680947547,772,649,1130,5,5,1,True,pooled_global_oof,5 outer KFold; inner validation split,outer_train_inner_validation_randomized_search,,,main_manuscript_complete_panel,XGBoost,main_complete_panel_mc3_signatures_plus_maf_stack_bio_v4_nested_fs_ac11587791bbbd40db3991bb,main_manuscript_complete_panel_oof_predictions.csv,main_manuscript_complete_panel_fold_metrics.csv,0,20260815T164541Z,measured,"MC3/HRD signatures_plus_maf_stack_bio_v4_nested_fs; Bio MAF v4 with fixed external resources and nested inner-loop feature-block selection ({""signatures_only"": 182, ""signatures_plus_v4_compact_biology_only"": 303, ""signatures_plus_v4_compact_plus_driver_evidence_tiers"": 319, ""signatures_plus_v4_compact_plus_exact_driver_genes"": 1105, ""signatures_plus_v4_compact_plus_hotspot_summary"": 307, ""signatures_plus_v4_full_core"": 1125, ""signatures_plus_v4_full_core_plus_optional_controls"": 1130})",97.178,319.0,1125.0,1130.0,signatures_plus_v4_compact_plus_driver_evidence_tiers;signatures_plus_v4_full_core;signatures_plus_v4_full_core_plus_optional_controls,7.0,signatures_only;signatures_plus_v4_compact_biology_only;signatures_plus_v4_compact_plus_driver_evidence_tiers;signatures_plus_v4_compact_plus_exact_driver_genes;signatures_plus_v4_compact_plus_hotspot_summary;signatures_plus_v4_full_core;signatures_plus_v4_full_core_plus_optional_controls,inner_validation_selects_predeclared_bio_v4_feature_block_with_model_hyperparameters
mc3_main,eCARD,regression,burden_only,linear,spearman,0.2894229931431124,,,,,,,,,,,,0.4344113200211361,0.0635681891033871,772,754,3,5,5,1,True,pooled_global_oof,5 outer KFold; inner validation split,outer_train_inner_validation_randomized_search,elastic_net_coordinate_descent_nested_v1,,main_manuscript_complete_panel,elastic_net,main_complete_panel_mc3_standard_features_8cb3c8c73eb9a71f2bf3c228,main_manuscript_complete_panel_oof_predictions.csv,main_manuscript_complete_panel_fold_metrics.csv,0,20260815T164541Z,measured,MC3 cached burden-only matrix,0.425,,,,,,,
mc3_main,eCARD,regression,burden_only,xgboost,spearman,0.3357671925774406,,,,,,,,,,,,0.4273004697156405,0.0914932671115803,772,754,3,5,5,1,True,pooled_global_oof,5 outer KFold; inner validation split,outer_train_inner_validation_randomized_search,,gpu_hist,main_manuscript_complete_panel,XGBoost,main_complete_panel_mc3_standard_features_8cb3c8c73eb9a71f2bf3c228,main_manuscript_complete_panel_oof_predictions.csv,main_manuscript_complete_panel_fold_metrics.csv,0,20260815T164541Z,measured,MC3 cached burden-only matrix,1.28,,,,,,,
mc3_main,eCARD,regression,standard_sbs96_id83,linear,spearman,0.3035918254177233,,,,,,,,,,,,0.4411356852099733,0.0482741470896922,772,754,182,5,5,1,True,pooled_global_oof,5 outer KFold; inner validation split,outer_train_inner_validation_randomized_search,elastic_net_coordinate_descent_nested_v1,,main_manuscript_complete_panel,elastic_net,main_complete_panel_mc3_standard_features_8cb3c8c73eb9a71f2bf3c228,main_manuscript_complete_panel_oof_predictions.csv,main_manuscript_complete_panel_fold_metrics.csv,0,20260815T164541Z,measured,MC3 cached SBS96+ID83 signature matrix,0.791,,,,,,,
mc3_main,eCARD,regression,standard_sbs96_id83,xgboost,spearman,0.3778196787764436,,,,,,,,,,,,0.416675643574167,0.1306077716115267,772,754,182,5,5,1,True,pooled_global_oof,5 outer KFold; inner validation split,outer_train_inner_validation_randomized_search,,gpu_hist,main_manuscript_complete_panel,XGBoost,main_complete_panel_mc3_standard_features_8cb3c8c73eb9a71f2bf3c228,main_manuscript_complete_panel_oof_predictions.csv,main_manuscript_complete_panel_fold_metrics.csv,0,20260815T164541Z,measured,MC3 cached SBS96+ID83 signature matrix,7.483,,,,,,,
mc3_main,eCARD,regression,MAF_stack_only,linear,spearman,0.5293517008830804,,,,,,,,,,,,0.3884234655007131,0.2375759407881313,772,754,948,5,5,1,True,pooled_global_oof,5 outer KFold; inner validation split,outer_train_inner_validation_randomized_search,elastic_net_coordinate_descent_nested_v1,,main_manuscript_complete_panel,elastic_net,main_complete_panel_mc3_maf_stack_bio_v4_nested_fs_15d698606a129584e3f82812,main_manuscript_complete_panel_oof_predictions.csv,main_manuscript_complete_panel_fold_metrics.csv,0,20260815T164541Z,measured,"MC3/HRD maf_stack_bio_v4_nested_fs; Bio MAF v4 with fixed external resources and nested inner-loop feature-block selection ({""v4_compact_biology_only"": 121, ""v4_compact_plus_driver_evidence_tiers"": 137, ""v4_compact_plus_exact_driver_genes"": 923, ""v4_compact_plus_hotspot_summary"": 125, ""v4_full_core"": 943, ""v4_full_core_plus_optional_controls"": 948})",101.098,923.0,923.0,943.0,v4_compact_plus_exact_driver_genes;v4_full_core,6.0,v4_compact_biology_only;v4_compact_plus_driver_evidence_tiers;v4_compact_plus_exact_driver_genes;v4_compact_plus_hotspot_summary;v4_full_core;v4_full_core_plus_optional_controls,inner_validation_selects_predeclared_bio_v4_feature_block_with_model_hyperparameters
mc3_main,eCARD,regression,MAF_stack_only,xgboost,spearman,0.5348248428331155,,,,,,,,,,,,0.3802364070925753,0.2677957691970959,772,754,948,5,5,1,True,pooled_global_oof,5 outer KFold; inner validation split,outer_train_inner_validation_randomized_search,,,main_manuscript_complete_panel,XGBoost,main_complete_panel_mc3_maf_stack_bio_v4_nested_fs_15d698606a129584e3f82812,main_manuscript_complete_panel_oof_predictions.csv,main_manuscript_complete_panel_fold_metrics.csv,0,20260815T164541Z,measured,"MC3/HRD maf_stack_bio_v4_nested_fs; Bio MAF v4 with fixed external resources and nested inner-loop feature-block selection ({""v4_compact_biology_only"": 121, ""v4_compact_plus_driver_evidence_tiers"": 137, ""v4_compact_plus_exact_driver_genes"": 923, ""v4_compact_plus_hotspot_summary"": 125, ""v4_full_core"": 943, ""v4_full_core_plus_optional_controls"": 948})",51.808,923.0,943.0,948.0,v4_compact_plus_exact_driver_genes;v4_full_core;v4_full_core_plus_optional_controls,6.0,v4_compact_biology_only;v4_compact_plus_driver_evidence_tiers;v4_compact_plus_exact_driver_genes;v4_compact_plus_hotspot_summary;v4_full_core;v4_full_core_plus_optional_controls,inner_validation_selects_predeclared_bio_v4_feature_block_with_model_hyperparameters
mc3_main,eCARD,regression,signatures_plus_MAF_stack,linear,spearman,0.5081217041767748,,,,,,,,,,,,0.3938560621103041,0.2176021278813649,772,754,1130,5,5,1,True,pooled_global_oof,5 outer KFold; inner validation split,outer_train_inner_validation_randomized_search,elastic_net_coordinate_descent_nested_v1,,main_manuscript_complete_panel,elastic_net,main_complete_panel_mc3_signatures_plus_maf_stack_bio_v4_nested_fs_ac11587791bbbd40db3991bb,main_manuscript_complete_panel_oof_predictions.csv,main_manuscript_complete_panel_fold_metrics.csv,0,20260815T164541Z,measured,"MC3/HRD signatures_plus_maf_stack_bio_v4_nested_fs; Bio MAF v4 with fixed external resources and nested inner-loop feature-block selection ({""signatures_only"": 182, ""signatures_plus_v4_compact_biology_only"": 303, ""signatures_plus_v4_compact_plus_driver_evidence_tiers"": 319, ""signatures_plus_v4_compact_plus_exact_driver_genes"": 1105, ""signatures_plus_v4_compact_plus_hotspot_summary"": 307, ""signatures_plus_v4_full_core"": 1125, ""signatures_plus_v4_full_core_plus_optional_controls"": 1130})",177.101,1105.0,1105.0,1105.0,signatures_plus_v4_compact_plus_exact_driver_genes,7.0,signatures_only;signatures_plus_v4_compact_biology_only;signatures_plus_v4_compact_plus_driver_evidence_tiers;signatures_plus_v4_compact_plus_exact_driver_genes;signatures_plus_v4_compact_plus_hotspot_summary;signatures_plus_v4_full_core;signatures_plus_v4_full_core_plus_optional_controls,inner_validation_selects_predeclared_bio_v4_feature_block_with_model_hyperparameters
mc3_main,eCARD,regression,signatures_plus_MAF_stack,xgboost,spearman,0.5154522695126605,,,,,,,,,,,,0.3827994450074451,0.254367648024149,772,754,1130,5,5,1,True,pooled_global_oof,5 outer KFold; inner validation split,outer_train_inner_validation_randomized_search,,,main_manuscript_complete_panel,XGBoost,main_complete_panel_mc3_signatures_plus_maf_stack_bio_v4_nested_fs_ac11587791bbbd40db3991bb,main_manuscript_complete_panel_oof_predictions.csv,main_manuscript_complete_panel_fold_metrics.csv,0,20260815T164541Z,measured,"MC3/HRD signatures_plus_maf_stack_bio_v4_nested_fs; Bio MAF v4 with fixed external resources and nested inner-loop feature-block selection ({""signatures_only"": 182, ""signatures_plus_v4_compact_biology_only"": 303, ""signatures_plus_v4_compact_plus_driver_evidence_tiers"": 319, ""signatures_plus_v4_compact_plus_exact_driver_genes"": 1105, ""signatures_plus_v4_compact_plus_hotspot_summary"": 307, ""signatures_plus_v4_full_core"": 1125, ""signatures_plus_v4_full_core_plus_optional_controls"": 1130})",116.813,1105.0,1125.0,1130.0,signatures_plus_v4_compact_plus_exact_driver_genes;signatures_plus_v4_full_core;signatures_plus_v4_full_core_plus_optional_controls,7.0,signatures_only;signatures_plus_v4_compact_biology_only;signatures_plus_v4_compact_plus_driver_evidence_tiers;signatures_plus_v4_compact_plus_exact_driver_genes;signatures_plus_v4_compact_plus_hotspot_summary;signatures_plus_v4_full_core;signatures_plus_v4_full_core_plus_optional_controls,inner_validation_selects_predeclared_bio_v4_feature_block_with_model_hyperparameters
mc3_main,hrd_binary_24,binary,burden_only,linear,auroc,0.7504411555910133,0.7504411555910133,,,,0.6688163848764084,0.7101726084634263,0.7137305699481865,0.7107011020054499,0.4215679626791793,,,,,772,2,3,5,5,1,True,pooled_global_oof,5 outer stratified folds; inner stratified validation split,outer_train_inner_validation_randomized_search,logistic_saga_elasticnet_nested_v1,,main_manuscript_complete_panel,elastic_net,main_complete_panel_mc3_standard_features_8cb3c8c73eb9a71f2bf3c228,main_manuscript_complete_panel_oof_predictions.csv,main_manuscript_complete_panel_fold_metrics.csv,0,20260815T164541Z,measured,MC3 cached burden-only matrix,0.956,,,,,,,
mc3_main,hrd_binary_24,binary,burden_only,xgboost,auroc,0.7748990919969981,0.7748990919969981,,,,0.7170227043087846,0.7305164731892337,0.7292746113989638,0.7286513121936042,0.4580691100601891,,,,,772,2,3,5,5,1,True,pooled_global_oof,5 outer stratified folds; inner stratified validation split,outer_train_inner_validation_randomized_search,,gpu_hist,main_manuscript_complete_panel,XGBoost,main_complete_panel_mc3_standard_features_8cb3c8c73eb9a71f2bf3c228,main_manuscript_complete_panel_oof_predictions.csv,main_manuscript_complete_panel_fold_metrics.csv,0,20260815T164541Z,measured,MC3 cached burden-only matrix,0.986,,,,,,,
mc3_main,hrd_binary_24,binary,standard_sbs96_id83,linear,auroc,0.7577126167118527,0.7577126167118527,,,,0.7137551411291632,0.6991318869289487,0.7007772020725389,0.6988972804311597,0.3978199794694472,,,,,772,2,182,5,5,1,True,pooled_global_oof,5 outer stratified folds; inner stratified validation split,outer_train_inner_validation_randomized_search,logistic_saga_elasticnet_nested_v1,,main_manuscript_complete_panel,elastic_net,main_complete_panel_mc3_standard_features_8cb3c8c73eb9a71f2bf3c228,main_manuscript_complete_panel_oof_predictions.csv,main_manuscript_complete_panel_fold_metrics.csv,0,20260815T164541Z,measured,MC3 cached SBS96+ID83 signature matrix,9.756,,,,,,,
mc3_main,hrd_binary_24,binary,standard_sbs96_id83,xgboost,auroc,0.829240671503039,0.829240671503039,,,,0.8150129131017101,0.7733305387845064,0.7772020725388601,0.7744024682800192,0.5491113571074453,,,,,772,2,182,5,5,1,True,pooled_global_oof,5 outer stratified folds; inner stratified validation split,outer_train_inner_validation_randomized_search,,gpu_hist,main_manuscript_complete_panel,XGBoost,main_complete_panel_mc3_standard_features_8cb3c8c73eb9a71f2bf3c228,main_manuscript_complete_panel_oof_predictions.csv,main_manuscript_complete_panel_fold_metrics.csv,0,20260815T164541Z,measured,MC3 cached SBS96+ID83 signature matrix,4.523,,,,,,,
mc3_main,hrd_binary_24,binary,MAF_stack_only,linear,auroc,0.7805377703556964,0.7805377703556964,,,,0.7074001247653713,0.746854442318484,0.7487046632124352,0.746854442318484,0.4937088846369678,,,,,772,2,948,5,5,1,True,pooled_global_oof,5 outer stratified folds; inner stratified validation split,outer_train_inner_validation_randomized_search,sgd_log_loss_elasticnet_v1,,main_manuscript_complete_panel,elastic_net,main_complete_panel_mc3_maf_stack_bio_v4_nested_fs_15d698606a129584e3f82812,main_manuscript_complete_panel_oof_predictions.csv,main_manuscript_complete_panel_fold_metrics.csv,0,20260815T164541Z,measured,"MC3/HRD maf_stack_bio_v4_nested_fs; Bio MAF v4 with fixed external resources and nested inner-loop feature-block selection ({""v4_compact_biology_only"": 121, ""v4_compact_plus_driver_evidence_tiers"": 137, ""v4_compact_plus_exact_driver_genes"": 923, ""v4_compact_plus_hotspot_summary"": 125, ""v4_full_core"": 943, ""v4_full_core_plus_optional_controls"": 948})",27.498,125.0,923.0,923.0,v4_compact_plus_driver_evidence_tiers;v4_compact_plus_exact_driver_genes;v4_compact_plus_hotspot_summary,6.0,v4_compact_biology_only;v4_compact_plus_driver_evidence_tiers;v4_compact_plus_exact_driver_genes;v4_compact_plus_hotspot_summary;v4_full_core;v4_full_core_plus_optional_controls,inner_validation_selects_predeclared_bio_v4_feature_block_with_model_hyperparameters
mc3_main,hrd_binary_24,binary,MAF_stack_only,xgboost,auroc,0.8315056082538352,0.8315056082538352,,,,0.7918988737719134,0.7836038862258041,0.7810880829015544,0.7807787372110568,0.5625637036639666,,,,,772,2,948,5,5,1,True,pooled_global_oof,5 outer stratified folds; inner stratified validation split,outer_train_inner_validation_randomized_search,,,main_manuscript_complete_panel,XGBoost,main_complete_panel_mc3_maf_stack_bio_v4_nested_fs_15d698606a129584e3f82812,main_manuscript_complete_panel_oof_predictions.csv,main_manuscript_complete_panel_fold_metrics.csv,0,20260815T164541Z,measured,"MC3/HRD maf_stack_bio_v4_nested_fs; Bio MAF v4 with fixed external resources and nested inner-loop feature-block selection ({""v4_compact_biology_only"": 121, ""v4_compact_plus_driver_evidence_tiers"": 137, ""v4_compact_plus_exact_driver_genes"": 923, ""v4_compact_plus_hotspot_summary"": 125, ""v4_full_core"": 943, ""v4_full_core_plus_optional_controls"": 948})",32.75,923.0,943.0,948.0,v4_compact_plus_exact_driver_genes;v4_full_core;v4_full_core_plus_optional_controls,6.0,v4_compact_biology_only;v4_compact_plus_driver_evidence_tiers;v4_compact_plus_exact_driver_genes;v4_compact_plus_hotspot_summary;v4_full_core;v4_full_core_plus_optional_controls,inner_validation_selects_predeclared_bio_v4_feature_block_with_model_hyperparameters
mc3_main,hrd_binary_24,binary,signatures_plus_MAF_stack,linear,auroc,0.8112259730776771,0.8112259730776771,,,,0.7682948914695178,0.7480579012487576,0.7538860103626943,0.7495133030499675,0.500132907121777,,,,,772,2,1130,5,5,1,True,pooled_global_oof,5 outer stratified folds; inner stratified validation split,outer_train_inner_validation_randomized_search,sgd_log_loss_elasticnet_v1,,main_manuscript_complete_panel,elastic_net,main_complete_panel_mc3_signatures_plus_maf_stack_bio_v4_nested_fs_ac11587791bbbd40db3991bb,main_manuscript_complete_panel_oof_predictions.csv,main_manuscript_complete_panel_fold_metrics.csv,0,20260815T164541Z,measured,"MC3/HRD signatures_plus_maf_stack_bio_v4_nested_fs; Bio MAF v4 with fixed external resources and nested inner-loop feature-block selection ({""signatures_only"": 182, ""signatures_plus_v4_compact_biology_only"": 303, ""signatures_plus_v4_compact_plus_driver_evidence_tiers"": 319, ""signatures_plus_v4_compact_plus_exact_driver_genes"": 1105, ""signatures_plus_v4_compact_plus_hotspot_summary"": 307, ""signatures_plus_v4_full_core"": 1125, ""signatures_plus_v4_full_core_plus_optional_controls"": 1130})",38.91,1105.0,1125.0,1130.0,signatures_plus_v4_compact_plus_exact_driver_genes;signatures_plus_v4_full_core;signatures_plus_v4_full_core_plus_optional_controls,7.0,signatures_only;signatures_plus_v4_compact_biology_only;signatures_plus_v4_compact_plus_driver_evidence_tiers;signatures_plus_v4_compact_plus_exact_driver_genes;signatures_plus_v4_compact_plus_hotspot_summary;signatures_plus_v4_full_core;signatures_plus_v4_full_core_plus_optional_controls,inner_validation_selects_predeclared_bio_v4_feature_block_with_model_hyperparameters
mc3_main,hrd_binary_24,binary,signatures_plus_MAF_stack,xgboost,auroc,0.8477928698438885,0.8477928698438885,,,,0.8306292737971123,0.7751154441642383,0.7772020725388601,0.7753551102719749,0.5507223819996616,,,,,772,2,1130,5,5,1,True,pooled_global_oof,5 outer stratified folds; inner stratified validation split,outer_train_inner_validation_randomized_search,,,main_manuscript_complete_panel,XGBoost,main_complete_panel_mc3_signatures_plus_maf_stack_bio_v4_nested_fs_ac11587791bbbd40db3991bb,main_manuscript_complete_panel_oof_predictions.csv,main_manuscript_complete_panel_fold_metrics.csv,0,20260815T164541Z,measured,"MC3/HRD signatures_plus_maf_stack_bio_v4_nested_fs; Bio MAF v4 with fixed external resources and nested inner-loop feature-block selection ({""signatures_only"": 182, ""signatures_plus_v4_compact_biology_only"": 303, ""signatures_plus_v4_compact_plus_driver_evidence_tiers"": 319, ""signatures_plus_v4_compact_plus_exact_driver_genes"": 1105, ""signatures_plus_v4_compact_plus_hotspot_summary"": 307, ""signatures_plus_v4_full_core"": 1125, ""signatures_plus_v4_full_core_plus_optional_controls"": 1130})",66.446,182.0,1105.0,1125.0,signatures_only;signatures_plus_v4_compact_plus_exact_driver_genes;signatures_plus_v4_full_core,7.0,signatures_only;signatures_plus_v4_compact_biology_only;signatures_plus_v4_compact_plus_driver_evidence_tiers;signatures_plus_v4_compact_plus_exact_driver_genes;signatures_plus_v4_compact_plus_hotspot_summary;signatures_plus_v4_full_core;signatures_plus_v4_full_core_plus_optional_controls,inner_validation_selects_predeclared_bio_v4_feature_block_with_model_hyperparameters
mc3_main,hrd_binary_33,binary,burden_only,linear,auroc,0.788437708512058,0.788437708512058,,,,0.5846253424287842,0.7244066342579354,0.7370466321243523,0.7075970363404663,0.4189678184784221,,,,,772,2,3,5,5,1,True,pooled_global_oof,5 outer stratified folds; inner stratified validation split,outer_train_inner_validation_randomized_search,logistic_saga_elasticnet_nested_v1,,main_manuscript_complete_panel,elastic_net,main_complete_panel_mc3_standard_features_8cb3c8c73eb9a71f2bf3c228,main_manuscript_complete_panel_oof_predictions.csv,main_manuscript_complete_panel_fold_metrics.csv,0,20260815T164541Z,measured,MC3 cached burden-only matrix,1.021,,,,,,,
mc3_main,hrd_binary_33,binary,burden_only,xgboost,auroc,0.7988990563340005,0.7988990563340005,,,,0.5930238939136675,0.7630508689988245,0.7538860103626943,0.7334002195613136,0.4745364399736337,,,,,772,2,3,5,5,1,True,pooled_global_oof,5 outer stratified folds; inner stratified validation split,outer_train_inner_validation_randomized_search,,gpu_hist,main_manuscript_complete_panel,XGBoost,main_complete_panel_mc3_standard_features_8cb3c8c73eb9a71f2bf3c228,main_manuscript_complete_panel_oof_predictions.csv,main_manuscript_complete_panel_fold_metrics.csv,0,20260815T164541Z,measured,MC3 cached burden-only matrix,1.021,,,,,,,
mc3_main,hrd_binary_33,binary,standard_sbs96_id83,linear,auroc,0.773623423251676,0.773623423251676,,,,0.6009888470809452,0.7303561783115686,0.7487046632124352,0.7171092894110536,0.4364709069564432,,,,,772,2,182,5,5,1,True,pooled_global_oof,5 outer stratified folds; inner stratified validation split,outer_train_inner_validation_randomized_search,logistic_saga_elasticnet_nested_v1,,main_manuscript_complete_panel,elastic_net,main_complete_panel_mc3_standard_features_8cb3c8c73eb9a71f2bf3c228,main_manuscript_complete_panel_oof_predictions.csv,main_manuscript_complete_panel_fold_metrics.csv,0,20260815T164541Z,measured,MC3 cached SBS96+ID83 signature matrix,16.457,,,,,,,
mc3_main,hrd_binary_33,binary,standard_sbs96_id83,xgboost,auroc,0.8495893305372859,0.8495893305372859,,,,0.7259862942014892,0.7826708607377753,0.8031088082901554,0.7737728937728938,0.5481346846985613,,,,,772,2,182,5,5,1,True,pooled_global_oof,5 outer stratified folds; inner stratified validation split,outer_train_inner_validation_randomized_search,,gpu_hist,main_manuscript_complete_panel,XGBoost,main_complete_panel_mc3_standard_features_8cb3c8c73eb9a71f2bf3c228,main_manuscript_complete_panel_oof_predictions.csv,main_manuscript_complete_panel_fold_metrics.csv,0,20260815T164541Z,measured,MC3 cached SBS96+ID83 signature matrix,5.051,,,,,,,
mc3_main,hrd_binary_33,binary,MAF_stack_only,linear,auroc,0.7690838178756395,0.7690838178756395,,,,0.5722639721327207,0.7524624281129857,0.7525906735751295,0.7287206347979829,0.4629985723858637,,,,,772,2,948,5,5,1,True,pooled_global_oof,5 outer stratified folds; inner stratified validation split,outer_train_inner_validation_randomized_search,sgd_log_loss_elasticnet_v1,,main_manuscript_complete_panel,elastic_net,main_complete_panel_mc3_maf_stack_bio_v4_nested_fs_15d698606a129584e3f82812,main_manuscript_complete_panel_oof_predictions.csv,main_manuscript_complete_panel_fold_metrics.csv,0,20260815T164541Z,measured,"MC3/HRD maf_stack_bio_v4_nested_fs; Bio MAF v4 with fixed external resources and nested inner-loop feature-block selection ({""v4_compact_biology_only"": 121, ""v4_compact_plus_driver_evidence_tiers"": 137, ""v4_compact_plus_exact_driver_genes"": 923, ""v4_compact_plus_hotspot_summary"": 125, ""v4_full_core"": 943, ""v4_full_core_plus_optional_controls"": 948})",31.102,121.0,125.0,948.0,v4_compact_biology_only;v4_compact_plus_exact_driver_genes;v4_compact_plus_hotspot_summary;v4_full_core_plus_optional_controls,6.0,v4_compact_biology_only;v4_compact_plus_driver_evidence_tiers;v4_compact_plus_exact_driver_genes;v4_compact_plus_hotspot_summary;v4_full_core;v4_full_core_plus_optional_controls,inner_validation_selects_predeclared_bio_v4_feature_block_with_model_hyperparameters
mc3_main,hrd_binary_33,binary,MAF_stack_only,xgboost,auroc,0.8555388745909192,0.8555388745909192,,,,0.7114925449487485,0.7902805579385506,0.7901554404145078,0.767704835210556,0.5389175637811532,,,,,772,2,948,5,5,1,True,pooled_global_oof,5 outer stratified folds; inner stratified validation split,outer_train_inner_validation_randomized_search,,,main_manuscript_complete_panel,XGBoost,main_complete_panel_mc3_maf_stack_bio_v4_nested_fs_15d698606a129584e3f82812,main_manuscript_complete_panel_oof_predictions.csv,main_manuscript_complete_panel_fold_metrics.csv,0,20260815T164541Z,measured,"MC3/HRD maf_stack_bio_v4_nested_fs; Bio MAF v4 with fixed external resources and nested inner-loop feature-block selection ({""v4_compact_biology_only"": 121, ""v4_compact_plus_driver_evidence_tiers"": 137, ""v4_compact_plus_exact_driver_genes"": 923, ""v4_compact_plus_hotspot_summary"": 125, ""v4_full_core"": 943, ""v4_full_core_plus_optional_controls"": 948})",39.824,923.0,943.0,948.0,v4_compact_plus_exact_driver_genes;v4_full_core;v4_full_core_plus_optional_controls,6.0,v4_compact_biology_only;v4_compact_plus_driver_evidence_tiers;v4_compact_plus_exact_driver_genes;v4_compact_plus_hotspot_summary;v4_full_core;v4_full_core_plus_optional_controls,inner_validation_selects_predeclared_bio_v4_feature_block_with_model_hyperparameters
mc3_main,hrd_binary_33,binary,signatures_plus_MAF_stack,linear,auroc,0.7965319480189368,0.7965319480189368,,,,0.6597302245173953,0.7461633781336383,0.7875647668393783,0.7473499361430396,0.4947160052361036,,,,,772,2,1130,5,5,1,True,pooled_global_oof,5 outer stratified folds; inner stratified validation split,outer_train_inner_validation_randomized_search,sgd_log_loss_elasticnet_v1,,main_manuscript_complete_panel,elastic_net,main_complete_panel_mc3_signatures_plus_maf_stack_bio_v4_nested_fs_ac11587791bbbd40db3991bb,main_manuscript_complete_panel_oof_predictions.csv,main_manuscript_complete_panel_fold_metrics.csv,0,20260815T164541Z,measured,"MC3/HRD signatures_plus_maf_stack_bio_v4_nested_fs; Bio MAF v4 with fixed external resources and nested inner-loop feature-block selection ({""signatures_only"": 182, ""signatures_plus_v4_compact_biology_only"": 303, ""signatures_plus_v4_compact_plus_driver_evidence_tiers"": 319, ""signatures_plus_v4_compact_plus_exact_driver_genes"": 1105, ""signatures_plus_v4_compact_plus_hotspot_summary"": 307, ""signatures_plus_v4_full_core"": 1125, ""signatures_plus_v4_full_core_plus_optional_controls"": 1130})",44.414,1105.0,1105.0,1125.0,signatures_plus_v4_compact_plus_exact_driver_genes;signatures_plus_v4_full_core,7.0,signatures_only;signatures_plus_v4_compact_biology_only;signatures_plus_v4_compact_plus_driver_evidence_tiers;signatures_plus_v4_compact_plus_exact_driver_genes;signatures_plus_v4_compact_plus_hotspot_summary;signatures_plus_v4_full_core;signatures_plus_v4_full_core_plus_optional_controls,inner_validation_selects_predeclared_bio_v4_feature_block_with_model_hyperparameters
mc3_main,hrd_binary_33,binary,signatures_plus_MAF_stack,xgboost,auroc,0.900811806945636,0.900811806945636,,,,0.8071008668522709,0.8213230387951578,0.8367875647668394,0.8120652879532597,0.6245484020379806,,,,,772,2,1130,5,5,1,True,pooled_global_oof,5 outer stratified folds; inner stratified validation split,outer_train_inner_validation_randomized_search,,,main_manuscript_complete_panel,XGBoost,main_complete_panel_mc3_signatures_plus_maf_stack_bio_v4_nested_fs_ac11587791bbbd40db3991bb,main_manuscript_complete_panel_oof_predictions.csv,main_manuscript_complete_panel_fold_metrics.csv,0,20260815T164541Z,measured,"MC3/HRD signatures_plus_maf_stack_bio_v4_nested_fs; Bio MAF v4 with fixed external resources and nested inner-loop feature-block selection ({""signatures_only"": 182, ""signatures_plus_v4_compact_biology_only"": 303, ""signatures_plus_v4_compact_plus_driver_evidence_tiers"": 319, ""signatures_plus_v4_compact_plus_exact_driver_genes"": 1105, ""signatures_plus_v4_compact_plus_hotspot_summary"": 307, ""signatures_plus_v4_full_core"": 1125, ""signatures_plus_v4_full_core_plus_optional_controls"": 1130})",88.855,1105.0,1125.0,1130.0,signatures_plus_v4_compact_plus_exact_driver_genes;signatures_plus_v4_full_core;signatures_plus_v4_full_core_plus_optional_controls,7.0,signatures_only;signatures_plus_v4_compact_biology_only;signatures_plus_v4_compact_plus_driver_evidence_tiers;signatures_plus_v4_compact_plus_exact_driver_genes;signatures_plus_v4_compact_plus_hotspot_summary;signatures_plus_v4_full_core;signatures_plus_v4_full_core_plus_optional_controls,inner_validation_selects_predeclared_bio_v4_feature_block_with_model_hyperparameters
mc3_main,hrd_binary_42,binary,burden_only,linear,auroc,0.8245123258306538,0.8245123258306538,,,,0.4727552461380484,0.7632047159699893,0.7733160621761658,0.7042825404121658,0.4209867654117808,,,,,772,2,3,5,5,1,True,pooled_global_oof,5 outer stratified folds; inner stratified validation split,outer_train_inner_validation_randomized_search,logistic_saga_elasticnet_nested_v1,,main_manuscript_complete_panel,elastic_net,main_complete_panel_mc3_standard_features_8cb3c8c73eb9a71f2bf3c228,main_manuscript_complete_panel_oof_predictions.csv,main_manuscript_complete_panel_fold_metrics.csv,0,20260815T164541Z,measured,MC3 cached burden-only matrix,0.995,,,,,,,
mc3_main,hrd_binary_42,binary,burden_only,xgboost,auroc,0.8382690246516613,0.8382690246516613,,,,0.5268525904624929,0.7702250803858521,0.7642487046632125,0.7005762411347518,0.4178461334482416,,,,,772,2,3,5,5,1,True,pooled_global_oof,5 outer stratified folds; inner stratified validation split,outer_train_inner_validation_randomized_search,,gpu_hist,main_manuscript_complete_panel,XGBoost,main_complete_panel_mc3_standard_features_8cb3c8c73eb9a71f2bf3c228,main_manuscript_complete_panel_oof_predictions.csv,main_manuscript_complete_panel_fold_metrics.csv,0,20260815T164541Z,measured,MC3 cached burden-only matrix,1.185,,,,,,,
mc3_main,hrd_binary_42,binary,standard_sbs96_id83,linear,auroc,0.8585101822079314,0.8585101822079314,,,,0.6002943376309676,0.8037513397642015,0.8264248704663213,0.7591544049171168,0.522858935094646,,,,,772,2,182,5,5,1,True,pooled_global_oof,5 outer stratified folds; inner stratified validation split,outer_train_inner_validation_randomized_search,logistic_saga_elasticnet_nested_v1,,main_manuscript_complete_panel,elastic_net,main_complete_panel_mc3_standard_features_8cb3c8c73eb9a71f2bf3c228,main_manuscript_complete_panel_oof_predictions.csv,main_manuscript_complete_panel_fold_metrics.csv,0,20260815T164541Z,measured,MC3 cached SBS96+ID83 signature matrix,19.675,,,,,,,
mc3_main,hrd_binary_42,binary,standard_sbs96_id83,xgboost,auroc,0.902406216505895,0.902406216505895,,,,0.7362663984018717,0.8061414790996784,0.8588082901554405,0.7875989146210639,0.575866935483871,,,,,772,2,182,5,5,1,True,pooled_global_oof,5 outer stratified folds; inner stratified validation split,outer_train_inner_validation_randomized_search,,gpu_hist,main_manuscript_complete_panel,XGBoost,main_complete_panel_mc3_standard_features_8cb3c8c73eb9a71f2bf3c228,main_manuscript_complete_panel_oof_predictions.csv,main_manuscript_complete_panel_fold_metrics.csv,0,20260815T164541Z,measured,MC3 cached SBS96+ID83 signature matrix,5.324,,,,,,,
mc3_main,hrd_binary_42,binary,MAF_stack_only,linear,auroc,0.7911307609860664,0.7911307609860664,,,,0.4508324680931789,0.7488317256162915,0.7746113989637305,0.6994818652849741,0.4087467868586921,,,,,772,2,948,5,5,1,True,pooled_global_oof,5 outer stratified folds; inner stratified validation split,outer_train_inner_validation_randomized_search,sgd_log_loss_elasticnet_v1,,main_manuscript_complete_panel,elastic_net,main_complete_panel_mc3_maf_stack_bio_v4_nested_fs_15d698606a129584e3f82812,main_manuscript_complete_panel_oof_predictions.csv,main_manuscript_complete_panel_fold_metrics.csv,0,20260815T164541Z,measured,"MC3/HRD maf_stack_bio_v4_nested_fs; Bio MAF v4 with fixed external resources and nested inner-loop feature-block selection ({""v4_compact_biology_only"": 121, ""v4_compact_plus_driver_evidence_tiers"": 137, ""v4_compact_plus_exact_driver_genes"": 923, ""v4_compact_plus_hotspot_summary"": 125, ""v4_full_core"": 943, ""v4_full_core_plus_optional_controls"": 948})",26.72,121.0,125.0,137.0,v4_compact_biology_only;v4_compact_plus_driver_evidence_tiers;v4_compact_plus_hotspot_summary,6.0,v4_compact_biology_only;v4_compact_plus_driver_evidence_tiers;v4_compact_plus_exact_driver_genes;v4_compact_plus_hotspot_summary;v4_full_core;v4_full_core_plus_optional_controls,inner_validation_selects_predeclared_bio_v4_feature_block_with_model_hyperparameters
mc3_main,hrd_binary_42,binary,MAF_stack_only,xgboost,auroc,0.8745873526259379,0.8745873526259379,,,,0.632706531722685,0.8012433011789926,0.7979274611398963,0.7359572732773816,0.4828048235819563,,,,,772,2,948,5,5,1,True,pooled_global_oof,5 outer stratified folds; inner stratified validation split,outer_train_inner_validation_randomized_search,,,main_manuscript_complete_panel,XGBoost,main_complete_panel_mc3_maf_stack_bio_v4_nested_fs_15d698606a129584e3f82812,main_manuscript_complete_panel_oof_predictions.csv,main_manuscript_complete_panel_fold_metrics.csv,0,20260815T164541Z,measured,"MC3/HRD maf_stack_bio_v4_nested_fs; Bio MAF v4 with fixed external resources and nested inner-loop feature-block selection ({""v4_compact_biology_only"": 121, ""v4_compact_plus_driver_evidence_tiers"": 137, ""v4_compact_plus_exact_driver_genes"": 923, ""v4_compact_plus_hotspot_summary"": 125, ""v4_full_core"": 943, ""v4_full_core_plus_optional_controls"": 948})",33.858,923.0,943.0,948.0,v4_compact_plus_exact_driver_genes;v4_full_core;v4_full_core_plus_optional_controls,6.0,v4_compact_biology_only;v4_compact_plus_driver_evidence_tiers;v4_compact_plus_exact_driver_genes;v4_compact_plus_hotspot_summary;v4_full_core;v4_full_core_plus_optional_controls,inner_validation_selects_predeclared_bio_v4_feature_block_with_model_hyperparameters
mc3_main,hrd_binary_42,binary,signatures_plus_MAF_stack,linear,auroc,0.8244801714898177,0.8244801714898177,,,,0.5989615752371169,0.7832797427652733,0.8341968911917098,0.7575828942074636,0.5168772245472679,,,,,772,2,1130,5,5,1,True,pooled_global_oof,5 outer stratified folds; inner stratified validation split,outer_train_inner_validation_randomized_search,sgd_log_loss_elasticnet_v1,,main_manuscript_complete_panel,elastic_net,main_complete_panel_mc3_signatures_plus_maf_stack_bio_v4_nested_fs_ac11587791bbbd40db3991bb,main_manuscript_complete_panel_oof_predictions.csv,main_manuscript_complete_panel_fold_metrics.csv,0,20260815T164541Z,measured,"MC3/HRD signatures_plus_maf_stack_bio_v4_nested_fs; Bio MAF v4 with fixed external resources and nested inner-loop feature-block selection ({""signatures_only"": 182, ""signatures_plus_v4_compact_biology_only"": 303, ""signatures_plus_v4_compact_plus_driver_evidence_tiers"": 319, ""signatures_plus_v4_compact_plus_exact_driver_genes"": 1105, ""signatures_plus_v4_compact_plus_hotspot_summary"": 307, ""signatures_plus_v4_full_core"": 1125, ""signatures_plus_v4_full_core_plus_optional_controls"": 1130})",45.714,319.0,319.0,1125.0,signatures_plus_v4_compact_plus_driver_evidence_tiers;signatures_plus_v4_compact_plus_exact_driver_genes;signatures_plus_v4_full_core,7.0,signatures_only;signatures_plus_v4_compact_biology_only;signatures_plus_v4_compact_plus_driver_evidence_tiers;signatures_plus_v4_compact_plus_exact_driver_genes;signatures_plus_v4_compact_plus_hotspot_summary;signatures_plus_v4_full_core;signatures_plus_v4_full_core_plus_optional_controls,inner_validation_selects_predeclared_bio_v4_feature_block_with_model_hyperparameters
mc3_main,hrd_binary_42,binary,signatures_plus_MAF_stack,xgboost,auroc,0.8969614147909968,0.8969614147909968,,,,0.7405189697595882,0.8091211146838156,0.8717616580310881,0.8006900274602764,0.6015057979477767,,,,,772,2,1130,5,5,1,True,pooled_global_oof,5 outer stratified folds; inner stratified validation split,outer_train_inner_validation_randomized_search,,,main_manuscript_complete_panel,XGBoost,main_complete_panel_mc3_signatures_plus_maf_stack_bio_v4_nested_fs_ac11587791bbbd40db3991bb,main_manuscript_complete_panel_oof_predictions.csv,main_manuscript_complete_panel_fold_metrics.csv,0,20260815T164541Z,measured,"MC3/HRD signatures_plus_maf_stack_bio_v4_nested_fs; Bio MAF v4 with fixed external resources and nested inner-loop feature-block selection ({""signatures_only"": 182, ""signatures_plus_v4_compact_biology_only"": 303, ""signatures_plus_v4_compact_plus_driver_evidence_tiers"": 319, ""signatures_plus_v4_compact_plus_exact_driver_genes"": 1105, ""signatures_plus_v4_compact_plus_hotspot_summary"": 307, ""signatures_plus_v4_full_core"": 1125, ""signatures_plus_v4_full_core_plus_optional_controls"": 1130})",76.869,319.0,1125.0,1130.0,signatures_plus_v4_compact_plus_driver_evidence_tiers;signatures_plus_v4_full_core;signatures_plus_v4_full_core_plus_optional_controls,7.0,signatures_only;signatures_plus_v4_compact_biology_only;signatures_plus_v4_compact_plus_driver_evidence_tiers;signatures_plus_v4_compact_plus_exact_driver_genes;signatures_plus_v4_compact_plus_hotspot_summary;signatures_plus_v4_full_core;signatures_plus_v4_full_core_plus_optional_controls,inner_validation_selects_predeclared_bio_v4_feature_block_with_model_hyperparameters
mc3_main,cancer_type_top20,multiclass,burden_only,linear,balanced_accuracy,0.2473204505990421,0.7798911850665728,0.7798911850665728,0.794647455415398,,,0.2473204505990421,0.2425,0.2080026251830237,0.2034253059475248,0.4955681818181818,0.6420454545454546,,,8800,20,3,5,5,1,True,pooled_global_oof,5 outer stratified folds; inner stratified validation split,outer_train_inner_validation_randomized_search,logistic_saga_elasticnet_nested_v1,,main_manuscript_complete_panel,elastic_net,main_complete_panel_mc3_standard_features_8cb3c8c73eb9a71f2bf3c228,main_manuscript_complete_panel_oof_predictions.csv,main_manuscript_complete_panel_fold_metrics.csv,0,20260815T164541Z,measured,MC3 cached burden-only matrix,13.339,,,,,,,
mc3_main,cancer_type_top20,multiclass,burden_only,xgboost,balanced_accuracy,0.254945016639541,0.807802264482121,0.807802264482121,0.8354896334003915,,,0.254945016639541,0.2872727272727273,0.2386769387313887,0.2367814333410509,0.5604545454545454,0.699659090909091,,,8800,20,3,5,5,1,True,pooled_global_oof,5 outer stratified folds; inner stratified validation split,outer_train_inner_validation_randomized_search,,gpu_hist,main_manuscript_complete_panel,XGBoost,main_complete_panel_mc3_standard_features_8cb3c8c73eb9a71f2bf3c228,main_manuscript_complete_panel_oof_predictions.csv,main_manuscript_complete_panel_fold_metrics.csv,0,20260815T164541Z,measured,MC3 cached burden-only matrix,65.263,,,,,,,
mc3_main,cancer_type_top20,multiclass,standard_sbs96_id83,linear,balanced_accuracy,0.5263482583725251,0.917333850841276,0.917333850841276,0.9210033533601566,,,0.5263482583725251,0.5085227272727273,0.5040076281372301,0.4820815878534824,0.7802272727272728,0.8763636363636363,,,8800,20,182,5,5,1,True,pooled_global_oof,5 outer stratified folds; inner stratified validation split,outer_train_inner_validation_randomized_search,logistic_saga_elasticnet_nested_v1,,main_manuscript_complete_panel,elastic_net,main_complete_panel_mc3_standard_features_8cb3c8c73eb9a71f2bf3c228,main_manuscript_complete_panel_oof_predictions.csv,main_manuscript_complete_panel_fold_metrics.csv,0,20260815T164541Z,measured,MC3 cached SBS96+ID83 signature matrix,2122.713,,,,,,,
mc3_main,cancer_type_top20,multiclass,standard_sbs96_id83,xgboost,balanced_accuracy,0.5381477651217608,0.93496336737383,0.93496336737383,0.9431971849173554,,,0.5381477651217608,0.5607954545454545,0.5465269831670979,0.5323045261321613,0.8173863636363636,0.8988636363636363,,,8800,20,182,5,5,1,True,pooled_global_oof,5 outer stratified folds; inner stratified validation split,outer_train_inner_validation_randomized_search,,gpu_hist,main_manuscript_complete_panel,XGBoost,main_complete_panel_mc3_standard_features_8cb3c8c73eb9a71f2bf3c228,main_manuscript_complete_panel_oof_predictions.csv,main_manuscript_complete_panel_fold_metrics.csv,0,20260815T164541Z,measured,MC3 cached SBS96+ID83 signature matrix,1214.115,,,,,,,
mc3_main,cancer_type_top20,multiclass,MAF_stack_only,linear,balanced_accuracy,0.5712277179766847,0.864580615173326,0.864580615173326,0.8686613996574598,,,0.5712277179766847,0.5790909090909091,0.5846765187441149,0.5521005544368864,0.7938636363636363,0.8790909090909091,,,8800,20,948,5,5,1,True,pooled_global_oof,5 outer stratified folds; inner stratified validation split,outer_train_inner_validation_randomized_search,sgd_log_loss_elasticnet_v1,,main_manuscript_complete_panel,elastic_net,main_complete_panel_mc3_maf_stack_bio_v4_nested_fs_15d698606a129584e3f82812,main_manuscript_complete_panel_oof_predictions.csv,main_manuscript_complete_panel_fold_metrics.csv,0,20260815T164541Z,measured,"MC3/HRD maf_stack_bio_v4_nested_fs; Bio MAF v4 with fixed external resources and nested inner-loop feature-block selection ({""v4_compact_biology_only"": 121, ""v4_compact_plus_driver_evidence_tiers"": 137, ""v4_compact_plus_exact_driver_genes"": 923, ""v4_compact_plus_hotspot_summary"": 125, ""v4_full_core"": 943, ""v4_full_core_plus_optional_controls"": 948})",8403.414,923.0,948.0,948.0,v4_compact_plus_exact_driver_genes;v4_full_core;v4_full_core_plus_optional_controls,6.0,v4_compact_biology_only;v4_compact_plus_driver_evidence_tiers;v4_compact_plus_exact_driver_genes;v4_compact_plus_hotspot_summary;v4_full_core;v4_full_core_plus_optional_controls,inner_validation_selects_predeclared_bio_v4_feature_block_with_model_hyperparameters
mc3_main,cancer_type_top20,multiclass,MAF_stack_only,xgboost,balanced_accuracy,0.6618295959768071,0.9590512039575612,0.9590512039575612,0.9641792688397128,,,0.6618295959768071,0.6617045454545455,0.6635039435284329,0.6411156948853795,0.8638636363636364,0.9285227272727272,,,8800,20,948,5,5,1,True,pooled_global_oof,5 outer stratified folds; inner stratified validation split,outer_train_inner_validation_randomized_search,,,main_manuscript_complete_panel,XGBoost,main_complete_panel_mc3_maf_stack_bio_v4_nested_fs_15d698606a129584e3f82812,main_manuscript_complete_panel_oof_predictions.csv,main_manuscript_complete_panel_fold_metrics.csv,0,20260815T164541Z,measured,"MC3/HRD maf_stack_bio_v4_nested_fs; Bio MAF v4 with fixed external resources and nested inner-loop feature-block selection ({""v4_compact_biology_only"": 121, ""v4_compact_plus_driver_evidence_tiers"": 137, ""v4_compact_plus_exact_driver_genes"": 923, ""v4_compact_plus_hotspot_summary"": 125, ""v4_full_core"": 943, ""v4_full_core_plus_optional_controls"": 948})",5780.303,923.0,948.0,948.0,v4_compact_plus_exact_driver_genes;v4_full_core;v4_full_core_plus_optional_controls,6.0,v4_compact_biology_only;v4_compact_plus_driver_evidence_tiers;v4_compact_plus_exact_driver_genes;v4_compact_plus_hotspot_summary;v4_full_core;v4_full_core_plus_optional_controls,inner_validation_selects_predeclared_bio_v4_feature_block_with_model_hyperparameters
mc3_main,cancer_type_top20,multiclass,signatures_plus_MAF_stack,linear,balanced_accuracy,0.6723468531222593,0.921220713840642,0.921220713840642,0.9238366725342542,,,0.6723468531222593,0.6752272727272727,0.678038073260654,0.655327123070983,0.8667045454545454,0.9143181818181818,,,8800,20,1130,5,5,1,True,pooled_global_oof,5 outer stratified folds; inner stratified validation split,outer_train_inner_validation_randomized_search,sgd_log_loss_elasticnet_v1,,main_manuscript_complete_panel,elastic_net,main_complete_panel_mc3_signatures_plus_maf_stack_bio_v4_nested_fs_ac11587791bbbd40db3991bb,main_manuscript_complete_panel_oof_predictions.csv,main_manuscript_complete_panel_fold_metrics.csv,0,20260815T164541Z,measured,"MC3/HRD signatures_plus_maf_stack_bio_v4_nested_fs; Bio MAF v4 with fixed external resources and nested inner-loop feature-block selection ({""signatures_only"": 182, ""signatures_plus_v4_compact_biology_only"": 303, ""signatures_plus_v4_compact_plus_driver_evidence_tiers"": 319, ""signatures_plus_v4_compact_plus_exact_driver_genes"": 1105, ""signatures_plus_v4_compact_plus_hotspot_summary"": 307, ""signatures_plus_v4_full_core"": 1125, ""signatures_plus_v4_full_core_plus_optional_controls"": 1130})",13176.322,1125.0,1130.0,1130.0,signatures_plus_v4_full_core;signatures_plus_v4_full_core_plus_optional_controls,7.0,signatures_only;signatures_plus_v4_compact_biology_only;signatures_plus_v4_compact_plus_driver_evidence_tiers;signatures_plus_v4_compact_plus_exact_driver_genes;signatures_plus_v4_compact_plus_hotspot_summary;signatures_plus_v4_full_core;signatures_plus_v4_full_core_plus_optional_controls,inner_validation_selects_predeclared_bio_v4_feature_block_with_model_hyperparameters
mc3_main,cancer_type_top20,multiclass,signatures_plus_MAF_stack,xgboost,balanced_accuracy,0.7377837111543271,0.975484392140036,0.975484392140036,0.9779112773216616,,,0.7377837111543271,0.7393181818181818,0.744386606438489,0.7231674817125663,0.9102272727272728,0.9564772727272728,,,8800,20,1130,5,5,1,True,pooled_global_oof,5 outer stratified folds; inner stratified validation split,outer_train_inner_validation_randomized_search,,,main_manuscript_complete_panel,XGBoost,main_complete_panel_mc3_signatures_plus_maf_stack_bio_v4_nested_fs_ac11587791bbbd40db3991bb,main_manuscript_complete_panel_oof_predictions.csv,main_manuscript_complete_panel_fold_metrics.csv,0,20260817T173102Z,measured,"MC3/HRD signatures_plus_maf_stack_bio_v4_nested_fs; Bio MAF v4 with fixed external resources and nested inner-loop feature-block selection ({""signatures_only"": 182, ""signatures_plus_v4_compact_biology_only"": 303, ""signatures_plus_v4_compact_plus_driver_evidence_tiers"": 319, ""signatures_plus_v4_compact_plus_exact_driver_genes"": 1105, ""signatures_plus_v4_compact_plus_hotspot_summary"": 307, ""signatures_plus_v4_full_core"": 1125, ""signatures_plus_v4_full_core_plus_optional_controls"": 1130})",11829.337,1125.0,1125.0,1130.0,signatures_plus_v4_full_core;signatures_plus_v4_full_core_plus_optional_controls,7.0,signatures_only;signatures_plus_v4_compact_biology_only;signatures_plus_v4_compact_plus_driver_evidence_tiers;signatures_plus_v4_compact_plus_exact_driver_genes;signatures_plus_v4_compact_plus_hotspot_summary;signatures_plus_v4_full_core;signatures_plus_v4_full_core_plus_optional_controls,inner_validation_selects_predeclared_bio_v4_feature_block_with_model_hyperparameters
tcga_cdr_survival,OS,survival,burden_only,cox_ph,c_index,0.5837939659160878,,,,0.5837939659160878,,,,,,,,,,9986,2,3,5,5,1,True,pooled_global_oof,5 outer event-stratified folds; inner event-stratified validation split,outer_train_inner_validation_randomized_search,sksurv_coxnet_nested_v1_conditioned_variance,,main_manuscript_complete_panel,cox_ph,main_complete_panel_mc3_standard_features_8cb3c8c73eb9a71f2bf3c228,main_manuscript_complete_panel_oof_predictions.csv,main_manuscript_complete_panel_fold_metrics.csv,0,20260817T173102Z,measured,MC3 cached burden-only matrix,4.008,,,,,,,
tcga_cdr_survival,OS,survival,standard_sbs96_id83,cox_ph,c_index,0.6069031330581238,,,,0.6069031330581238,,,,,,,,,,9986,2,182,5,5,1,True,pooled_global_oof,5 outer event-stratified folds; inner event-stratified validation split,outer_train_inner_validation_randomized_search,sksurv_coxnet_nested_v1_conditioned_variance,,main_manuscript_complete_panel,cox_ph,main_complete_panel_mc3_standard_features_8cb3c8c73eb9a71f2bf3c228,main_manuscript_complete_panel_oof_predictions.csv,main_manuscript_complete_panel_fold_metrics.csv,0,20260817T173102Z,measured,MC3 cached SBS96+ID83 signature matrix,5.48,,,,,,,
tcga_cdr_survival,OS,survival,MAF_stack_only,cox_ph,c_index,0.6335197305897464,,,,0.6335197305897464,,,,,,,,,,9986,2,948,5,5,1,True,pooled_global_oof,5 outer event-stratified folds; inner event-stratified validation split,outer_train_inner_validation_randomized_search,sksurv_coxnet_nested_v1_conditioned_variance,,main_manuscript_complete_panel,cox_ph,main_complete_panel_mc3_maf_stack_bio_v4_nested_fs_15d698606a129584e3f82812,main_manuscript_complete_panel_oof_predictions.csv,main_manuscript_complete_panel_fold_metrics.csv,0,20260817T173102Z,measured,"MC3/HRD maf_stack_bio_v4_nested_fs; Bio MAF v4 with fixed external resources and nested inner-loop feature-block selection ({""v4_compact_biology_only"": 121, ""v4_compact_plus_driver_evidence_tiers"": 137, ""v4_compact_plus_exact_driver_genes"": 923, ""v4_compact_plus_hotspot_summary"": 125, ""v4_full_core"": 943, ""v4_full_core_plus_optional_controls"": 948})",72.584,923.0,948.0,948.0,v4_compact_plus_exact_driver_genes;v4_full_core_plus_optional_controls,6.0,v4_compact_biology_only;v4_compact_plus_driver_evidence_tiers;v4_compact_plus_exact_driver_genes;v4_compact_plus_hotspot_summary;v4_full_core;v4_full_core_plus_optional_controls,inner_validation_selects_predeclared_bio_v4_feature_block_with_model_hyperparameters
tcga_cdr_survival,OS,survival,signatures_plus_MAF_stack,cox_ph,c_index,0.650499412990355,,,,0.650499412990355,,,,,,,,,,9986,2,1130,5,5,1,True,pooled_global_oof,5 outer event-stratified folds; inner event-stratified validation split,outer_train_inner_validation_randomized_search,sksurv_coxnet_nested_v1_conditioned_variance,,main_manuscript_complete_panel,cox_ph,main_complete_panel_mc3_signatures_plus_maf_stack_bio_v4_nested_fs_ac11587791bbbd40db3991bb,main_manuscript_complete_panel_oof_predictions.csv,main_manuscript_complete_panel_fold_metrics.csv,0,20260817T173102Z,measured,"MC3/HRD signatures_plus_maf_stack_bio_v4_nested_fs; Bio MAF v4 with fixed external resources and nested inner-loop feature-block selection ({""signatures_only"": 182, ""signatures_plus_v4_compact_biology_only"": 303, ""signatures_plus_v4_compact_plus_driver_evidence_tiers"": 319, ""signatures_plus_v4_compact_plus_exact_driver_genes"": 1105, ""signatures_plus_v4_compact_plus_hotspot_summary"": 307, ""signatures_plus_v4_full_core"": 1125, ""signatures_plus_v4_full_core_plus_optional_controls"": 1130})",612.757,1105.0,1130.0,1130.0,signatures_plus_v4_compact_plus_exact_driver_genes;signatures_plus_v4_full_core_plus_optional_controls,7.0,signatures_only;signatures_plus_v4_compact_biology_only;signatures_plus_v4_compact_plus_driver_evidence_tiers;signatures_plus_v4_compact_plus_exact_driver_genes;signatures_plus_v4_compact_plus_hotspot_summary;signatures_plus_v4_full_core;signatures_plus_v4_full_core_plus_optional_controls,inner_validation_selects_predeclared_bio_v4_feature_block_with_model_hyperparameters
tcga_cdr_survival,PFI,survival,burden_only,cox_ph,c_index,0.5552189389685701,,,,0.5552189389685701,,,,,,,,,,9857,2,3,5,5,1,True,pooled_global_oof,5 outer event-stratified folds; inner event-stratified validation split,outer_train_inner_validation_randomized_search,sksurv_coxnet_nested_v1_conditioned_variance,,main_manuscript_complete_panel,cox_ph,main_complete_panel_mc3_standard_features_8cb3c8c73eb9a71f2bf3c228,main_manuscript_complete_panel_oof_predictions.csv,main_manuscript_complete_panel_fold_metrics.csv,0,20260817T173102Z,measured,MC3 cached burden-only matrix,4.15,,,,,,,
tcga_cdr_survival,PFI,survival,standard_sbs96_id83,cox_ph,c_index,0.569733409231742,,,,0.569733409231742,,,,,,,,,,9857,2,182,5,5,1,True,pooled_global_oof,5 outer event-stratified folds; inner event-stratified validation split,outer_train_inner_validation_randomized_search,sksurv_coxnet_nested_v1_conditioned_variance,,main_manuscript_complete_panel,cox_ph,main_complete_panel_mc3_standard_features_8cb3c8c73eb9a71f2bf3c228,main_manuscript_complete_panel_oof_predictions.csv,main_manuscript_complete_panel_fold_metrics.csv,0,20260817T173102Z,measured,MC3 cached SBS96+ID83 signature matrix,5.233,,,,,,,
tcga_cdr_survival,PFI,survival,MAF_stack_only,cox_ph,c_index,0.621967029930306,,,,0.621967029930306,,,,,,,,,,9857,2,948,5,5,1,True,pooled_global_oof,5 outer event-stratified folds; inner event-stratified validation split,outer_train_inner_validation_randomized_search,sksurv_coxnet_nested_v1_conditioned_variance,,main_manuscript_complete_panel,cox_ph,main_complete_panel_mc3_maf_stack_bio_v4_nested_fs_15d698606a129584e3f82812,main_manuscript_complete_panel_oof_predictions.csv,main_manuscript_complete_panel_fold_metrics.csv,0,20260817T173102Z,measured,"MC3/HRD maf_stack_bio_v4_nested_fs; Bio MAF v4 with fixed external resources and nested inner-loop feature-block selection ({""v4_compact_biology_only"": 121, ""v4_compact_plus_driver_evidence_tiers"": 137, ""v4_compact_plus_exact_driver_genes"": 923, ""v4_compact_plus_hotspot_summary"": 125, ""v4_full_core"": 943, ""v4_full_core_plus_optional_controls"": 948})",50.906,137.0,923.0,943.0,v4_compact_plus_driver_evidence_tiers;v4_compact_plus_exact_driver_genes;v4_full_core,6.0,v4_compact_biology_only;v4_compact_plus_driver_evidence_tiers;v4_compact_plus_exact_driver_genes;v4_compact_plus_hotspot_summary;v4_full_core;v4_full_core_plus_optional_controls,inner_validation_selects_predeclared_bio_v4_feature_block_with_model_hyperparameters
tcga_cdr_survival,PFI,survival,signatures_plus_MAF_stack,cox_ph,c_index,0.6304735459790111,,,,0.6304735459790111,,,,,,,,,,9857,2,1130,5,5,1,True,pooled_global_oof,5 outer event-stratified folds; inner event-stratified validation split,outer_train_inner_validation_randomized_search,sksurv_coxnet_nested_v1_conditioned_variance,,main_manuscript_complete_panel,cox_ph,main_complete_panel_mc3_signatures_plus_maf_stack_bio_v4_nested_fs_84f657f2ccd107a55908f7ca,main_manuscript_complete_panel_oof_predictions.csv,main_manuscript_complete_panel_fold_metrics.csv,0,20260817T211928Z,measured,"MC3/HRD signatures_plus_maf_stack_bio_v4_nested_fs; Bio MAF v4 with fixed external resources and nested inner-loop feature-block selection ({""signatures_only"": 182, ""signatures_plus_v4_compact_biology_only"": 303, ""signatures_plus_v4_compact_plus_driver_evidence_tiers"": 319, ""signatures_plus_v4_compact_plus_exact_driver_genes"": 1105, ""signatures_plus_v4_compact_plus_hotspot_summary"": 307, ""signatures_plus_v4_full_core"": 1125, ""signatures_plus_v4_full_core_plus_optional_controls"": 1130})",61.617,1105.0,1125.0,1125.0,signatures_plus_v4_compact_plus_exact_driver_genes;signatures_plus_v4_full_core,7.0,signatures_only;signatures_plus_v4_compact_biology_only;signatures_plus_v4_compact_plus_driver_evidence_tiers;signatures_plus_v4_compact_plus_exact_driver_genes;signatures_plus_v4_compact_plus_hotspot_summary;signatures_plus_v4_full_core;signatures_plus_v4_full_core_plus_optional_controls,inner_validation_selects_predeclared_bio_v4_feature_block_with_model_hyperparameters
kucab_damage_class,damage_class,multiclass_grouped,burden_only,linear,balanced_accuracy,0.1783286807556263,0.5647920182853738,0.5647920182853738,0.5771040128458771,,,0.1783286807556263,0.1583011583011583,0.0918573917359986,0.0458793112188857,0.4633204633204633,0.7451737451737451,,,259,8,1,5,5,1,True,pooled_global_oof,5 outer StratifiedGroupKFold; inner grouped validation split,outer_train_inner_validation_randomized_search,logistic_saga_elasticnet_nested_v1,,main_manuscript_complete_panel,elastic_net,kucab_event_inventory_damage_class_76066fd8e8f05eb3bc7868ae,main_manuscript_complete_panel_oof_predictions.csv,main_manuscript_complete_panel_fold_metrics.csv,0,20260819T213557Z,measured,Kucab raw-event spectra/burden from FASTA-validated event inventory,2.09,,,,,,,
kucab_damage_class,damage_class,multiclass_grouped,burden_only,xgboost,balanced_accuracy,0.1445779291143713,0.4729494039719146,0.4729494039719146,0.6522711348966176,,,0.1445779291143713,0.2548262548262548,0.1026204477860277,0.0345340415258328,0.5714285714285714,0.7953667953667953,,,259,8,1,5,5,1,True,pooled_global_oof,5 outer StratifiedGroupKFold; inner grouped validation split,outer_train_inner_validation_randomized_search,,gpu_hist,main_manuscript_complete_panel,XGBoost,kucab_event_inventory_damage_class_76066fd8e8f05eb3bc7868ae,main_manuscript_complete_panel_oof_predictions.csv,main_manuscript_complete_panel_fold_metrics.csv,0,20260819T213557Z,measured,Kucab raw-event spectra/burden from FASTA-validated event inventory,1.87,,,,,,,
kucab_damage_class,damage_class,multiclass_grouped,standard_sbs96_dbs78_id83,linear,balanced_accuracy,0.3309268666718959,0.6551308025953886,0.6551308025953886,0.7138789565706278,,,0.3309268666718959,0.3706563706563706,0.3285205469324047,0.2518430566385481,0.6293436293436293,0.8185328185328186,,,259,8,261,5,5,1,True,pooled_global_oof,5 outer StratifiedGroupKFold; inner grouped validation split,outer_train_inner_validation_randomized_search,logistic_saga_elasticnet_nested_v1,,main_manuscript_complete_panel,elastic_net,kucab_event_inventory_damage_class_76066fd8e8f05eb3bc7868ae,main_manuscript_complete_panel_oof_predictions.csv,main_manuscript_complete_panel_fold_metrics.csv,0,20260819T213557Z,measured,Kucab raw-event spectra/burden from FASTA-validated event inventory,39.101,,,,,,,
kucab_damage_class,damage_class,multiclass_grouped,standard_sbs96_dbs78_id83,xgboost,balanced_accuracy,0.2500105449906821,0.6553491470382637,0.6553491470382637,0.7282901055653399,,,0.2500105449906821,0.3783783783783784,0.2093559218559218,0.22262821349341,0.6332046332046332,0.8223938223938224,,,259,8,261,5,5,1,True,pooled_global_oof,5 outer StratifiedGroupKFold; inner grouped validation split,outer_train_inner_validation_randomized_search,,gpu_hist,main_manuscript_complete_panel,XGBoost,kucab_event_inventory_damage_class_76066fd8e8f05eb3bc7868ae,main_manuscript_complete_panel_oof_predictions.csv,main_manuscript_complete_panel_fold_metrics.csv,0,20260819T213557Z,measured,Kucab raw-event spectra/burden from FASTA-validated event inventory,16.569,,,,,,,
kucab_damage_class,damage_class,multiclass_grouped,MAF_stack_only,xgboost,balanced_accuracy,0.1743732884805527,0.5910364809050578,0.5910364809050578,0.6884576641884971,,,0.1743732884805527,0.2664092664092664,0.1581380636932192,0.0803244374672945,0.6061776061776062,0.8108108108108109,,,259,8,2980,5,5,1,True,pooled_global_oof,5 outer StratifiedGroupKFold; inner grouped validation split,outer_train_inner_validation_randomized_search,,gpu_hist,main_manuscript_complete_panel,XGBoost,main_complete_panel_kucab_event_stack_e056ec48f47fcc197a3a8e23,main_manuscript_complete_panel_oof_predictions.csv,main_manuscript_complete_panel_fold_metrics.csv,0,20260819T213557Z,measured,Kucab event-stack analogue; fixed capped categorical event-token features; no TCGA gene-consequence MAF atlas,62.603,,,,,,,
kucab_damage_class,damage_class,multiclass_grouped,signatures_plus_MAF_stack,xgboost,balanced_accuracy,0.1981511595655208,0.6054288167227542,0.6054288167227542,0.6942055127383313,,,0.1981511595655208,0.3127413127413127,0.1699898115502602,0.1470332476086514,0.640926640926641,0.8108108108108109,,,259,8,3241,5,5,1,True,pooled_global_oof,5 outer StratifiedGroupKFold; inner grouped validation split,outer_train_inner_validation_randomized_search,,gpu_hist,main_manuscript_complete_panel,XGBoost,main_complete_panel_kucab_signatures_plus_event_stack_698d2152fd085b32fcc2048b,main_manuscript_complete_panel_oof_predictions.csv,main_manuscript_complete_panel_fold_metrics.csv,0,20260819T213557Z,measured,Kucab event-stack analogue; fixed capped categorical event-token features; no TCGA gene-consequence MAF atlas,75.656,,,,,,,
kucab_damage_class,damage_class,multiclass_grouped,MAF_stack_only,linear,balanced_accuracy,0.2933898602576265,0.6276081619487432,0.6276081619487432,0.6620407737340998,,,0.2933898602576265,0.3474903474903475,0.289982275092021,0.2109352466109028,0.6254826254826255,0.8455598455598455,,,259,8,2980,5,5,1,True,pooled_global_oof,5 outer StratifiedGroupKFold; inner grouped validation split,outer_train_inner_validation_randomized_search,sgd_log_loss_elasticnet_v1,,main_manuscript_complete_panel,elastic_net,main_complete_panel_kucab_event_stack_e056ec48f47fcc197a3a8e23,main_manuscript_complete_panel_oof_predictions.csv,main_manuscript_complete_panel_fold_metrics.csv,0,20260820T084654Z,measured,Kucab event-stack analogue; fixed capped categorical event-token features; no TCGA gene-consequence MAF atlas,35.421,,,,,,,
kucab_damage_class,damage_class,multiclass_grouped,signatures_plus_MAF_stack,linear,balanced_accuracy,0.20421627782989915,0.5854739665733378,0.5854739665733378,0.6185581610292036,,,0.20421627782989915,0.28185328185328185,0.19019821785779234,0.12843522153673592,0.5521235521235521,0.749034749034749,,,259,8,3241,5,5,1,True,pooled_global_oof,5 outer StratifiedGroupKFold; inner grouped validation split,outer_train_inner_validation_randomized_search,sgd_log_loss_elasticnet_v1,,main_manuscript_complete_panel,elastic_net,main_complete_panel_kucab_signatures_plus_event_stack_698d2152fd085b32fcc2048b,main_manuscript_complete_panel_oof_predictions.csv,main_manuscript_complete_panel_fold_metrics.csv,0,20260820T084654Z,measured,Kucab event-stack analogue; fixed capped categorical event-token features; no TCGA gene-consequence MAF atlas,48.713,,,,,,,
