benchmark,endpoint,representation,learner,sample,true_value,predicted_class,fold,pred_class_0,class_label_0,pred_class_1,class_label_1,pred_class_2,class_label_2,pred_class_3,class_label_3,pred_class_4,class_label_4,pred_class_5,class_label_5,pred_class_6,class_label_6,pred_class_7,class_label_7,pred_class_8,class_label_8,pred_class_9,class_label_9,pred_class_10,class_label_10,pred_class_11,class_label_11,pred_class_12,class_label_12,pred_class_13,class_label_13,pred_class_14,class_label_14,pred_class_15,class_label_15,pred_class_16,class_label_16,pred_class_17,class_label_17,pred_class_18,class_label_18,pred_class_19,class_label_19
tcga_mc3_wes,tcga_20_type,MuAt-compatible reimplementation,muat_compatible_qkv_attention,TCGA-05-4396,11,15,1,0.07014598697423935,BLCA,0.05226809158921242,BRCA,0.045567408204078674,CESC,0.05218673497438431,COAD,0.04441525787115097,ESCA,0.0405358262360096,GBM,0.050820883363485336,HNSC,0.05330561846494675,KIRC,0.04616818577051163,KIRP,0.03701086342334747,LGG,0.06911773979663849,LIHC,0.05273318663239479,LUAD,0.04905160516500473,LUSC,0.0324532724916935,OV,0.047848209738731384,PRAD,0.0773700699210167,SARC,0.043087560683488846,SKCM,0.0503060407936573,STAD,0.046917881816625595,THCA,0.038689542561769485,UCEC
tcga_mc3_wes,tcga_20_type,MuAt-compatible reimplementation,muat_compatible_qkv_attention,TCGA-06-0644,5,15,1,0.06453032791614532,BLCA,0.058922700583934784,BRCA,0.0388396680355072,CESC,0.05309431999921799,COAD,0.04932393878698349,ESCA,0.04499321058392525,GBM,0.054425280541181564,HNSC,0.052992433309555054,KIRC,0.05274338275194168,KIRP,0.03583450987935066,LGG,0.06504306942224503,LIHC,0.046013686805963516,LUAD,0.047379251569509506,LUSC,0.03692629933357239,OV,0.04185152053833008,PRAD,0.07248090952634811,SARC,0.04200389236211777,SKCM,0.05169740319252014,STAD,0.0529758520424366,THCA,0.037928272038698196,UCEC
tcga_mc3_wes,tcga_20_type,MuAt-compatible reimplementation,muat_compatible_qkv_attention,TCGA-14-0787,5,2,2,0.044116996228694916,BLCA,0.04615521430969238,BRCA,0.07376284152269363,CESC,0.04852142557501793,COAD,0.06552550941705704,ESCA,0.040173836052417755,GBM,0.05446653813123703,HNSC,0.06426950544118881,KIRC,0.05029432475566864,KIRP,0.06070698797702789,LGG,0.04762980341911316,LIHC,0.03850904479622841,LUAD,0.05437662452459335,LUSC,0.04951516166329384,OV,0.034940335899591446,PRAD,0.04758397489786148,SARC,0.049327388405799866,SKCM,0.0363757386803627,STAD,0.03439641371369362,THCA,0.0593523308634758,UCEC
tcga_mc3_wes,tcga_20_type,MuAt-compatible reimplementation,muat_compatible_qkv_attention,TCGA-24-0980,13,15,1,0.06456641107797623,BLCA,0.057599663734436035,BRCA,0.03952118009328842,CESC,0.04810065031051636,COAD,0.04927742853760719,ESCA,0.04767420142889023,GBM,0.05620304122567177,HNSC,0.05075912922620773,KIRC,0.05119836702942848,KIRP,0.03580440580844879,LGG,0.05910828709602356,LIHC,0.051466748118400574,LUAD,0.05196826532483101,LUSC,0.0362587533891201,OV,0.046372804790735245,PRAD,0.07224372029304504,SARC,0.04271155595779419,SKCM,0.05301206186413765,STAD,0.049304816871881485,THCA,0.03684847801923752,UCEC
tcga_mc3_wes,tcga_20_type,MuAt-compatible reimplementation,muat_compatible_qkv_attention,TCGA-24-2293,13,15,1,0.06904954463243484,BLCA,0.05445398390293121,BRCA,0.038574688136577606,CESC,0.05150512978434563,COAD,0.050037991255521774,ESCA,0.04857274517416954,GBM,0.056593798100948334,HNSC,0.05150113254785538,KIRC,0.05150246247649193,KIRP,0.03762514889240265,LGG,0.057099923491477966,LIHC,0.04819086566567421,LUAD,0.047934144735336304,LUSC,0.037578340619802475,OV,0.04622173681855202,PRAD,0.07609662413597107,SARC,0.04165860638022423,SKCM,0.05469042807817459,STAD,0.045129530131816864,THCA,0.035983193665742874,UCEC
tcga_mc3_wes,tcga_20_type,MuAt-compatible reimplementation,muat_compatible_qkv_attention,TCGA-25-2408,13,2,2,0.04209108650684357,BLCA,0.04229948669672012,BRCA,0.07420384138822556,CESC,0.05193416774272919,COAD,0.06125528737902641,ESCA,0.04269801452755928,GBM,0.06282619386911392,HNSC,0.06328776478767395,KIRC,0.049121249467134476,KIRP,0.057540349662303925,LGG,0.0426361970603466,LIHC,0.04768295958638191,LUAD,0.05977703630924225,LUSC,0.05174597352743149,OV,0.030674319714307785,PRAD,0.04355449974536896,SARC,0.04531136155128479,SKCM,0.031588006764650345,STAD,0.03125859424471855,THCA,0.06851363182067871,UCEC
tcga_mc3_wes,tcga_20_type,MuAt-compatible reimplementation,muat_compatible_qkv_attention,TCGA-26-5132,5,2,2,0.04148459807038307,BLCA,0.04562292993068695,BRCA,0.0752774029970169,CESC,0.05066537857055664,COAD,0.06411623954772949,ESCA,0.04081011936068535,GBM,0.05438091233372688,HNSC,0.06429377943277359,KIRC,0.05293260142207146,KIRP,0.06291241943836212,LGG,0.050126902759075165,LIHC,0.04269060492515564,LUAD,0.05426858365535736,LUSC,0.0498184897005558,OV,0.03527993708848953,PRAD,0.04764313995838165,SARC,0.042412884533405304,SKCM,0.034373968839645386,STAD,0.0316944420337677,THCA,0.059194643050432205,UCEC
tcga_mc3_wes,tcga_20_type,MuAt-compatible reimplementation,muat_compatible_qkv_attention,TCGA-2Z-A9JD,8,15,1,0.06659457087516785,BLCA,0.0539131797850132,BRCA,0.037396807223558426,CESC,0.050723928958177567,COAD,0.05030488222837448,ESCA,0.04785489663481712,GBM,0.05695933848619461,HNSC,0.04941880330443382,KIRC,0.05324113741517067,KIRP,0.03830965980887413,LGG,0.05487145483493805,LIHC,0.04971764236688614,LUAD,0.05075674504041672,LUSC,0.03816744685173035,OV,0.04742316156625748,PRAD,0.07604094594717026,SARC,0.039998024702072144,SKCM,0.0568397156894207,STAD,0.04504180699586868,THCA,0.03642584756016731,UCEC
tcga_mc3_wes,tcga_20_type,MuAt-compatible reimplementation,muat_compatible_qkv_attention,TCGA-2Z-A9JG,8,2,2,0.04109199345111847,BLCA,0.04727119207382202,BRCA,0.07260431349277496,CESC,0.05434974282979965,COAD,0.062099650502204895,ESCA,0.04040507227182388,GBM,0.05939601734280586,HNSC,0.06083257496356964,KIRC,0.051847610622644424,KIRP,0.062176384031772614,LGG,0.04557234048843384,LIHC,0.04771643877029419,LUAD,0.05549169331789017,LUSC,0.04671848565340042,OV,0.03408350050449371,PRAD,0.0451531708240509,SARC,0.043075915426015854,SKCM,0.03271723538637161,STAD,0.03296714276075363,THCA,0.06442952901124954,UCEC
tcga_mc3_wes,tcga_20_type,MuAt-compatible reimplementation,muat_compatible_qkv_attention,TCGA-44-2666,11,2,2,0.04329381138086319,BLCA,0.0481465719640255,BRCA,0.07102536410093307,CESC,0.050769463181495667,COAD,0.06159385293722153,ESCA,0.04047347977757454,GBM,0.06023316830396652,HNSC,0.06034602224826813,KIRC,0.05397822707891464,KIRP,0.06026000902056694,LGG,0.04487273842096329,LIHC,0.04212287440896034,LUAD,0.05874599143862724,LUSC,0.048104219138622284,OV,0.03568408638238907,PRAD,0.04766174033284187,SARC,0.04387177899479866,SKCM,0.035157132893800735,STAD,0.03382090851664543,THCA,0.05983857810497284,UCEC
tcga_mc3_wes,tcga_20_type,MuAt-compatible reimplementation,muat_compatible_qkv_attention,TCGA-49-AARQ,11,15,1,0.06698080152273178,BLCA,0.05614281818270683,BRCA,0.03844911605119705,CESC,0.050451021641492844,COAD,0.049769770354032516,ESCA,0.04771692678332329,GBM,0.05314008519053459,HNSC,0.0523991733789444,KIRC,0.04778299480676651,KIRP,0.03681374713778496,LGG,0.057557012885808945,LIHC,0.0518915019929409,LUAD,0.05132939666509628,LUSC,0.03769741579890251,OV,0.046943169087171555,PRAD,0.07459501177072525,SARC,0.043044716119766235,SKCM,0.054080624133348465,STAD,0.04658900946378708,THCA,0.03662564605474472,UCEC
tcga_mc3_wes,tcga_20_type,MuAt-compatible reimplementation,muat_compatible_qkv_attention,TCGA-66-2734,12,15,1,0.07042909413576126,BLCA,0.051348596811294556,BRCA,0.042783282697200775,CESC,0.0516117624938488,COAD,0.045798711478710175,ESCA,0.04276427626609802,GBM,0.05454745516180992,HNSC,0.05009598284959793,KIRC,0.047398995608091354,KIRP,0.03595683351159096,LGG,0.0626864805817604,LIHC,0.05536965653300285,LUAD,0.04933301731944084,LUSC,0.03536495193839073,OV,0.04953498765826225,PRAD,0.0750451311469078,SARC,0.04077576473355293,SKCM,0.055550556629896164,STAD,0.04641767591238022,THCA,0.037186719477176666,UCEC
tcga_mc3_wes,tcga_20_type,MuAt-compatible reimplementation,muat_compatible_qkv_attention,TCGA-66-2793,12,2,2,0.041470278054475784,BLCA,0.049160394817590714,BRCA,0.07163902372121811,CESC,0.05395933985710144,COAD,0.06255747377872467,ESCA,0.03765977546572685,GBM,0.06231727823615074,HNSC,0.06273286789655685,KIRC,0.05142778530716896,KIRP,0.0611557736992836,LGG,0.042708758264780045,LIHC,0.04639621451497078,LUAD,0.06238657236099243,LUSC,0.04549245536327362,OV,0.033188097178936005,PRAD,0.044594503939151764,SARC,0.045361775904893875,SKCM,0.030780650675296783,STAD,0.030739234760403633,THCA,0.06427169591188431,UCEC
tcga_mc3_wes,tcga_20_type,MuAt-compatible reimplementation,muat_compatible_qkv_attention,TCGA-94-7033,12,15,1,0.0677933618426323,BLCA,0.053793828934431076,BRCA,0.037453290075063705,CESC,0.05200749263167381,COAD,0.050979141145944595,ESCA,0.043552715331315994,GBM,0.054364919662475586,HNSC,0.05059321969747543,KIRC,0.05327923223376274,KIRP,0.03686721622943878,LGG,0.05885402113199234,LIHC,0.04957214742898941,LUAD,0.049484122544527054,LUSC,0.03968963399529457,OV,0.043863292783498764,PRAD,0.07350810617208481,SARC,0.03981701657176018,SKCM,0.055778760462999344,STAD,0.049395181238651276,THCA,0.03935334458947182,UCEC
tcga_mc3_wes,tcga_20_type,MuAt-compatible reimplementation,muat_compatible_qkv_attention,TCGA-A6-2685,3,2,2,0.04414644092321396,BLCA,0.046772148460149765,BRCA,0.0745236799120903,CESC,0.05013146623969078,COAD,0.06593713164329529,ESCA,0.039860066026449203,GBM,0.053296998143196106,HNSC,0.06215069815516472,KIRC,0.05119938403367996,KIRP,0.05823066458106041,LGG,0.05140020325779915,LIHC,0.043797023594379425,LUAD,0.05447688326239586,LUSC,0.04707542806863785,OV,0.035489294677972794,PRAD,0.04832185059785843,SARC,0.04457605257630348,SKCM,0.03267379477620125,STAD,0.033750616014003754,THCA,0.06219017505645752,UCEC
tcga_mc3_wes,tcga_20_type,MuAt-compatible reimplementation,muat_compatible_qkv_attention,TCGA-AR-A0TX,1,15,1,0.0694931373000145,BLCA,0.05228807032108307,BRCA,0.03903178125619888,CESC,0.051615942269563675,COAD,0.04726933687925339,ESCA,0.047088563442230225,GBM,0.049885619431734085,HNSC,0.05254996940493584,KIRC,0.05108685418963432,KIRP,0.03703628107905388,LGG,0.05841943249106407,LIHC,0.04576033353805542,LUAD,0.04894300922751427,LUSC,0.04077569395303726,OV,0.045397114008665085,PRAD,0.07733682543039322,SARC,0.04063132777810097,SKCM,0.052843812853097916,STAD,0.05232502892613411,THCA,0.040221814066171646,UCEC
tcga_mc3_wes,tcga_20_type,MuAt-compatible reimplementation,muat_compatible_qkv_attention,TCGA-AX-A2HD,19,0,1,0.0691061019897461,BLCA,0.05737469717860222,BRCA,0.03805641457438469,CESC,0.04933859035372734,COAD,0.050927769392728806,ESCA,0.04185468703508377,GBM,0.05391394719481468,HNSC,0.04843075945973396,KIRC,0.05156518146395683,KIRP,0.037859443575143814,LGG,0.060989685356616974,LIHC,0.056021805852651596,LUAD,0.045875370502471924,LUSC,0.03445681557059288,OV,0.042939621955156326,PRAD,0.06565776467323303,SARC,0.039377361536026,SKCM,0.05984162166714668,STAD,0.05320122838020325,THCA,0.04321112856268883,UCEC
tcga_mc3_wes,tcga_20_type,MuAt-compatible reimplementation,muat_compatible_qkv_attention,TCGA-B4-5377,7,2,2,0.040288329124450684,BLCA,0.04570818319916725,BRCA,0.06977605074644089,CESC,0.0501473993062973,COAD,0.06164778396487236,ESCA,0.04059729352593422,GBM,0.05818556249141693,HNSC,0.06582678854465485,KIRC,0.054731544107198715,KIRP,0.06096119061112404,LGG,0.04829045385122299,LIHC,0.04419581592082977,LUAD,0.05861248821020126,LUSC,0.04753951355814934,OV,0.03480292484164238,PRAD,0.04822145029902458,SARC,0.04590559005737305,SKCM,0.03295198082923889,STAD,0.031427331268787384,THCA,0.0601823516190052,UCEC
tcga_mc3_wes,tcga_20_type,MuAt-compatible reimplementation,muat_compatible_qkv_attention,TCGA-B8-5546,7,15,1,0.06110347807407379,BLCA,0.05846794694662094,BRCA,0.037540290504693985,CESC,0.04994414746761322,COAD,0.049413230270147324,ESCA,0.03874251991510391,GBM,0.05987720564007759,HNSC,0.05249075964093208,KIRC,0.05111435800790787,KIRP,0.03382419794797897,LGG,0.06036485731601715,LIHC,0.059446197003126144,LUAD,0.057485368102788925,LUSC,0.03547048568725586,OV,0.04751019924879074,PRAD,0.06494252383708954,SARC,0.04008397087454796,SKCM,0.053489234298467636,STAD,0.04952061548829079,THCA,0.03916843608021736,UCEC
tcga_mc3_wes,tcga_20_type,MuAt-compatible reimplementation,muat_compatible_qkv_attention,TCGA-BC-A10X,10,2,2,0.03789280354976654,BLCA,0.04110415652394295,BRCA,0.06912648677825928,CESC,0.04730856418609619,COAD,0.06892810761928558,ESCA,0.04670264199376106,GBM,0.05587302893400192,HNSC,0.05683767423033714,KIRC,0.05003402754664421,KIRP,0.060700424015522,LGG,0.04403768852353096,LIHC,0.05972295626997948,LUAD,0.05041678622364998,LUSC,0.04956919327378273,OV,0.038904521614313126,PRAD,0.043685708194971085,SARC,0.04331708699464798,SKCM,0.033194590359926224,STAD,0.03629915043711662,THCA,0.06634439527988434,UCEC
tcga_mc3_wes,tcga_20_type,MuAt-compatible reimplementation,muat_compatible_qkv_attention,TCGA-BH-A42V,1,15,1,0.06489941477775574,BLCA,0.05474884435534477,BRCA,0.039129599928855896,CESC,0.05263376235961914,COAD,0.04608024284243584,ESCA,0.049184322357177734,GBM,0.054758183658123016,HNSC,0.05141696706414223,KIRC,0.05096832290291786,KIRP,0.03401969000697136,LGG,0.05993736535310745,LIHC,0.04650472477078438,LUAD,0.04978346452116966,LUSC,0.03923012316226959,OV,0.04582803696393967,PRAD,0.07673794776201248,SARC,0.03988463804125786,SKCM,0.05383791774511337,STAD,0.05239153280854225,THCA,0.03802486136555672,UCEC
tcga_mc3_wes,tcga_20_type,MuAt-compatible reimplementation,muat_compatible_qkv_attention,TCGA-BJ-A2NA,18,0,1,0.0711798369884491,BLCA,0.05437873676419258,BRCA,0.038705889135599136,CESC,0.047291919589042664,COAD,0.04861132428050041,ESCA,0.04743526875972748,GBM,0.05285154655575752,HNSC,0.052761007100343704,KIRC,0.04831435903906822,KIRP,0.03348768875002861,LGG,0.05907903611660004,LIHC,0.04963257908821106,LUAD,0.05077231675386429,LUSC,0.040531452745199203,OV,0.04591478407382965,PRAD,0.06887510418891907,SARC,0.04354714974761009,SKCM,0.05314037948846817,STAD,0.054673995822668076,THCA,0.03881560266017914,UCEC
tcga_mc3_wes,tcga_20_type,MuAt-compatible reimplementation,muat_compatible_qkv_attention,TCGA-BJ-A45G,18,2,2,0.043483540415763855,BLCA,0.05013879016041756,BRCA,0.06887843459844589,CESC,0.051231421530246735,COAD,0.06642251461744308,ESCA,0.04002108797430992,GBM,0.05752048268914223,HNSC,0.0608559176325798,KIRC,0.0576624795794487,KIRP,0.06231217458844185,LGG,0.04534121975302696,LIHC,0.04706907644867897,LUAD,0.05344662442803383,LUSC,0.049802303314208984,OV,0.03407098725438118,PRAD,0.04489331692457199,SARC,0.038598328828811646,SKCM,0.032491330057382584,STAD,0.03137313947081566,THCA,0.06438680738210678,UCEC
tcga_mc3_wes,tcga_20_type,MuAt-compatible reimplementation,muat_compatible_qkv_attention,TCGA-BK-A26L,19,2,2,0.03986285999417305,BLCA,0.047398876398801804,BRCA,0.06974346935749054,CESC,0.049165062606334686,COAD,0.06567887961864471,ESCA,0.04118909686803818,GBM,0.05378018692135811,HNSC,0.06284648180007935,KIRC,0.052846312522888184,KIRP,0.06329897791147232,LGG,0.04848364740610123,LIHC,0.04375098645687103,LUAD,0.05354830622673035,LUSC,0.050500813871622086,OV,0.034738555550575256,PRAD,0.04804316908121109,SARC,0.04457159712910652,SKCM,0.035410623997449875,STAD,0.03442210704088211,THCA,0.06071994826197624,UCEC
tcga_mc3_wes,tcga_20_type,MuAt-compatible reimplementation,muat_compatible_qkv_attention,TCGA-BP-4962,7,15,1,0.06425374001264572,BLCA,0.061681464314460754,BRCA,0.03786284476518631,CESC,0.058198921382427216,COAD,0.04633075371384621,ESCA,0.04575397074222565,GBM,0.05407601222395897,HNSC,0.048698052763938904,KIRC,0.054492369294166565,KIRP,0.03737246245145798,LGG,0.05837861821055412,LIHC,0.04508017376065254,LUAD,0.04809403419494629,LUSC,0.031305667012929916,OV,0.04354521632194519,PRAD,0.08352434635162354,SARC,0.04055541753768921,SKCM,0.05802161619067192,STAD,0.04637392610311508,THCA,0.036400385200977325,UCEC
tcga_mc3_wes,tcga_20_type,MuAt-compatible reimplementation,muat_compatible_qkv_attention,TCGA-C4-A0F1,0,15,1,0.06575434654951096,BLCA,0.05529142543673515,BRCA,0.03802313655614853,CESC,0.05100473761558533,COAD,0.04745966196060181,ESCA,0.04637019336223602,GBM,0.056364741176366806,HNSC,0.05411152541637421,KIRC,0.0527912899851799,KIRP,0.03407977521419525,LGG,0.059701114892959595,LIHC,0.04947945103049278,LUAD,0.050196900963783264,LUSC,0.03802132606506348,OV,0.04303908720612526,PRAD,0.07469616830348969,SARC,0.04092058166861534,SKCM,0.05199510604143143,STAD,0.05206215754151344,THCA,0.03863726556301117,UCEC
tcga_mc3_wes,tcga_20_type,MuAt-compatible reimplementation,muat_compatible_qkv_attention,TCGA-C5-A7CG,2,2,2,0.04499334469437599,BLCA,0.04776293411850929,BRCA,0.07721754908561707,CESC,0.052407920360565186,COAD,0.06536117941141129,ESCA,0.038769230246543884,GBM,0.05403023958206177,HNSC,0.06327241659164429,KIRC,0.050287406891584396,KIRP,0.061115436255931854,LGG,0.04713490977883339,LIHC,0.043988779187202454,LUAD,0.05144145339727402,LUSC,0.04893467202782631,OV,0.03355403617024422,PRAD,0.045043814927339554,SARC,0.044543035328388214,SKCM,0.0348227396607399,STAD,0.03357965871691704,THCA,0.06173925846815109,UCEC
tcga_mc3_wes,tcga_20_type,MuAt-compatible reimplementation,muat_compatible_qkv_attention,TCGA-CG-5728,17,2,2,0.04016021266579628,BLCA,0.042748771607875824,BRCA,0.07480543851852417,CESC,0.04736829921603203,COAD,0.06789453327655792,ESCA,0.04292472079396248,GBM,0.05714000388979912,HNSC,0.06484823673963547,KIRC,0.04955633357167244,KIRP,0.05844048410654068,LGG,0.04561149701476097,LIHC,0.04764380306005478,LUAD,0.05973188951611519,LUSC,0.04795980080962181,OV,0.033500634133815765,PRAD,0.046203672885894775,SARC,0.04381198808550835,SKCM,0.03329397365450859,STAD,0.03361211344599724,THCA,0.06274357438087463,UCEC
tcga_mc3_wes,tcga_20_type,MuAt-compatible reimplementation,muat_compatible_qkv_attention,TCGA-CR-7395,6,2,2,0.042882103472948074,BLCA,0.04747423902153969,BRCA,0.0732927918434143,CESC,0.05107502639293671,COAD,0.06584951281547546,ESCA,0.04033493623137474,GBM,0.05257155001163483,HNSC,0.06231296807527542,KIRC,0.05347684025764465,KIRP,0.06159002333879471,LGG,0.04723725467920303,LIHC,0.043380990624427795,LUAD,0.052620623260736465,LUSC,0.04798838496208191,OV,0.03728635236620903,PRAD,0.04727647081017494,SARC,0.045108310878276825,SKCM,0.03545261546969414,STAD,0.03429825231432915,THCA,0.05849076807498932,UCEC
tcga_mc3_wes,tcga_20_type,MuAt-compatible reimplementation,muat_compatible_qkv_attention,TCGA-CU-A5W6,0,2,2,0.04091034084558487,BLCA,0.04673431068658829,BRCA,0.07116654515266418,CESC,0.05280270054936409,COAD,0.0621456652879715,ESCA,0.038782116025686264,GBM,0.05683501064777374,HNSC,0.06532709300518036,KIRC,0.05248267576098442,KIRP,0.06010536849498749,LGG,0.04607206583023071,LIHC,0.050558555871248245,LUAD,0.05679541453719139,LUSC,0.04802840203046799,OV,0.03452533483505249,PRAD,0.044867150485515594,SARC,0.04603429511189461,SKCM,0.03345707803964615,STAD,0.0329904705286026,THCA,0.059379369020462036,UCEC
tcga_mc3_wes,tcga_20_type,MuAt-compatible reimplementation,muat_compatible_qkv_attention,TCGA-CV-7243,6,15,1,0.06812574714422226,BLCA,0.055168043822050095,BRCA,0.03969215974211693,CESC,0.05212104693055153,COAD,0.047472789883613586,ESCA,0.04306469112634659,GBM,0.05533354729413986,HNSC,0.05143414065241814,KIRC,0.05015283450484276,KIRP,0.03443850576877594,LGG,0.06547557562589645,LIHC,0.05025595426559448,LUAD,0.048915088176727295,LUSC,0.036255545914173126,OV,0.04242391884326935,PRAD,0.0743178203701973,SARC,0.04201723635196686,SKCM,0.05429054796695709,STAD,0.050678737461566925,THCA,0.03836605325341225,UCEC
tcga_mc3_wes,tcga_20_type,MuAt-compatible reimplementation,muat_compatible_qkv_attention,TCGA-D5-6540,3,2,2,0.03950326889753342,BLCA,0.04715881124138832,BRCA,0.07091409713029861,CESC,0.04717725142836571,COAD,0.06623432785272598,ESCA,0.0411381721496582,GBM,0.05616433545947075,HNSC,0.06521685421466827,KIRC,0.05307549983263016,KIRP,0.05983727052807808,LGG,0.04401334747672081,LIHC,0.04461515322327614,LUAD,0.05666316673159599,LUSC,0.051086075603961945,OV,0.03388165310025215,PRAD,0.04614453390240669,SARC,0.045909494161605835,SKCM,0.03571516275405884,STAD,0.0341055728495121,THCA,0.0614459402859211,UCEC
tcga_mc3_wes,tcga_20_type,MuAt-compatible reimplementation,muat_compatible_qkv_attention,TCGA-DA-A95Y,16,15,1,0.06992839276790619,BLCA,0.05803612992167473,BRCA,0.03355015814304352,CESC,0.049092572182416916,COAD,0.04384970664978027,ESCA,0.05124947428703308,GBM,0.060457903891801834,HNSC,0.0559564083814621,KIRC,0.05133860930800438,KIRP,0.03557109832763672,LGG,0.0563780777156353,LIHC,0.046274229884147644,LUAD,0.04899097606539726,LUSC,0.033828429877758026,OV,0.04332944005727768,PRAD,0.07107316702604294,SARC,0.0421544574201107,SKCM,0.055557120591402054,STAD,0.052747488021850586,THCA,0.04063619300723076,UCEC
tcga_mc3_wes,tcga_20_type,MuAt-compatible reimplementation,muat_compatible_qkv_attention,TCGA-DD-A116,10,15,1,0.06854410469532013,BLCA,0.05517146736383438,BRCA,0.03916691616177559,CESC,0.049839138984680176,COAD,0.04972049221396446,ESCA,0.04790763556957245,GBM,0.05237278342247009,HNSC,0.05052869766950607,KIRC,0.04943590983748436,KIRP,0.03718050196766853,LGG,0.05985451117157936,LIHC,0.0493873730301857,LUAD,0.04894734174013138,LUSC,0.03823336586356163,OV,0.04520358517765999,PRAD,0.07390113919973373,SARC,0.04203011095523834,SKCM,0.054730892181396484,STAD,0.048697274178266525,THCA,0.03914673253893852,UCEC
tcga_mc3_wes,tcga_20_type,MuAt-compatible reimplementation,muat_compatible_qkv_attention,TCGA-DD-AAE4,10,2,2,0.040756430476903915,BLCA,0.04734041541814804,BRCA,0.07456046342849731,CESC,0.051126811653375626,COAD,0.06471825391054153,ESCA,0.03848516196012497,GBM,0.056415826082229614,HNSC,0.06823407113552094,KIRC,0.05129066854715347,KIRP,0.06441240757703781,LGG,0.04426496475934982,LIHC,0.040342386811971664,LUAD,0.05739683657884598,LUSC,0.04886062443256378,OV,0.03492981940507889,PRAD,0.04620523378252983,SARC,0.04683233052492142,SKCM,0.03473002836108208,STAD,0.03121597319841385,THCA,0.057881295680999756,UCEC
tcga_mc3_wes,tcga_20_type,MuAt-compatible reimplementation,muat_compatible_qkv_attention,TCGA-DM-A1HB,3,15,1,0.07089582830667496,BLCA,0.05493311583995819,BRCA,0.03966620936989784,CESC,0.04766058176755905,COAD,0.048032261431217194,ESCA,0.04763294756412506,GBM,0.05293899029493332,HNSC,0.05066688358783722,KIRC,0.049792543053627014,KIRP,0.03952858969569206,LGG,0.059399254620075226,LIHC,0.05118504911661148,LUAD,0.04777248576283455,LUSC,0.03565821424126625,OV,0.045179642736911774,PRAD,0.07263437658548355,SARC,0.03952254354953766,SKCM,0.05641360208392143,STAD,0.04975266009569168,THCA,0.040734242647886276,UCEC
tcga_mc3_wes,tcga_20_type,MuAt-compatible reimplementation,muat_compatible_qkv_attention,TCGA-DW-7838,8,2,2,0.03944597765803337,BLCA,0.04666459560394287,BRCA,0.07207291573286057,CESC,0.052000924944877625,COAD,0.06483009457588196,ESCA,0.0415496751666069,GBM,0.05733892321586609,HNSC,0.060867276042699814,KIRC,0.0523042231798172,KIRP,0.06130953133106232,LGG,0.04352816194295883,LIHC,0.04923509061336517,LUAD,0.055407505482435226,LUSC,0.048324521631002426,OV,0.03466629236936569,PRAD,0.044836584478616714,SARC,0.043556321412324905,SKCM,0.03418232873082161,STAD,0.03407205268740654,THCA,0.06380702555179596,UCEC
tcga_mc3_wes,tcga_20_type,MuAt-compatible reimplementation,muat_compatible_qkv_attention,TCGA-DX-A8BK,15,15,1,0.06693489849567413,BLCA,0.05609724298119545,BRCA,0.03779585659503937,CESC,0.04749997705221176,COAD,0.04997635260224342,ESCA,0.049814146012067795,GBM,0.05356353893876076,HNSC,0.05499076470732689,KIRC,0.04862717166543007,KIRP,0.03637606278061867,LGG,0.05797071009874344,LIHC,0.05148560553789139,LUAD,0.05117363482713699,LUSC,0.039283134043216705,OV,0.04388846084475517,PRAD,0.07355207204818726,SARC,0.04332977160811424,SKCM,0.05264066904783249,STAD,0.04773233085870743,THCA,0.03726751357316971,UCEC
tcga_mc3_wes,tcga_20_type,MuAt-compatible reimplementation,muat_compatible_qkv_attention,TCGA-DX-AB2P,15,15,1,0.062052540481090546,BLCA,0.056098371744155884,BRCA,0.038203898817300797,CESC,0.04864681884646416,COAD,0.05063605308532715,ESCA,0.042598772794008255,GBM,0.06275390088558197,HNSC,0.050201598554849625,KIRC,0.05251319333910942,KIRP,0.03596305474638939,LGG,0.06049792841076851,LIHC,0.052137915045022964,LUAD,0.05240388587117195,LUSC,0.0328790582716465,OV,0.04641951248049736,PRAD,0.0752045065164566,SARC,0.040249474346637726,SKCM,0.056091949343681335,STAD,0.0477268360555172,THCA,0.03672073408961296,UCEC
tcga_mc3_wes,tcga_20_type,MuAt-compatible reimplementation,muat_compatible_qkv_attention,TCGA-E3-A3E0,18,15,1,0.06971479207277298,BLCA,0.05264722928404808,BRCA,0.042391758412122726,CESC,0.05877019464969635,COAD,0.04652402177453041,ESCA,0.05573220178484917,GBM,0.04789099469780922,HNSC,0.05339702591300011,KIRC,0.05118870362639427,KIRP,0.036491524428129196,LGG,0.0587652288377285,LIHC,0.04520131275057793,LUAD,0.045183587819337845,LUSC,0.046940430998802185,OV,0.04665917530655861,PRAD,0.07645164430141449,SARC,0.03945212438702583,SKCM,0.0478917732834816,STAD,0.04342126473784447,THCA,0.03528495505452156,UCEC
tcga_mc3_wes,tcga_20_type,MuAt-compatible reimplementation,muat_compatible_qkv_attention,TCGA-EJ-5512,14,2,2,0.04775267839431763,BLCA,0.046968936920166016,BRCA,0.07092262804508209,CESC,0.044447533786296844,COAD,0.0702885240316391,ESCA,0.04207620769739151,GBM,0.05584811419248581,HNSC,0.06099887564778328,KIRC,0.05111504718661308,KIRP,0.05962184816598892,LGG,0.04789431765675545,LIHC,0.04452190175652504,LUAD,0.05889425799250603,LUSC,0.04494674131274223,OV,0.03812812641263008,PRAD,0.04344126954674721,SARC,0.046581294387578964,SKCM,0.033201754093170166,STAD,0.032764680683612823,THCA,0.05958528444170952,UCEC
tcga_mc3_wes,tcga_20_type,MuAt-compatible reimplementation,muat_compatible_qkv_attention,TCGA-EK-A2RD,2,15,1,0.06570596247911453,BLCA,0.05265762284398079,BRCA,0.0394957959651947,CESC,0.05138399451971054,COAD,0.04563041031360626,ESCA,0.047613635659217834,GBM,0.051697585731744766,HNSC,0.053647831082344055,KIRC,0.05077178403735161,KIRP,0.033682581037282944,LGG,0.06038150191307068,LIHC,0.05081937089562416,LUAD,0.049856897443532944,LUSC,0.03985268622636795,OV,0.044124383479356766,PRAD,0.07497794181108475,SARC,0.042030006647109985,SKCM,0.05226079002022743,STAD,0.05358527973294258,THCA,0.039823923259973526,UCEC
tcga_mc3_wes,tcga_20_type,MuAt-compatible reimplementation,muat_compatible_qkv_attention,TCGA-ER-A3ES,16,2,2,0.04637807235121727,BLCA,0.05064098909497261,BRCA,0.07182157784700394,CESC,0.0553436204791069,COAD,0.06559156626462936,ESCA,0.038828443735837936,GBM,0.05731172859668732,HNSC,0.05514924228191376,KIRC,0.049133140593767166,KIRP,0.06156247481703758,LGG,0.04529936611652374,LIHC,0.04526657983660698,LUAD,0.048724424093961716,LUSC,0.047487977892160416,OV,0.03503313288092613,PRAD,0.045337192714214325,SARC,0.042525824159383774,SKCM,0.03382754698395729,STAD,0.03734157979488373,THCA,0.06739551573991776,UCEC
tcga_mc3_wes,tcga_20_type,MuAt-compatible reimplementation,muat_compatible_qkv_attention,TCGA-EY-A2OQ,19,2,2,0.04452523961663246,BLCA,0.04420709237456322,BRCA,0.07745786011219025,CESC,0.052382998168468475,COAD,0.06524450331926346,ESCA,0.041144099086523056,GBM,0.056959908455610275,HNSC,0.06194444000720978,KIRC,0.04940517246723175,KIRP,0.06112389266490936,LGG,0.04395659640431404,LIHC,0.04784832149744034,LUAD,0.05102188140153885,LUSC,0.04966329410672188,OV,0.03222665190696716,PRAD,0.0435694083571434,SARC,0.04541383311152458,SKCM,0.034917984157800674,STAD,0.032850708812475204,THCA,0.06413604319095612,UCEC
tcga_mc3_wes,tcga_20_type,MuAt-compatible reimplementation,muat_compatible_qkv_attention,TCGA-HQ-A2OF,0,2,2,0.04508223757147789,BLCA,0.04695071280002594,BRCA,0.0749533399939537,CESC,0.049469515681266785,COAD,0.06951476633548737,ESCA,0.04063689708709717,GBM,0.051344599574804306,HNSC,0.061815667897462845,KIRC,0.04974256828427315,KIRP,0.06013336777687073,LGG,0.047210078686475754,LIHC,0.046625103801488876,LUAD,0.05016187205910683,LUSC,0.04860462248325348,OV,0.03287198022007942,PRAD,0.04335138201713562,SARC,0.047373633831739426,SKCM,0.03615950420498848,STAD,0.03596425801515579,THCA,0.062033843249082565,UCEC
tcga_mc3_wes,tcga_20_type,MuAt-compatible reimplementation,muat_compatible_qkv_attention,TCGA-HT-7690,9,2,2,0.042075663805007935,BLCA,0.04980567470192909,BRCA,0.0668693408370018,CESC,0.04550042748451233,COAD,0.06460320949554443,ESCA,0.03962027654051781,GBM,0.05505410209298134,HNSC,0.06070856750011444,KIRC,0.05320291593670845,KIRP,0.05617767572402954,LGG,0.04971969872713089,LIHC,0.03634554147720337,LUAD,0.055992938578128815,LUSC,0.05169142782688141,OV,0.035480204969644547,PRAD,0.05061457306146622,SARC,0.04878556355834007,SKCM,0.03802966699004173,STAD,0.03876909613609314,THCA,0.06095345690846443,UCEC
tcga_mc3_wes,tcga_20_type,MuAt-compatible reimplementation,muat_compatible_qkv_attention,TCGA-HT-8104,9,15,1,0.06528191268444061,BLCA,0.05848592519760132,BRCA,0.04115471988916397,CESC,0.0506589338183403,COAD,0.05061306431889534,ESCA,0.04523717239499092,GBM,0.052400074899196625,HNSC,0.05356759950518608,KIRC,0.05123433098196983,KIRP,0.03646821156144142,LGG,0.06223578006029129,LIHC,0.04652396962046623,LUAD,0.04971977323293686,LUSC,0.039462052285671234,OV,0.04344126582145691,PRAD,0.07037807255983353,SARC,0.041026175022125244,SKCM,0.05123035982251167,STAD,0.052331261336803436,THCA,0.03854930400848389,UCEC
tcga_mc3_wes,tcga_20_type,MuAt-compatible reimplementation,muat_compatible_qkv_attention,TCGA-J4-A67N,14,2,2,0.04389558732509613,BLCA,0.04617210850119591,BRCA,0.07278480380773544,CESC,0.05003771930932999,COAD,0.06751248985528946,ESCA,0.04065151885151863,GBM,0.054295338690280914,HNSC,0.06319510191679001,KIRC,0.049259983003139496,KIRP,0.05820806324481964,LGG,0.04685883969068527,LIHC,0.042230263352394104,LUAD,0.055567290633916855,LUSC,0.048243843019008636,OV,0.03320803493261337,PRAD,0.048962026834487915,SARC,0.04742800071835518,SKCM,0.0336998850107193,STAD,0.03372333571314812,THCA,0.06406576931476593,UCEC
tcga_mc3_wes,tcga_20_type,MuAt-compatible reimplementation,muat_compatible_qkv_attention,TCGA-J9-A8CP,14,0,1,0.07217267900705338,BLCA,0.05334566906094551,BRCA,0.03799104690551758,CESC,0.04739600047469139,COAD,0.04936298727989197,ESCA,0.0560971274971962,GBM,0.05321362614631653,HNSC,0.05595989525318146,KIRC,0.04949958249926567,KIRP,0.03859023377299309,LGG,0.05481359735131264,LIHC,0.04923037067055702,LUAD,0.04687652736902237,LUSC,0.037994854152202606,OV,0.044571999460458755,PRAD,0.06981828063726425,SARC,0.04486236348748207,SKCM,0.052522435784339905,STAD,0.04764825105667114,THCA,0.03803248703479767,UCEC
tcga_mc3_wes,tcga_20_type,MuAt-compatible reimplementation,muat_compatible_qkv_attention,TCGA-JY-A6FH,4,2,2,0.04201843962073326,BLCA,0.04554970934987068,BRCA,0.07314341515302658,CESC,0.05556563287973404,COAD,0.05986218526959419,ESCA,0.041156891733407974,GBM,0.05944734066724777,HNSC,0.06109589338302612,KIRC,0.05424084514379501,KIRP,0.061744336038827896,LGG,0.045830242335796356,LIHC,0.04705483838915825,LUAD,0.053591128438711166,LUSC,0.048203106969594955,OV,0.033786993473768234,PRAD,0.04520658403635025,SARC,0.04376336187124252,SKCM,0.03388676419854164,STAD,0.031688760966062546,THCA,0.06316348910331726,UCEC
tcga_mc3_wes,tcga_20_type,MuAt-compatible reimplementation,muat_compatible_qkv_attention,TCGA-L5-A893,4,2,2,0.04174412414431572,BLCA,0.04707952216267586,BRCA,0.07309199124574661,CESC,0.048838403075933456,COAD,0.06417608261108398,ESCA,0.041662443429231644,GBM,0.055159732699394226,HNSC,0.0632210299372673,KIRC,0.053901106119155884,KIRP,0.061749182641506195,LGG,0.04836415499448776,LIHC,0.042862165719270706,LUAD,0.0575503334403038,LUSC,0.04834634065628052,OV,0.03497961163520813,PRAD,0.047200758010149,SARC,0.04356947913765907,SKCM,0.035074446350336075,STAD,0.03308277949690819,THCA,0.05834633484482765,UCEC
tcga_mc3_wes,tcga_20_type,MuAt-compatible reimplementation,muat_compatible_qkv_attention,TCGA-LL-A6FQ,1,2,2,0.04260814189910889,BLCA,0.04811211675405502,BRCA,0.07356832921504974,CESC,0.05020466446876526,COAD,0.06708702445030212,ESCA,0.03972300514578819,GBM,0.05363497883081436,HNSC,0.06328772753477097,KIRC,0.05057808384299278,KIRP,0.059208206832408905,LGG,0.04683879390358925,LIHC,0.04708922654390335,LUAD,0.05436474829912186,LUSC,0.04864919185638428,OV,0.03434259817004204,PRAD,0.04695988446474075,SARC,0.043858010321855545,SKCM,0.03355079144239426,STAD,0.03344494104385376,THCA,0.06288949400186539,UCEC
tcga_mc3_wes,tcga_20_type,MuAt-compatible reimplementation,muat_compatible_qkv_attention,TCGA-LN-A9FP,4,15,1,0.06478451192378998,BLCA,0.05489238724112511,BRCA,0.036538828164339066,CESC,0.05141736939549446,COAD,0.05117425322532654,ESCA,0.043488189578056335,GBM,0.05811699479818344,HNSC,0.05147073045372963,KIRC,0.05106589198112488,KIRP,0.03710157796740532,LGG,0.05907532945275307,LIHC,0.051440559327602386,LUAD,0.05371246859431267,LUSC,0.03641463816165924,OV,0.04772209748625755,PRAD,0.07603374868631363,SARC,0.03973039239645004,SKCM,0.0552075169980526,STAD,0.04472855105996132,THCA,0.03588394448161125,UCEC
tcga_mc3_wes,tcga_20_type,MuAt-compatible reimplementation,muat_compatible_qkv_attention,TCGA-RS-A6TO,6,15,1,0.06553830206394196,BLCA,0.053839463740587234,BRCA,0.03835552558302879,CESC,0.049420204013586044,COAD,0.04989592358469963,ESCA,0.04795069620013237,GBM,0.05578354001045227,HNSC,0.0532875619828701,KIRC,0.0529099777340889,KIRP,0.03686186671257019,LGG,0.056972332298755646,LIHC,0.04821910709142685,LUAD,0.05168123170733452,LUSC,0.03911374881863594,OV,0.04608285427093506,PRAD,0.07540688663721085,SARC,0.039630226790905,SKCM,0.052964337170124054,STAD,0.048356980085372925,THCA,0.03772919252514839,UCEC
tcga_mc3_wes,tcga_20_type,MuAt-compatible reimplementation,muat_compatible_qkv_attention,TCGA-S9-A7R8,9,15,1,0.0703314021229744,BLCA,0.0558508075773716,BRCA,0.03937670215964317,CESC,0.04848199710249901,COAD,0.04787686467170715,ESCA,0.046055980026721954,GBM,0.058800648897886276,HNSC,0.0487530492246151,KIRC,0.05014607682824135,KIRP,0.036615945398807526,LGG,0.058781299740076065,LIHC,0.05071746185421944,LUAD,0.048076082020998,LUSC,0.03372984007000923,OV,0.04740079864859581,PRAD,0.07264290004968643,SARC,0.039508603513240814,SKCM,0.05761539936065674,STAD,0.050846461206674576,THCA,0.03839167580008507,UCEC
tcga_mc3_wes,tcga_20_type,MuAt-compatible reimplementation,muat_compatible_qkv_attention,TCGA-VQ-A8DV,17,2,2,0.04306318238377571,BLCA,0.04564584791660309,BRCA,0.07328247278928757,CESC,0.051984816789627075,COAD,0.06369128823280334,ESCA,0.04141279309988022,GBM,0.05743423104286194,HNSC,0.060091808438301086,KIRC,0.05164993926882744,KIRP,0.057218749076128006,LGG,0.04610733687877655,LIHC,0.04811627417802811,LUAD,0.05702657997608185,LUSC,0.048958662897348404,OV,0.03292783722281456,PRAD,0.04730489104986191,SARC,0.04340118542313576,SKCM,0.03275033086538315,STAD,0.03308422863483429,THCA,0.06484753638505936,UCEC
tcga_mc3_wes,tcga_20_type,MuAt-compatible reimplementation,muat_compatible_qkv_attention,TCGA-VQ-A8PY,17,15,1,0.06475705653429031,BLCA,0.05594863370060921,BRCA,0.03595723956823349,CESC,0.0521896593272686,COAD,0.05031765624880791,ESCA,0.04794636368751526,GBM,0.05429724603891373,HNSC,0.05191477760672569,KIRC,0.051323384046554565,KIRP,0.0363464429974556,LGG,0.05875871330499649,LIHC,0.052520256489515305,LUAD,0.05073574557900429,LUSC,0.03849341347813606,OV,0.04542519897222519,PRAD,0.071189746260643,SARC,0.03953341022133827,SKCM,0.05598822608590126,STAD,0.048596952110528946,THCA,0.03775987774133682,UCEC
tcga_mc3_wes,tcga_20_type,MuAt-compatible reimplementation,muat_compatible_qkv_attention,TCGA-VS-A8Q8,2,15,1,0.06868832558393478,BLCA,0.05228182300925255,BRCA,0.0387549102306366,CESC,0.05249626934528351,COAD,0.04858182370662689,ESCA,0.050184570252895355,GBM,0.051158927381038666,HNSC,0.05287189036607742,KIRC,0.04997002333402634,KIRP,0.03628629073500633,LGG,0.05793936550617218,LIHC,0.047561611980199814,LUAD,0.04802880063652992,LUSC,0.04270543158054352,OV,0.0448552668094635,PRAD,0.07408116012811661,SARC,0.041309792548418045,SKCM,0.05334094539284706,STAD,0.049456484615802765,THCA,0.03944629058241844,UCEC
tcga_mc3_wes,tcga_20_type,MuAt-compatible reimplementation,muat_compatible_qkv_attention,TCGA-X6-A7WD,15,2,2,0.04217318445444107,BLCA,0.047297921031713486,BRCA,0.07287244498729706,CESC,0.050063587725162506,COAD,0.06510397046804428,ESCA,0.04130636900663376,GBM,0.05638816952705383,HNSC,0.06191128119826317,KIRC,0.053637079894542694,KIRP,0.06345556676387787,LGG,0.046485330909490585,LIHC,0.041258204728364944,LUAD,0.06194670870900154,LUSC,0.04592941328883171,OV,0.03680827468633652,PRAD,0.046232227236032486,SARC,0.04478384181857109,SKCM,0.03420288488268852,STAD,0.031244540587067604,THCA,0.056898944079875946,UCEC
tcga_mc3_wes,tcga_20_type,MuAt-compatible reimplementation,muat_compatible_qkv_attention,TCGA-YG-AA3N,16,2,2,0.042615607380867004,BLCA,0.04017144441604614,BRCA,0.08371997624635696,CESC,0.05366920679807663,COAD,0.06020534411072731,ESCA,0.041667357087135315,GBM,0.05749494954943657,HNSC,0.07066873461008072,KIRC,0.049716342240571976,KIRP,0.05491960793733597,LGG,0.03756580129265785,LIHC,0.04833848774433136,LUAD,0.05122809857130051,LUSC,0.05464146286249161,OV,0.03298903629183769,PRAD,0.0445367693901062,SARC,0.045683711767196655,SKCM,0.03622313216328621,STAD,0.03187523037195206,THCA,0.062069639563560486,UCEC
