endpoint,endpoint_display,representation_family,representation_family_display,model_family,model_display,calibration_mode,calibration_mode_display,calibration_y_label,bin,bin_left,bin_right,mean_predicted,observed_frequency,n_samples,n_total,n_classes,endpoint_ece
damage_class,Kucab damage class,signatures_plus_MAF_stack,Signatures + Bio MAF v4,XGBoost,XGBoost,multiclass_confidence_accuracy,Confidence versus correctness,Observed accuracy,2,0.1,0.2,0.18054475200562473,0.16666666666666666,30,259,8,0.08314795748004443
damage_class,Kucab damage class,signatures_plus_MAF_stack,Signatures + Bio MAF v4,XGBoost,XGBoost,multiclass_confidence_accuracy,Confidence versus correctness,Observed accuracy,3,0.2,0.30000000000000004,0.25262606542191196,0.20754716981132076,106,259,8,0.08314795748004443
damage_class,Kucab damage class,signatures_plus_MAF_stack,Signatures + Bio MAF v4,XGBoost,XGBoost,multiclass_confidence_accuracy,Confidence versus correctness,Observed accuracy,4,0.30000000000000004,0.4,0.3494714826908909,0.23076923076923078,52,259,8,0.08314795748004443
damage_class,Kucab damage class,signatures_plus_MAF_stack,Signatures + Bio MAF v4,XGBoost,XGBoost,multiclass_confidence_accuracy,Confidence versus correctness,Observed accuracy,5,0.4,0.5,0.45495922507000924,0.25,24,259,8,0.08314795748004443
damage_class,Kucab damage class,signatures_plus_MAF_stack,Signatures + Bio MAF v4,XGBoost,XGBoost,multiclass_confidence_accuracy,Confidence versus correctness,Observed accuracy,6,0.5,0.6000000000000001,0.5343648227941331,0.48,25,259,8,0.08314795748004443
damage_class,Kucab damage class,signatures_plus_MAF_stack,Signatures + Bio MAF v4,XGBoost,XGBoost,multiclass_confidence_accuracy,Confidence versus correctness,Observed accuracy,7,0.6000000000000001,0.7000000000000001,0.637805469416844,0.5,10,259,8,0.08314795748004443
damage_class,Kucab damage class,signatures_plus_MAF_stack,Signatures + Bio MAF v4,XGBoost,XGBoost,multiclass_confidence_accuracy,Confidence versus correctness,Observed accuracy,8,0.7000000000000001,0.8,0.7514787495315554,1.0,8,259,8,0.08314795748004443
damage_class,Kucab damage class,signatures_plus_MAF_stack,Signatures + Bio MAF v4,XGBoost,XGBoost,multiclass_confidence_accuracy,Confidence versus correctness,Observed accuracy,9,0.8,0.9,0.8690670692339441,1.0,4,259,8,0.08314795748004443
hrd_binary_24,HRD24 high/low,signatures_plus_MAF_stack,Signatures + Bio MAF v4,XGBoost,XGBoost,binary_positive_probability,Positive-class probability,Observed positive fraction,1,0.0,0.1,0.06272760663346749,0.0625,48,772,2,0.07773060712942778
hrd_binary_24,HRD24 high/low,signatures_plus_MAF_stack,Signatures + Bio MAF v4,XGBoost,XGBoost,binary_positive_probability,Positive-class probability,Observed positive fraction,2,0.1,0.2,0.15219558974772718,0.16393442622950818,122,772,2,0.07773060712942778
hrd_binary_24,HRD24 high/low,signatures_plus_MAF_stack,Signatures + Bio MAF v4,XGBoost,XGBoost,binary_positive_probability,Positive-class probability,Observed positive fraction,3,0.2,0.30000000000000004,0.2512715065886608,0.21518987341772153,79,772,2,0.07773060712942778
hrd_binary_24,HRD24 high/low,signatures_plus_MAF_stack,Signatures + Bio MAF v4,XGBoost,XGBoost,binary_positive_probability,Positive-class probability,Observed positive fraction,4,0.30000000000000004,0.4,0.3467004640142638,0.2558139534883721,43,772,2,0.07773060712942778
hrd_binary_24,HRD24 high/low,signatures_plus_MAF_stack,Signatures + Bio MAF v4,XGBoost,XGBoost,binary_positive_probability,Positive-class probability,Observed positive fraction,5,0.4,0.5,0.44709794975912365,0.2740740740740741,135,772,2,0.07773060712942778
hrd_binary_24,HRD24 high/low,signatures_plus_MAF_stack,Signatures + Bio MAF v4,XGBoost,XGBoost,binary_positive_probability,Positive-class probability,Observed positive fraction,6,0.5,0.6000000000000001,0.5579515054540815,0.6981132075471698,106,772,2,0.07773060712942778
hrd_binary_24,HRD24 high/low,signatures_plus_MAF_stack,Signatures + Bio MAF v4,XGBoost,XGBoost,binary_positive_probability,Positive-class probability,Observed positive fraction,7,0.6000000000000001,0.7000000000000001,0.6559246222178141,0.5333333333333333,45,772,2,0.07773060712942778
hrd_binary_24,HRD24 high/low,signatures_plus_MAF_stack,Signatures + Bio MAF v4,XGBoost,XGBoost,binary_positive_probability,Positive-class probability,Observed positive fraction,8,0.7000000000000001,0.8,0.752052456663366,0.7017543859649122,57,772,2,0.07773060712942778
hrd_binary_24,HRD24 high/low,signatures_plus_MAF_stack,Signatures + Bio MAF v4,XGBoost,XGBoost,binary_positive_probability,Positive-class probability,Observed positive fraction,9,0.8,0.9,0.8542719128585997,0.8928571428571429,84,772,2,0.07773060712942778
hrd_binary_24,HRD24 high/low,signatures_plus_MAF_stack,Signatures + Bio MAF v4,XGBoost,XGBoost,binary_positive_probability,Positive-class probability,Observed positive fraction,10,0.9,1.0,0.944032536362702,0.9811320754716981,53,772,2,0.07773060712942778
hrd_binary_33,HRD33 high/low,signatures_plus_MAF_stack,Signatures + Bio MAF v4,XGBoost,XGBoost,binary_positive_probability,Positive-class probability,Observed positive fraction,1,0.0,0.1,0.05764479051905488,0.021505376344086023,93,772,2,0.13971509445031613
hrd_binary_33,HRD33 high/low,signatures_plus_MAF_stack,Signatures + Bio MAF v4,XGBoost,XGBoost,binary_positive_probability,Positive-class probability,Observed positive fraction,2,0.1,0.2,0.14110945894841664,0.05319148936170213,94,772,2,0.13971509445031613
hrd_binary_33,HRD33 high/low,signatures_plus_MAF_stack,Signatures + Bio MAF v4,XGBoost,XGBoost,binary_positive_probability,Positive-class probability,Observed positive fraction,3,0.2,0.30000000000000004,0.24976394792925097,0.0975609756097561,41,772,2,0.13971509445031613
hrd_binary_33,HRD33 high/low,signatures_plus_MAF_stack,Signatures + Bio MAF v4,XGBoost,XGBoost,binary_positive_probability,Positive-class probability,Observed positive fraction,4,0.30000000000000004,0.4,0.35655306108545576,0.08,100,772,2,0.13971509445031613
hrd_binary_33,HRD33 high/low,signatures_plus_MAF_stack,Signatures + Bio MAF v4,XGBoost,XGBoost,binary_positive_probability,Positive-class probability,Observed positive fraction,5,0.4,0.5,0.4512206104922977,0.18604651162790697,172,772,2,0.13971509445031613
hrd_binary_33,HRD33 high/low,signatures_plus_MAF_stack,Signatures + Bio MAF v4,XGBoost,XGBoost,binary_positive_probability,Positive-class probability,Observed positive fraction,6,0.5,0.6000000000000001,0.5470203539376618,0.5806451612903226,93,772,2,0.13971509445031613
hrd_binary_33,HRD33 high/low,signatures_plus_MAF_stack,Signatures + Bio MAF v4,XGBoost,XGBoost,binary_positive_probability,Positive-class probability,Observed positive fraction,7,0.6000000000000001,0.7000000000000001,0.6407610401511192,0.65625,64,772,2,0.13971509445031613
hrd_binary_33,HRD33 high/low,signatures_plus_MAF_stack,Signatures + Bio MAF v4,XGBoost,XGBoost,binary_positive_probability,Positive-class probability,Observed positive fraction,8,0.7000000000000001,0.8,0.7532140917248196,0.5333333333333333,45,772,2,0.13971509445031613
hrd_binary_33,HRD33 high/low,signatures_plus_MAF_stack,Signatures + Bio MAF v4,XGBoost,XGBoost,binary_positive_probability,Positive-class probability,Observed positive fraction,9,0.8,0.9,0.8523367829620838,0.8958333333333334,48,772,2,0.13971509445031613
hrd_binary_33,HRD33 high/low,signatures_plus_MAF_stack,Signatures + Bio MAF v4,XGBoost,XGBoost,binary_positive_probability,Positive-class probability,Observed positive fraction,10,0.9,1.0,0.9376525553790006,0.9090909090909091,22,772,2,0.13971509445031613
hrd_binary_42,HRD42 high/low,signatures_plus_MAF_stack,Signatures + Bio MAF v4,XGBoost,XGBoost,binary_positive_probability,Positive-class probability,Observed positive fraction,1,0.0,0.1,0.030244864079314423,0.014044943820224719,356,772,2,0.07601780127613492
hrd_binary_42,HRD42 high/low,signatures_plus_MAF_stack,Signatures + Bio MAF v4,XGBoost,XGBoost,binary_positive_probability,Positive-class probability,Observed positive fraction,2,0.1,0.2,0.14155964330558823,0.14285714285714285,63,772,2,0.07601780127613492
hrd_binary_42,HRD42 high/low,signatures_plus_MAF_stack,Signatures + Bio MAF v4,XGBoost,XGBoost,binary_positive_probability,Positive-class probability,Observed positive fraction,3,0.2,0.30000000000000004,0.2513031882224137,0.1134020618556701,97,772,2,0.07601780127613492
hrd_binary_42,HRD42 high/low,signatures_plus_MAF_stack,Signatures + Bio MAF v4,XGBoost,XGBoost,binary_positive_probability,Positive-class probability,Observed positive fraction,4,0.30000000000000004,0.4,0.3475158932823074,0.20689655172413793,58,772,2,0.07601780127613492
hrd_binary_42,HRD42 high/low,signatures_plus_MAF_stack,Signatures + Bio MAF v4,XGBoost,XGBoost,binary_positive_probability,Positive-class probability,Observed positive fraction,5,0.4,0.5,0.44270618788551896,0.15384615384615385,39,772,2,0.07601780127613492
hrd_binary_42,HRD42 high/low,signatures_plus_MAF_stack,Signatures + Bio MAF v4,XGBoost,XGBoost,binary_positive_probability,Positive-class probability,Observed positive fraction,6,0.5,0.6000000000000001,0.5579394562677904,0.45454545454545453,22,772,2,0.07601780127613492
hrd_binary_42,HRD42 high/low,signatures_plus_MAF_stack,Signatures + Bio MAF v4,XGBoost,XGBoost,binary_positive_probability,Positive-class probability,Observed positive fraction,7,0.6000000000000001,0.7000000000000001,0.6599275279045105,0.4,25,772,2,0.07601780127613492
hrd_binary_42,HRD42 high/low,signatures_plus_MAF_stack,Signatures + Bio MAF v4,XGBoost,XGBoost,binary_positive_probability,Positive-class probability,Observed positive fraction,8,0.7000000000000001,0.8,0.7484110214493491,0.6363636363636364,33,772,2,0.07601780127613492
hrd_binary_42,HRD42 high/low,signatures_plus_MAF_stack,Signatures + Bio MAF v4,XGBoost,XGBoost,binary_positive_probability,Positive-class probability,Observed positive fraction,9,0.8,0.9,0.849164787460776,0.7647058823529411,17,772,2,0.07601780127613492
hrd_binary_42,HRD42 high/low,signatures_plus_MAF_stack,Signatures + Bio MAF v4,XGBoost,XGBoost,binary_positive_probability,Positive-class probability,Observed positive fraction,10,0.9,1.0,0.9537537867023099,0.8548387096774194,62,772,2,0.07601780127613492
cancer_type_top20,Cancer type (top 20),signatures_plus_MAF_stack,Signatures + Bio MAF v4,XGBoost,XGBoost,multiclass_confidence_accuracy,Confidence versus correctness,Observed accuracy,2,0.1,0.2,0.18249596003061472,0.25,56,8800,20,0.046192374206438624
cancer_type_top20,Cancer type (top 20),signatures_plus_MAF_stack,Signatures + Bio MAF v4,XGBoost,XGBoost,multiclass_confidence_accuracy,Confidence versus correctness,Observed accuracy,3,0.2,0.30000000000000004,0.26013140214071384,0.2889344262295082,488,8800,20,0.046192374206438624
cancer_type_top20,Cancer type (top 20),signatures_plus_MAF_stack,Signatures + Bio MAF v4,XGBoost,XGBoost,multiclass_confidence_accuracy,Confidence versus correctness,Observed accuracy,4,0.30000000000000004,0.4,0.35067286795505004,0.4,865,8800,20,0.046192374206438624
cancer_type_top20,Cancer type (top 20),signatures_plus_MAF_stack,Signatures + Bio MAF v4,XGBoost,XGBoost,multiclass_confidence_accuracy,Confidence versus correctness,Observed accuracy,5,0.4,0.5,0.4494597570289576,0.5192307692307693,936,8800,20,0.046192374206438624
cancer_type_top20,Cancer type (top 20),signatures_plus_MAF_stack,Signatures + Bio MAF v4,XGBoost,XGBoost,multiclass_confidence_accuracy,Confidence versus correctness,Observed accuracy,6,0.5,0.6000000000000001,0.5494988588169115,0.6269554753309265,831,8800,20,0.046192374206438624
cancer_type_top20,Cancer type (top 20),signatures_plus_MAF_stack,Signatures + Bio MAF v4,XGBoost,XGBoost,multiclass_confidence_accuracy,Confidence versus correctness,Observed accuracy,7,0.6000000000000001,0.7000000000000001,0.6498012347243067,0.7235772357723578,861,8800,20,0.046192374206438624
cancer_type_top20,Cancer type (top 20),signatures_plus_MAF_stack,Signatures + Bio MAF v4,XGBoost,XGBoost,multiclass_confidence_accuracy,Confidence versus correctness,Observed accuracy,8,0.7000000000000001,0.8,0.7502322213117826,0.8124352331606217,965,8800,20,0.046192374206438624
cancer_type_top20,Cancer type (top 20),signatures_plus_MAF_stack,Signatures + Bio MAF v4,XGBoost,XGBoost,multiclass_confidence_accuracy,Confidence versus correctness,Observed accuracy,9,0.8,0.9,0.8534128730135482,0.9056956115779645,1071,8800,20,0.046192374206438624
cancer_type_top20,Cancer type (top 20),signatures_plus_MAF_stack,Signatures + Bio MAF v4,XGBoost,XGBoost,multiclass_confidence_accuracy,Confidence versus correctness,Observed accuracy,10,0.9,1.0,0.9615787129735508,0.9750641730839751,2727,8800,20,0.046192374206438624
