run_id,endpoint,endpoint_display,endpoint_tier,endpoint_tier_display,endpoint_family,task,task_display,representation,representation_display,representation_family,representation_family_display,atlas_status,atlas_status_display,model_family,model_display,model_label,model_label_display,metric,metric_display,primary_score,macro_auroc,auroc,micro_auroc,auprc,accuracy,macro_f1,f1,balanced_accuracy,cohen_kappa,top3_accuracy,top5_accuracy,delta_vs_signatures,ci_low,ci_high,p_value,q_value,n_samples,n_features,folds,repeats,xgb_estimators,optuna_trials_completed,kme_version,landmark_mode,sigma_multiplier,sigma_strategy,modality_strategy,landmark_sampling,kernel_weighting,cache_key,oof_prediction_file,fold_metrics_file,na_reason,split_strategy,experiment_id,source_file,bundle_table,source_priority,expected_source,status,canonical_source,canonical_slot_id,comparison_id,baseline_representation,baseline_representation_display,candidate_representation,candidate_representation_display,delta,test_name,q_value_figure,significance_label
20260820T084654Z,HRD_Score,HRD score,main,Main,mc3_main,regression,Regression,burden_only,Mutational burden,burden_only,Mutational burden,no UGA atlas,No UGA atlas,elastic_net,Elastic net,linear,Linear,spearman,Spearman r,0.4972882379978098,,,,,,,,,,,,,,,,,772.0,3.0,5.0,1.0,,0.0,,,,,,,,main_complete_panel_mc3_standard_features_8cb3c8c73eb9a71f2bf3c228,main_manuscript_complete_panel_oof_predictions.csv,main_manuscript_complete_panel_fold_metrics.csv,,5 outer KFold; inner validation split,main_manuscript_complete_panel,main_manuscript_complete_panel_endpoint_results.csv,main_manuscript_complete_panel_endpoint_results.csv,60,main_manuscript_complete_panel,measured,main_manuscript_complete_panel,HRD_Score|burden_only|elastic_net,,,,,,,,,
20260820T084654Z,HRD_Score,HRD score,main,Main,mc3_main,regression,Regression,standard_sbs96_id83,SBS96 + ID83 spectra,signatures_only,Mutational signatures,no UGA atlas,No UGA atlas,elastic_net,Elastic net,linear,Linear,spearman,Spearman r,0.4305867692307522,,,,,,,,,,,,,,,,,772.0,182.0,5.0,1.0,,0.0,,,,,,,,main_complete_panel_mc3_standard_features_8cb3c8c73eb9a71f2bf3c228,main_manuscript_complete_panel_oof_predictions.csv,main_manuscript_complete_panel_fold_metrics.csv,,5 outer KFold; inner validation split,main_manuscript_complete_panel,main_manuscript_complete_panel_endpoint_results.csv,main_manuscript_complete_panel_endpoint_results.csv,60,main_manuscript_complete_panel,measured,main_manuscript_complete_panel,HRD_Score|signatures_only|elastic_net,,,,,,,,,
20260820T084654Z,HRD_Score,HRD score,main,Main,mc3_main,regression,Regression,MAF_stack_only,Bio MAF v4,MAF_stack_only,Bio MAF v4,no UGA atlas,No UGA atlas,elastic_net,Elastic net,linear,Linear,spearman,Spearman r,0.7144086094891684,,,,,,,,,,,,,,,,,772.0,948.0,5.0,1.0,,0.0,,,,,,,,main_complete_panel_mc3_maf_stack_bio_v4_nested_fs_15d698606a129584e3f82812,main_manuscript_complete_panel_oof_predictions.csv,main_manuscript_complete_panel_fold_metrics.csv,,5 outer KFold; inner validation split,main_manuscript_complete_panel,main_manuscript_complete_panel_endpoint_results.csv,main_manuscript_complete_panel_endpoint_results.csv,60,main_manuscript_complete_panel,measured,main_manuscript_complete_panel,HRD_Score|MAF_stack_only|elastic_net,,,,,,,,,
20260820T084654Z,HRD_Score,HRD score,main,Main,mc3_main,regression,Regression,signatures_plus_MAF_stack,Signatures + Bio MAF v4,signatures_plus_MAF_stack,Signatures + Bio MAF v4,no UGA atlas,No UGA atlas,elastic_net,Elastic net,linear,Linear,spearman,Spearman r,0.7325062605793751,,,,,,,,,,,,,,,,,772.0,1130.0,5.0,1.0,,0.0,,,,,,,,main_complete_panel_mc3_signatures_plus_maf_stack_bio_v4_nested_fs_ac11587791bbbd40db3991bb,main_manuscript_complete_panel_oof_predictions.csv,main_manuscript_complete_panel_fold_metrics.csv,,5 outer KFold; inner validation split,main_manuscript_complete_panel,main_manuscript_complete_panel_endpoint_results.csv,main_manuscript_complete_panel_endpoint_results.csv,60,main_manuscript_complete_panel,measured,main_manuscript_complete_panel,HRD_Score|signatures_plus_MAF_stack|elastic_net,,,,,,,,,
20260820T084654Z,HRD_Score,HRD score,main,Main,mc3_main,regression,Regression,burden_only,Mutational burden,burden_only,Mutational burden,no UGA atlas,No UGA atlas,XGBoost,XGBoost,xgboost,XGBoost,spearman,Spearman r,0.5997475549807492,,,,,,,,,,,,,,,,,772.0,3.0,5.0,1.0,,0.0,,,,,,,,main_complete_panel_mc3_standard_features_8cb3c8c73eb9a71f2bf3c228,main_manuscript_complete_panel_oof_predictions.csv,main_manuscript_complete_panel_fold_metrics.csv,,5 outer KFold; inner validation split,main_manuscript_complete_panel,main_manuscript_complete_panel_endpoint_results.csv,main_manuscript_complete_panel_endpoint_results.csv,60,main_manuscript_complete_panel,measured,main_manuscript_complete_panel,HRD_Score|burden_only|XGBoost,,,,,,,,,
20260820T084654Z,HRD_Score,HRD score,main,Main,mc3_main,regression,Regression,standard_sbs96_id83,SBS96 + ID83 spectra,signatures_only,Mutational signatures,no UGA atlas,No UGA atlas,XGBoost,XGBoost,xgboost,XGBoost,spearman,Spearman r,0.69267507861819,,,,,,,,,,,,,,,,,772.0,182.0,5.0,1.0,,0.0,,,,,,,,main_complete_panel_mc3_standard_features_8cb3c8c73eb9a71f2bf3c228,main_manuscript_complete_panel_oof_predictions.csv,main_manuscript_complete_panel_fold_metrics.csv,,5 outer KFold; inner validation split,main_manuscript_complete_panel,main_manuscript_complete_panel_endpoint_results.csv,main_manuscript_complete_panel_endpoint_results.csv,60,main_manuscript_complete_panel,measured,main_manuscript_complete_panel,HRD_Score|signatures_only|XGBoost,,,,,,,,,
20260820T084654Z,HRD_Score,HRD score,main,Main,mc3_main,regression,Regression,MAF_stack_only,Bio MAF v4,MAF_stack_only,Bio MAF v4,no UGA atlas,No UGA atlas,XGBoost,XGBoost,xgboost,XGBoost,spearman,Spearman r,0.7412851483809776,,,,,,,,,,,,,,,,,772.0,948.0,5.0,1.0,,0.0,,,,,,,,main_complete_panel_mc3_maf_stack_bio_v4_nested_fs_15d698606a129584e3f82812,main_manuscript_complete_panel_oof_predictions.csv,main_manuscript_complete_panel_fold_metrics.csv,,5 outer KFold; inner validation split,main_manuscript_complete_panel,main_manuscript_complete_panel_endpoint_results.csv,main_manuscript_complete_panel_endpoint_results.csv,60,main_manuscript_complete_panel,measured,main_manuscript_complete_panel,HRD_Score|MAF_stack_only|XGBoost,,,,,,,,,
20260820T084654Z,HRD_Score,HRD score,main,Main,mc3_main,regression,Regression,signatures_plus_MAF_stack,Signatures + Bio MAF v4,signatures_plus_MAF_stack,Signatures + Bio MAF v4,no UGA atlas,No UGA atlas,XGBoost,XGBoost,xgboost,XGBoost,spearman,Spearman r,0.7666447319392569,,,,,,,,,,,,,,,,,772.0,1130.0,5.0,1.0,,0.0,,,,,,,,main_complete_panel_mc3_signatures_plus_maf_stack_bio_v4_nested_fs_ac11587791bbbd40db3991bb,main_manuscript_complete_panel_oof_predictions.csv,main_manuscript_complete_panel_fold_metrics.csv,,5 outer KFold; inner validation split,main_manuscript_complete_panel,main_manuscript_complete_panel_endpoint_results.csv,main_manuscript_complete_panel_endpoint_results.csv,60,main_manuscript_complete_panel,measured,main_manuscript_complete_panel,HRD_Score|signatures_plus_MAF_stack|XGBoost,,,,,,,,,
20260820T084654Z,HRD_Score,HRD score,main,Main,tcga_mc3_wes,regression,Regression,MuAt-compatible reimplementation,Muat Compatible Reimplementation,MuAt_style_attention_MIL,MuAt-compatible,no UGA atlas,No UGA atlas,MuAt-compatible reimplementation,MuAt-compatible,muat_compatible_qkv_attention,Muat Compatible Qkv Attention,spearman,Spearman r,0.5194202845485159,,,,,,,,,,,,,,,,,772.0,,5.0,1.0,,,,,,,,,,,muat_style_tcga_comparator_main_endpoints_comparable_oof_predictions.csv,muat_style_tcga_comparator_main_endpoints_comparable_fold_metrics.csv,,5-fold OOF CV where available,muat_style_tcga_comparator,muat_style_tcga_comparator_main_endpoints_comparable_endpoint_results.csv,muat_style_tcga_comparator_main_endpoints_comparable_endpoint_results.csv,54,muat_style_tcga_comparator,measured,muat_style_tcga_comparator,HRD_Score|MuAt_style_attention_MIL|MuAt-compatible reimplementation,,,,,,,,,
20260820T084654Z,hrd_binary_33,HRD33 high/low,main,Main,mc3_main,binary,Binary classification,burden_only,Mutational burden,burden_only,Mutational burden,no UGA atlas,No UGA atlas,elastic_net,Elastic net,linear,Linear,auroc,AUROC,0.788437708512058,,0.788437708512058,,0.5846253424287842,0.7370466321243523,0.7075970363404663,0.7075970363404663,0.7244066342579354,0.4189678184784221,,,,,,,,772.0,3.0,5.0,1.0,,0.0,,,,,,,,main_complete_panel_mc3_standard_features_8cb3c8c73eb9a71f2bf3c228,main_manuscript_complete_panel_oof_predictions.csv,main_manuscript_complete_panel_fold_metrics.csv,,5 outer stratified folds; inner stratified validation split,main_manuscript_complete_panel,main_manuscript_complete_panel_endpoint_results.csv,main_manuscript_complete_panel_endpoint_results.csv,60,main_manuscript_complete_panel,measured,main_manuscript_complete_panel,hrd_binary_33|burden_only|elastic_net,,,,,,,,,
20260820T084654Z,hrd_binary_33,HRD33 high/low,main,Main,mc3_main,binary,Binary classification,standard_sbs96_id83,SBS96 + ID83 spectra,signatures_only,Mutational signatures,no UGA atlas,No UGA atlas,elastic_net,Elastic net,linear,Linear,auroc,AUROC,0.773623423251676,,0.773623423251676,,0.6009888470809452,0.7487046632124352,0.7171092894110536,0.7171092894110536,0.7303561783115686,0.4364709069564432,,,,,,,,772.0,182.0,5.0,1.0,,0.0,,,,,,,,main_complete_panel_mc3_standard_features_8cb3c8c73eb9a71f2bf3c228,main_manuscript_complete_panel_oof_predictions.csv,main_manuscript_complete_panel_fold_metrics.csv,,5 outer stratified folds; inner stratified validation split,main_manuscript_complete_panel,main_manuscript_complete_panel_endpoint_results.csv,main_manuscript_complete_panel_endpoint_results.csv,60,main_manuscript_complete_panel,measured,main_manuscript_complete_panel,hrd_binary_33|signatures_only|elastic_net,,,,,,,,,
20260820T084654Z,hrd_binary_33,HRD33 high/low,main,Main,mc3_main,binary,Binary classification,MAF_stack_only,Bio MAF v4,MAF_stack_only,Bio MAF v4,no UGA atlas,No UGA atlas,elastic_net,Elastic net,linear,Linear,auroc,AUROC,0.7690838178756395,,0.7690838178756395,,0.5722639721327207,0.7525906735751295,0.7287206347979829,0.7287206347979829,0.7524624281129857,0.4629985723858637,,,,,,,,772.0,948.0,5.0,1.0,,0.0,,,,,,,,main_complete_panel_mc3_maf_stack_bio_v4_nested_fs_15d698606a129584e3f82812,main_manuscript_complete_panel_oof_predictions.csv,main_manuscript_complete_panel_fold_metrics.csv,,5 outer stratified folds; inner stratified validation split,main_manuscript_complete_panel,main_manuscript_complete_panel_endpoint_results.csv,main_manuscript_complete_panel_endpoint_results.csv,60,main_manuscript_complete_panel,measured,main_manuscript_complete_panel,hrd_binary_33|MAF_stack_only|elastic_net,,,,,,,,,
20260820T084654Z,hrd_binary_33,HRD33 high/low,main,Main,mc3_main,binary,Binary classification,signatures_plus_MAF_stack,Signatures + Bio MAF v4,signatures_plus_MAF_stack,Signatures + Bio MAF v4,no UGA atlas,No UGA atlas,elastic_net,Elastic net,linear,Linear,auroc,AUROC,0.7965319480189368,,0.7965319480189368,,0.6597302245173953,0.7875647668393783,0.7473499361430396,0.7473499361430396,0.7461633781336383,0.4947160052361036,,,,,,,,772.0,1130.0,5.0,1.0,,0.0,,,,,,,,main_complete_panel_mc3_signatures_plus_maf_stack_bio_v4_nested_fs_ac11587791bbbd40db3991bb,main_manuscript_complete_panel_oof_predictions.csv,main_manuscript_complete_panel_fold_metrics.csv,,5 outer stratified folds; inner stratified validation split,main_manuscript_complete_panel,main_manuscript_complete_panel_endpoint_results.csv,main_manuscript_complete_panel_endpoint_results.csv,60,main_manuscript_complete_panel,measured,main_manuscript_complete_panel,hrd_binary_33|signatures_plus_MAF_stack|elastic_net,,,,,,,,,
20260820T084654Z,hrd_binary_33,HRD33 high/low,main,Main,mc3_main,binary,Binary classification,burden_only,Mutational burden,burden_only,Mutational burden,no UGA atlas,No UGA atlas,XGBoost,XGBoost,xgboost,XGBoost,auroc,AUROC,0.7988990563340005,,0.7988990563340005,,0.5930238939136675,0.7538860103626943,0.7334002195613136,0.7334002195613136,0.7630508689988245,0.4745364399736337,,,,,,,,772.0,3.0,5.0,1.0,,0.0,,,,,,,,main_complete_panel_mc3_standard_features_8cb3c8c73eb9a71f2bf3c228,main_manuscript_complete_panel_oof_predictions.csv,main_manuscript_complete_panel_fold_metrics.csv,,5 outer stratified folds; inner stratified validation split,main_manuscript_complete_panel,main_manuscript_complete_panel_endpoint_results.csv,main_manuscript_complete_panel_endpoint_results.csv,60,main_manuscript_complete_panel,measured,main_manuscript_complete_panel,hrd_binary_33|burden_only|XGBoost,,,,,,,,,
20260820T084654Z,hrd_binary_33,HRD33 high/low,main,Main,mc3_main,binary,Binary classification,standard_sbs96_id83,SBS96 + ID83 spectra,signatures_only,Mutational signatures,no UGA atlas,No UGA atlas,XGBoost,XGBoost,xgboost,XGBoost,auroc,AUROC,0.8495893305372859,,0.8495893305372859,,0.7259862942014892,0.8031088082901554,0.7737728937728938,0.7737728937728938,0.7826708607377753,0.5481346846985613,,,,,,,,772.0,182.0,5.0,1.0,,0.0,,,,,,,,main_complete_panel_mc3_standard_features_8cb3c8c73eb9a71f2bf3c228,main_manuscript_complete_panel_oof_predictions.csv,main_manuscript_complete_panel_fold_metrics.csv,,5 outer stratified folds; inner stratified validation split,main_manuscript_complete_panel,main_manuscript_complete_panel_endpoint_results.csv,main_manuscript_complete_panel_endpoint_results.csv,60,main_manuscript_complete_panel,measured,main_manuscript_complete_panel,hrd_binary_33|signatures_only|XGBoost,,,,,,,,,
20260820T084654Z,hrd_binary_33,HRD33 high/low,main,Main,mc3_main,binary,Binary classification,MAF_stack_only,Bio MAF v4,MAF_stack_only,Bio MAF v4,no UGA atlas,No UGA atlas,XGBoost,XGBoost,xgboost,XGBoost,auroc,AUROC,0.8555388745909192,,0.8555388745909192,,0.7114925449487485,0.7901554404145078,0.767704835210556,0.767704835210556,0.7902805579385506,0.5389175637811532,,,,,,,,772.0,948.0,5.0,1.0,,0.0,,,,,,,,main_complete_panel_mc3_maf_stack_bio_v4_nested_fs_15d698606a129584e3f82812,main_manuscript_complete_panel_oof_predictions.csv,main_manuscript_complete_panel_fold_metrics.csv,,5 outer stratified folds; inner stratified validation split,main_manuscript_complete_panel,main_manuscript_complete_panel_endpoint_results.csv,main_manuscript_complete_panel_endpoint_results.csv,60,main_manuscript_complete_panel,measured,main_manuscript_complete_panel,hrd_binary_33|MAF_stack_only|XGBoost,,,,,,,,,
20260820T084654Z,hrd_binary_33,HRD33 high/low,main,Main,mc3_main,binary,Binary classification,signatures_plus_MAF_stack,Signatures + Bio MAF v4,signatures_plus_MAF_stack,Signatures + Bio MAF v4,no UGA atlas,No UGA atlas,XGBoost,XGBoost,xgboost,XGBoost,auroc,AUROC,0.900811806945636,,0.900811806945636,,0.8071008668522709,0.8367875647668394,0.8120652879532597,0.8120652879532597,0.8213230387951578,0.6245484020379806,,,,,,,,772.0,1130.0,5.0,1.0,,0.0,,,,,,,,main_complete_panel_mc3_signatures_plus_maf_stack_bio_v4_nested_fs_ac11587791bbbd40db3991bb,main_manuscript_complete_panel_oof_predictions.csv,main_manuscript_complete_panel_fold_metrics.csv,,5 outer stratified folds; inner stratified validation split,main_manuscript_complete_panel,main_manuscript_complete_panel_endpoint_results.csv,main_manuscript_complete_panel_endpoint_results.csv,60,main_manuscript_complete_panel,measured,main_manuscript_complete_panel,hrd_binary_33|signatures_plus_MAF_stack|XGBoost,,,,,,,,,
20260820T084654Z,hrd_binary_33,HRD33 high/low,main,Main,tcga_mc3_wes,binary,Binary classification,MuAt-compatible reimplementation,Muat Compatible Reimplementation,MuAt_style_attention_MIL,MuAt-compatible,no UGA atlas,No UGA atlas,MuAt-compatible reimplementation,MuAt-compatible,muat_compatible_qkv_attention,Muat Compatible Qkv Attention,auroc,AUROC,0.729089219330855,,,0.729089219330855,,0.727979274611399,0.6468620121807773,0.6468620121807773,0.6382137069869411,0.3003625064733298,1.0,1.0,,,,,,772.0,,5.0,1.0,,,,,,,,,,,muat_style_tcga_comparator_main_endpoints_comparable_oof_predictions.csv,muat_style_tcga_comparator_main_endpoints_comparable_fold_metrics.csv,,5-fold OOF CV where available,muat_style_tcga_comparator,muat_style_tcga_comparator_main_endpoints_comparable_endpoint_results.csv,muat_style_tcga_comparator_main_endpoints_comparable_endpoint_results.csv,54,muat_style_tcga_comparator,measured,muat_style_tcga_comparator,hrd_binary_33|MuAt_style_attention_MIL|MuAt-compatible reimplementation,,,,,,,,,
