spearman	pearson	r2	mae	repeat	fold	n_train	n_test	suite	subset	endpoint	task	model	model_label	auroc	auprc	balanced_acc	brier
0.5116105435338864	0.4828337707081922	0.2176951818607534	3.878214680763983	1	1	617	155	main	all	HRD_LOH	regression	burden_only	Burden only				
0.4600090664054802	0.4505958298555197	0.1252989548392735	3.632057556029289	1	2	617	155	main	all	HRD_LOH	regression	burden_only	Burden only				
0.4944200684015409	0.4840919390610031	0.198529948566984	3.5798239522166067	1	3	618	154	main	all	HRD_LOH	regression	burden_only	Burden only				
0.5105867216719001	0.5089053798839287	0.250811834423817	3.4956631397272084	1	4	618	154	main	all	HRD_LOH	regression	burden_only	Burden only				
0.5898633426361733	0.6004178157162461	0.3542755183604329	3.493825824229748	1	5	618	154	main	all	HRD_LOH	regression	burden_only	Burden only				
0.5484135594467725	0.5542132465519121	0.3057031224248151	3.678820690031975	1	1	617	155	main	all	HRD_LOH	regression	locked_uga_sbs	Locked UGA SBS96				
0.5511477930557951	0.5709543028108932	0.3070079019153876	3.245139711133896	1	2	617	155	main	all	HRD_LOH	regression	locked_uga_sbs	Locked UGA SBS96				
0.4224769893684728	0.4968423389533374	0.2188188947296933	3.519683302222908	1	3	618	154	main	all	HRD_LOH	regression	locked_uga_sbs	Locked UGA SBS96				
0.5264074311403586	0.5589784921915578	0.3044592286397619	3.646724956376212	1	4	618	154	main	all	HRD_LOH	regression	locked_uga_sbs	Locked UGA SBS96				
0.6007397669102327	0.6874072290420461	0.4524511985191388	3.1103011199406216	1	5	618	154	main	all	HRD_LOH	regression	locked_uga_sbs	Locked UGA SBS96				
0.563190295646704	0.641617951649986	0.4098644691945597	3.4431925927439044	1	1	617	155	main	all	HRD_LOH	regression	locked_uga_sbs_id_pooled	Locked pooled UGA SBS+ID				
0.469129632668012	0.5118001562713859	0.1978933748664697	3.731313428571147	1	2	617	155	main	all	HRD_LOH	regression	locked_uga_sbs_id_pooled	Locked pooled UGA SBS+ID				
0.4796224382785773	0.6007905513584968	0.357321877719871	3.247356413246749	1	3	618	154	main	all	HRD_LOH	regression	locked_uga_sbs_id_pooled	Locked pooled UGA SBS+ID				
0.551163644470907	0.6545887933196405	0.4151304978220906	3.317395728903932	1	4	618	154	main	all	HRD_LOH	regression	locked_uga_sbs_id_pooled	Locked pooled UGA SBS+ID				
0.5392339758991418	0.6074905996473631	0.3688708943345163	3.236222853908291	1	5	618	154	main	all	HRD_LOH	regression	locked_uga_sbs_id_pooled	Locked pooled UGA SBS+ID				
0.5081240893144543	0.6544495195260361	0.4267561446510249	3.286345209613923	1	1	617	155	main	all	HRD_LOH	regression	locked_uga_sbs_id_separate	Locked separate-block UGA SBS+ID				
0.5535307699606102	0.5955565919822384	0.346599611668726	3.521894710294662	1	2	617	155	main	all	HRD_LOH	regression	locked_uga_sbs_id_separate	Locked separate-block UGA SBS+ID				
0.5338351342190636	0.5853106167701427	0.3339683168772892	3.2587595063370545	1	3	618	154	main	all	HRD_LOH	regression	locked_uga_sbs_id_separate	Locked separate-block UGA SBS+ID				
0.5671202313861804	0.6467243365153753	0.4007727514684034	3.301186914567824	1	4	618	154	main	all	HRD_LOH	regression	locked_uga_sbs_id_separate	Locked separate-block UGA SBS+ID				
0.5862408202043351	0.6545332979845059	0.3835213995227947	3.207666217506706	1	5	618	154	main	all	HRD_LOH	regression	locked_uga_sbs_id_separate	Locked separate-block UGA SBS+ID				
0.5866763662621468	0.6359860826646453	0.4025766006351313	3.1033524282516973	1	1	617	155	main	all	HRD_LOH	regression	standard_sbs	Standard SBS96				
0.427618762500918	0.4835196966436	0.1280599853799969	3.410488176345825	1	2	617	155	main	all	HRD_LOH	regression	standard_sbs	Standard SBS96				
0.6461621798357833	0.6758037137556054	0.4524769511230632	3.361273892514117	1	3	618	154	main	all	HRD_LOH	regression	standard_sbs	Standard SBS96				
0.5527507227974742	0.6509423961398441	0.4220530002532677	3.427474227818576	1	4	618	154	main	all	HRD_LOH	regression	standard_sbs	Standard SBS96				
0.6153466250093098	0.6541552391111891	0.4248963326970294	3.392478126984138	1	5	618	154	main	all	HRD_LOH	regression	standard_sbs	Standard SBS96				
0.628716322641772	0.7141256338061087	0.5040273750459003	3.120468856442359	1	1	617	155	main	all	HRD_LOH	regression	standard_sbs_id	Standard SBS96+ID83				
0.5104451052140888	0.5855384757447485	0.3418880869483075	3.4544818939701205	1	2	617	155	main	all	HRD_LOH	regression	standard_sbs_id	Standard SBS96+ID83				
0.5770776255417479	0.6079868744056546	0.3663721664396158	3.3931961229869296	1	3	618	154	main	all	HRD_LOH	regression	standard_sbs_id	Standard SBS96+ID83				
0.6051273496441589	0.6745223253115645	0.4519149955652242	3.1042834055888187	1	4	618	154	main	all	HRD_LOH	regression	standard_sbs_id	Standard SBS96+ID83				
0.6029721353914511	0.6611936276610905	0.4364668382403167	3.022040252561693	1	5	618	154	main	all	HRD_LOH	regression	standard_sbs_id	Standard SBS96+ID83				
0.6499127444347497	0.6756571032066488	0.4551126376538583	4.432317096956314	1	1	617	155	main	all	HRD_LST	regression	burden_only	Burden only				
0.5627358754218929	0.5544179800426373	0.245975551728147	4.49019362541937	1	2	617	155	main	all	HRD_LST	regression	burden_only	Burden only				
0.5968709114564015	0.6546535847403795	0.4239428629787557	4.692358791054069	1	3	618	154	main	all	HRD_LST	regression	burden_only	Burden only				
0.5305352513643883	0.5258247991996076	0.2432482490603599	5.20182110427262	1	4	618	154	main	all	HRD_LST	regression	burden_only	Burden only				
0.6441085699577029	0.711143461075433	0.5009648255185429	4.876814188895287	1	5	618	154	main	all	HRD_LST	regression	burden_only	Burden only				
0.5930880501821237	0.7234409186998175	0.5228227048870484	4.069307970231579	1	1	617	155	main	all	HRD_LST	regression	locked_uga_sbs	Locked UGA SBS96				
0.6133576610862015	0.6810284892780561	0.4530682899101187	4.427131314431468	1	2	617	155	main	all	HRD_LST	regression	locked_uga_sbs	Locked UGA SBS96				
0.711745814274499	0.7946300787208534	0.629251389664178	4.039547737542685	1	3	618	154	main	all	HRD_LST	regression	locked_uga_sbs	Locked UGA SBS96				
0.6144689517324727	0.7632292742225815	0.5789119784726282	4.060049230402166	1	4	618	154	main	all	HRD_LST	regression	locked_uga_sbs	Locked UGA SBS96				
0.6524318816595825	0.7620243369028477	0.5697964648970792	4.136854939646535	1	5	618	154	main	all	HRD_LST	regression	locked_uga_sbs	Locked UGA SBS96				
0.5357856095244624	0.7350546558524602	0.5372185238597335	4.012768111690399	1	1	617	155	main	all	HRD_LST	regression	locked_uga_sbs_id_pooled	Locked pooled UGA SBS+ID				
0.6125731341606788	0.7285784181308935	0.5213313222384612	4.5346083302651685	1	2	617	155	main	all	HRD_LST	regression	locked_uga_sbs_id_pooled	Locked pooled UGA SBS+ID				
0.5645100243630379	0.7482485627457016	0.5485356446733564	4.0187733204333815	1	3	618	154	main	all	HRD_LST	regression	locked_uga_sbs_id_pooled	Locked pooled UGA SBS+ID				
0.6467296144816191	0.7661273579715019	0.5853671485626953	4.374918482520363	1	4	618	154	main	all	HRD_LST	regression	locked_uga_sbs_id_pooled	Locked pooled UGA SBS+ID				
0.7062597409120052	0.81682037132075	0.6599075978859712	3.5712985558943315	1	5	618	154	main	all	HRD_LST	regression	locked_uga_sbs_id_pooled	Locked pooled UGA SBS+ID				
0.7493503747266037	0.8285960588600629	0.6820191993132365	3.968838420990975	1	1	617	155	main	all	HRD_LST	regression	locked_uga_sbs_id_separate	Locked separate-block UGA SBS+ID				
0.6822280875952594	0.8339397511629965	0.6940710759418635	3.653930054941485	1	2	617	155	main	all	HRD_LST	regression	locked_uga_sbs_id_separate	Locked separate-block UGA SBS+ID				
0.5962877894815365	0.6576507273405647	0.4161254550889399	4.38846856587893	1	3	618	154	main	all	HRD_LST	regression	locked_uga_sbs_id_separate	Locked separate-block UGA SBS+ID				
0.5626617805957127	0.6917736615461337	0.4723537387418954	3.891841269158698	1	4	618	154	main	all	HRD_LST	regression	locked_uga_sbs_id_separate	Locked separate-block UGA SBS+ID				
0.6213183933992967	0.7811787366336738	0.608198007052071	3.9457511747038208	1	5	618	154	main	all	HRD_LST	regression	locked_uga_sbs_id_separate	Locked separate-block UGA SBS+ID				
0.6672915766356838	0.7804984091968175	0.6072145007958769	3.7764948998728105	1	1	617	155	main	all	HRD_LST	regression	standard_sbs	Standard SBS96				
0.7016085867241635	0.7687223398895152	0.590887642319564	4.143023134046985	1	2	617	155	main	all	HRD_LST	regression	standard_sbs	Standard SBS96				
0.6398100613404794	0.7476507640925465	0.5560019778229284	4.123249304759038	1	3	618	154	main	all	HRD_LST	regression	standard_sbs	Standard SBS96				
0.6705244396161348	0.822413916517856	0.6511080850599014	3.672474938553649	1	4	618	154	main	all	HRD_LST	regression	standard_sbs	Standard SBS96				
0.6911796362412571	0.7911524683840353	0.6246808553401156	3.8707374380780495	1	5	618	154	main	all	HRD_LST	regression	standard_sbs	Standard SBS96				
0.7366446711958711	0.7931535666837161	0.6072904317915814	4.197886786922332	1	1	617	155	main	all	HRD_LST	regression	standard_sbs_id	Standard SBS96+ID83				
0.6108277548833424	0.7425743460710955	0.5465071693218926	4.02946568458311	1	2	617	155	main	all	HRD_LST	regression	standard_sbs_id	Standard SBS96+ID83				
0.6576865576098166	0.7903213544364006	0.611995398142074	3.5530491277769016	1	3	618	154	main	all	HRD_LST	regression	standard_sbs_id	Standard SBS96+ID83				
0.7070690570763852	0.791998425256207	0.6217816006225095	4.036205966751297	1	4	618	154	main	all	HRD_LST	regression	standard_sbs_id	Standard SBS96+ID83				
0.6756996417210378	0.7941322019583301	0.6298738486467541	4.042601467727066	1	5	618	154	main	all	HRD_LST	regression	standard_sbs_id	Standard SBS96+ID83				
0.6447250859908622	0.6848056982037489	0.4678994365369798	12.81847237002465	1	1	617	155	main	all	HRD_Score	regression	burden_only	Burden only				
0.6080097616662207	0.6506591668514079	0.4169172013917717	12.50376272509175	1	2	617	155	main	all	HRD_Score	regression	burden_only	Burden only				
0.6377251401295254	0.6424114476760155	0.3961010339915708	11.535737130549046	1	3	618	154	main	all	HRD_Score	regression	burden_only	Burden only				
0.577074737542927	0.5928913205058994	0.3123287898589993	10.845783691901666	1	4	618	154	main	all	HRD_Score	regression	burden_only	Burden only				
0.6584224359253174	0.657153654077923	0.4261228649694984	10.887640302831477	1	5	618	154	main	all	HRD_Score	regression	burden_only	Burden only				
0.6600597883942939	0.7431304406970656	0.5325341482420833	10.935595389335386	1	1	617	155	main	all	HRD_Score	regression	locked_uga_sbs	Locked UGA SBS96				
0.6369377618772913	0.7258785013905309	0.5065295534861087	10.151297027834	1	2	617	155	main	all	HRD_Score	regression	locked_uga_sbs	Locked UGA SBS96				
0.6201600183911391	0.7083734956050931	0.5017745621773992	10.35612134809618	1	3	618	154	main	all	HRD_Score	regression	locked_uga_sbs	Locked UGA SBS96				
0.7241309979837321	0.80321014998833	0.6182306246943241	10.634291079137231	1	4	618	154	main	all	HRD_Score	regression	locked_uga_sbs	Locked UGA SBS96				
0.6793388457896812	0.7322859073318437	0.5194832831797749	10.311895345712635	1	5	618	154	main	all	HRD_Score	regression	locked_uga_sbs	Locked UGA SBS96				
0.662760727076735	0.6774418995622421	0.454812816995087	10.35113448481406	1	1	617	155	main	all	HRD_Score	regression	locked_uga_sbs_id_pooled	Locked pooled UGA SBS+ID				
0.7038178825797153	0.7883940203684887	0.6215059596279161	9.869672393798828	1	2	617	155	main	all	HRD_Score	regression	locked_uga_sbs_id_pooled	Locked pooled UGA SBS+ID				
0.6893012946598097	0.7700122816499605	0.5915317011945378	10.720160781563102	1	3	618	154	main	all	HRD_Score	regression	locked_uga_sbs_id_pooled	Locked pooled UGA SBS+ID				
0.6196415872750037	0.7471956701160806	0.5524992327376539	10.218819327168651	1	4	618	154	main	all	HRD_Score	regression	locked_uga_sbs_id_pooled	Locked pooled UGA SBS+ID				
0.5092163485124822	0.6645198563447889	0.4314896910667507	11.564014775412424	1	5	618	154	main	all	HRD_Score	regression	locked_uga_sbs_id_pooled	Locked pooled UGA SBS+ID				
0.7561146949930316	0.8190506486725067	0.6488483464574334	9.49486083984375	1	1	617	155	main	all	HRD_Score	regression	locked_uga_sbs_id_separate	Locked separate-block UGA SBS+ID				
0.6470194295015591	0.7874237848677907	0.6089358689393047	9.931728904478012	1	2	617	155	main	all	HRD_Score	regression	locked_uga_sbs_id_separate	Locked separate-block UGA SBS+ID				
0.6148294138568567	0.6742653157001605	0.4459455161091487	10.663242191463322	1	3	618	154	main	all	HRD_Score	regression	locked_uga_sbs_id_separate	Locked separate-block UGA SBS+ID				
0.5934244160926253	0.6888312009616772	0.4543305436409907	11.289768293306423	1	4	618	154	main	all	HRD_Score	regression	locked_uga_sbs_id_separate	Locked separate-block UGA SBS+ID				
0.7242319666748042	0.8438748066832399	0.6766512291005911	9.388533294974984	1	5	618	154	main	all	HRD_Score	regression	locked_uga_sbs_id_separate	Locked separate-block UGA SBS+ID				
0.5676181823943829	0.6659344320150344	0.4283036176679764	10.862291348365046	1	1	617	155	main	all	HRD_Score	regression	standard_sbs	Standard SBS96				
0.6130816838434553	0.7101286735150114	0.4914042806515952	10.37856290878788	1	2	617	155	main	all	HRD_Score	regression	standard_sbs	Standard SBS96				
0.7087298071793294	0.7993398065672135	0.6311141280846324	10.682131321399243	1	3	618	154	main	all	HRD_Score	regression	standard_sbs	Standard SBS96				
0.7490564778277848	0.8028550429641282	0.6342760975662378	9.739588161567587	1	4	618	154	main	all	HRD_Score	regression	standard_sbs	Standard SBS96				
0.7441886122816826	0.7814422641560436	0.6074643816958223	9.84257563058432	1	5	618	154	main	all	HRD_Score	regression	standard_sbs	Standard SBS96				
0.6882027587965093	0.7299140676797878	0.5304567499996061	10.35097790994952	1	1	617	155	main	all	HRD_Score	regression	standard_sbs_id	Standard SBS96+ID83				
0.6410166583958627	0.7468078960074496	0.5418245714348614	10.053518492175687	1	2	617	155	main	all	HRD_Score	regression	standard_sbs_id	Standard SBS96+ID83				
0.674261362392336	0.8121091974078931	0.6569856962102448	9.18616163575804	1	3	618	154	main	all	HRD_Score	regression	standard_sbs_id	Standard SBS96+ID83				
0.7311545900164907	0.7691116826229731	0.5859013697919907	10.133051513077376	1	4	618	154	main	all	HRD_Score	regression	standard_sbs_id	Standard SBS96+ID83				
0.7073824708460975	0.8118962417049927	0.6588040466426244	9.846551758902413	1	5	618	154	main	all	HRD_Score	regression	standard_sbs_id	Standard SBS96+ID83				
0.5545875071157198	0.5373360117337057	0.2549269884909578	4.617170146203811	1	1	617	155	main	all	HRD_TAI	regression	burden_only	Burden only				
0.6338454567444093	0.6492333929165989	0.4181455050715266	4.54839548295544	1	2	617	155	main	all	HRD_TAI	regression	burden_only	Burden only				
0.6369309027524251	0.6249778797447321	0.388034163965353	4.813349451337542	1	3	618	154	main	all	HRD_TAI	regression	burden_only	Burden only				
0.6614182321038433	0.6794979930044182	0.4525705090771678	4.185794477338915	1	4	618	154	main	all	HRD_TAI	regression	burden_only	Burden only				
0.5068187812400929	0.5803916554581138	0.3184644417577958	4.8778902710258185	1	5	618	154	main	all	HRD_TAI	regression	burden_only	Burden only				
0.6808533392290893	0.7256819286792946	0.5241423606361018	3.6629852541031376	1	1	617	155	main	all	HRD_TAI	regression	locked_uga_sbs	Locked UGA SBS96				
0.5770442897842623	0.6560861865453491	0.4136712910166428	4.6823750588201705	1	2	617	155	main	all	HRD_TAI	regression	locked_uga_sbs	Locked UGA SBS96				
0.7209211852831688	0.7675357996441531	0.576471326868145	4.109758522603419	1	3	618	154	main	all	HRD_TAI	regression	locked_uga_sbs	Locked UGA SBS96				
0.6892373840991058	0.6976737717310074	0.486732680584139	3.887546316369788	1	4	618	154	main	all	HRD_TAI	regression	locked_uga_sbs	Locked UGA SBS96				
0.6582361964363399	0.6893260685785649	0.4711732145702546	3.967185240287285	1	5	618	154	main	all	HRD_TAI	regression	locked_uga_sbs	Locked UGA SBS96				
0.6740529535391409	0.6716979810048133	0.4504497987928372	4.4076615641194	1	1	617	155	main	all	HRD_TAI	regression	locked_uga_sbs_id_pooled	Locked pooled UGA SBS+ID				
0.7129389745725541	0.7654619154661532	0.5513278647261314	3.849182919533022	1	2	617	155	main	all	HRD_TAI	regression	locked_uga_sbs_id_pooled	Locked pooled UGA SBS+ID				
0.6256336184197854	0.6591735507657407	0.4307994237122945	4.408954481025795	1	3	618	154	main	all	HRD_TAI	regression	locked_uga_sbs_id_pooled	Locked pooled UGA SBS+ID				
0.6312983332597242	0.7254346729249691	0.4492757371807145	3.82173685903673	1	4	618	154	main	all	HRD_TAI	regression	locked_uga_sbs_id_pooled	Locked pooled UGA SBS+ID				
0.6007241707921721	0.7151212265605669	0.5109743414317476	4.108920617537065	1	5	618	154	main	all	HRD_TAI	regression	locked_uga_sbs_id_pooled	Locked pooled UGA SBS+ID				
0.6407684831350062	0.6967535478766733	0.4849490659538431	4.330064287493306	1	1	617	155	main	all	HRD_TAI	regression	locked_uga_sbs_id_separate	Locked separate-block UGA SBS+ID				
0.6053716925589148	0.68738849583647	0.4620715414219649	3.633609879401422	1	2	617	155	main	all	HRD_TAI	regression	locked_uga_sbs_id_separate	Locked separate-block UGA SBS+ID				
0.641103046953914	0.6835255921339549	0.456470990360559	4.1249324501334845	1	3	618	154	main	all	HRD_TAI	regression	locked_uga_sbs_id_separate	Locked separate-block UGA SBS+ID				
0.6045972916909389	0.7137845074442241	0.5002060387906213	4.445898833212914	1	4	618	154	main	all	HRD_TAI	regression	locked_uga_sbs_id_separate	Locked separate-block UGA SBS+ID				
0.7056270495378475	0.7462321369455108	0.5476137578006287	3.9243207473259454	1	5	618	154	main	all	HRD_TAI	regression	locked_uga_sbs_id_separate	Locked separate-block UGA SBS+ID				
0.6435093782358858	0.6765500105157527	0.456340449892465	4.169602849406581	1	1	617	155	main	all	HRD_TAI	regression	standard_sbs	Standard SBS96				
0.6802315844361007	0.735800002302729	0.5390148175308141	4.206531343152446	1	2	617	155	main	all	HRD_TAI	regression	standard_sbs	Standard SBS96				
0.6742144522201491	0.7894159528199265	0.6215542255445494	3.507160477824025	1	3	618	154	main	all	HRD_TAI	regression	standard_sbs	Standard SBS96				
0.6350437356072968	0.692424690222453	0.4789482412274798	4.445472636780181	1	4	618	154	main	all	HRD_TAI	regression	standard_sbs	Standard SBS96				
0.6575458012761101	0.6694736883427548	0.4421843925881601	4.105248825890677	1	5	618	154	main	all	HRD_TAI	regression	standard_sbs	Standard SBS96				
0.6473560633794111	0.7008183750848679	0.4910305888343709	4.359246487771311	1	1	617	155	main	all	HRD_TAI	regression	standard_sbs_id	Standard SBS96+ID83				
0.633335626195853	0.6649071742354236	0.4371108766063756	4.276398320351878	1	2	617	155	main	all	HRD_TAI	regression	standard_sbs_id	Standard SBS96+ID83				
0.7468680494492947	0.7991395121538188	0.6294668590634984	3.644772721575452	1	3	618	154	main	all	HRD_TAI	regression	standard_sbs_id	Standard SBS96+ID83				
0.6788452505162751	0.7544178627249027	0.5619461306588274	4.046948525812719	1	4	618	154	main	all	HRD_TAI	regression	standard_sbs_id	Standard SBS96+ID83				
0.7115709551622347	0.7496072329352998	0.5573636602903635	3.6357133140811673	1	5	618	154	main	all	HRD_TAI	regression	standard_sbs_id	Standard SBS96+ID83				
0.2729622358346151	0.3236219985885941	0.0984906988467512	0.7119440910245833	1	1	617	155	main	all	PARPi7	regression	burden_only	Burden only				
0.1897475189619214	0.2370007189976814	0.0365763528790218	0.7360709739301818	1	2	617	155	main	all	PARPi7	regression	burden_only	Burden only				
0.1630051374489703	0.2118931808603268	0.021967375455921	0.8305924714340728	1	3	618	154	main	all	PARPi7	regression	burden_only	Burden only				
0.0694572341951011	0.0702345468853953	-0.1378430097014982	0.7591934603642347	1	4	618	154	main	all	PARPi7	regression	burden_only	Burden only				
0.0604098571430936	0.090662467225773	-0.0814704769520515	0.9199913134629144	1	5	618	154	main	all	PARPi7	regression	burden_only	Burden only				
0.2857667679650299	0.263405585065434	0.0496685571904109	0.7822054329267779	1	1	617	155	main	all	PARPi7	regression	locked_uga_sbs	Locked UGA SBS96				
0.2262463634950965	0.2642186258623659	0.0564152102465335	0.8408912346096049	1	2	617	155	main	all	PARPi7	regression	locked_uga_sbs	Locked UGA SBS96				
0.1870513879977174	0.1789767461300699	-0.0592367513153386	0.7938451693224133	1	3	618	154	main	all	PARPi7	regression	locked_uga_sbs	Locked UGA SBS96				
0.2054517704629093	0.2335450289180494	0.0354943275094871	0.7714896204322771	1	4	618	154	main	all	PARPi7	regression	locked_uga_sbs	Locked UGA SBS96				
0.1820950841348129	0.2143123662527104	-0.0174155394139903	0.6987387633690344	1	5	618	154	main	all	PARPi7	regression	locked_uga_sbs	Locked UGA SBS96				
0.2069705050702426	0.2285661808795866	-0.008776328983729	0.8289396512703961	1	1	617	155	main	all	PARPi7	regression	locked_uga_sbs_id_pooled	Locked pooled UGA SBS+ID				
0.2079448419467614	0.2467369471768606	0.0309577742672507	0.7605929880035462	1	2	617	155	main	all	PARPi7	regression	locked_uga_sbs_id_pooled	Locked pooled UGA SBS+ID				
0.280795687730832	0.3774220974897285	0.1081710627648417	0.8382777449479893	1	3	618	154	main	all	PARPi7	regression	locked_uga_sbs_id_pooled	Locked pooled UGA SBS+ID				
0.0810964665493362	0.0897205526943015	-0.1792131311568039	0.7983131033356237	1	4	618	154	main	all	PARPi7	regression	locked_uga_sbs_id_pooled	Locked pooled UGA SBS+ID				
0.1951460736935954	0.19297833338133	-0.0371077690274637	0.7010336343836203	1	5	618	154	main	all	PARPi7	regression	locked_uga_sbs_id_pooled	Locked pooled UGA SBS+ID				
0.2738321107628754	0.2585325747398339	0.045747235866359	0.7096152837288802	1	1	617	155	main	all	PARPi7	regression	locked_uga_sbs_id_separate	Locked separate-block UGA SBS+ID				
0.282798514386046	0.2339179954120968	0.045095998593666	0.8401637003451803	1	2	617	155	main	all	PARPi7	regression	locked_uga_sbs_id_separate	Locked separate-block UGA SBS+ID				
0.0812113356122682	0.1185238228378438	-0.0953404670221	0.7753357997384919	1	3	618	154	main	all	PARPi7	regression	locked_uga_sbs_id_separate	Locked separate-block UGA SBS+ID				
0.2339612474193909	0.2501864696084501	0.0098404684252539	0.8322030346058047	1	4	618	154	main	all	PARPi7	regression	locked_uga_sbs_id_separate	Locked separate-block UGA SBS+ID				
0.2103756884764718	0.2518479674820952	-0.0302033478117762	0.7580494882752756	1	5	618	154	main	all	PARPi7	regression	locked_uga_sbs_id_separate	Locked separate-block UGA SBS+ID				
0.2278091444676523	0.2432645053653614	0.0506101381808925	0.8638735029835432	1	1	617	155	main	all	PARPi7	regression	standard_sbs	Standard SBS96				
0.230799535626716	0.249051833785939	0.0319796949427518	0.7566965452234311	1	2	617	155	main	all	PARPi7	regression	standard_sbs	Standard SBS96				
0.1316124538169087	0.1980958724785315	-0.0309625025930115	0.7253659583555655	1	3	618	154	main	all	PARPi7	regression	standard_sbs	Standard SBS96				
0.2667651308651312	0.3256448303898083	0.098139260455095	0.8140521821722659	1	4	618	154	main	all	PARPi7	regression	standard_sbs	Standard SBS96				
0.1043830840807778	0.15098617173566	-0.0601492329548443	0.7133149284491426	1	5	618	154	main	all	PARPi7	regression	standard_sbs	Standard SBS96				
0.2818043612952415	0.3062462065851188	0.0772652106606679	0.762156430999874	1	1	617	155	main	all	PARPi7	regression	standard_sbs_id	Standard SBS96+ID83				
0.2608857482883145	0.2669805831617232	0.0593804212710894	0.7943230529536607	1	2	617	155	main	all	PARPi7	regression	standard_sbs_id	Standard SBS96+ID83				
0.1096630837925569	0.1704087730561234	-0.020109853888137	0.80030581800503	1	3	618	154	main	all	PARPi7	regression	standard_sbs_id	Standard SBS96+ID83				
0.2595244647272304	0.3387774216131308	0.1133714360853886	0.7532770829475873	1	4	618	154	main	all	PARPi7	regression	standard_sbs_id	Standard SBS96+ID83				
0.221251274267183	0.1824345562651653	-0.0419644549348676	0.7499811447513635	1	5	618	154	main	all	PARPi7	regression	standard_sbs_id	Standard SBS96+ID83				
0.287411004867842	0.2946233425130588	0.0637031306957259	0.4262319603588576	1	1	617	155	main	all	eCARD	regression	burden_only	Burden only				
0.4298129430235219	0.4257081981461332	0.1802263597190412	0.4055186558998976	1	2	617	155	main	all	eCARD	regression	burden_only	Burden only				
0.3030483753763747	0.3358924898067923	0.0644673464150999	0.411844945615259	1	3	618	154	main	all	eCARD	regression	burden_only	Burden only				
0.3062098923733167	0.2895333482801833	0.0471162093535686	0.4351675656468983	1	4	618	154	main	all	eCARD	regression	burden_only	Burden only				
0.3168237289077545	0.3072046556238146	0.0689621756131276	0.4441991754879812	1	5	618	154	main	all	eCARD	regression	burden_only	Burden only				
0.4153878379684831	0.3711470350551356	0.1179827264433224	0.4273692237451384	1	1	617	155	main	all	eCARD	regression	locked_uga_sbs	Locked UGA SBS96				
0.4022435665042869	0.3840183555657048	0.141924597303837	0.4260273210413994	1	2	617	155	main	all	eCARD	regression	locked_uga_sbs	Locked UGA SBS96				
0.2618875116028816	0.2837282251995336	0.0310502667332808	0.4400220115986678	1	3	618	154	main	all	eCARD	regression	locked_uga_sbs	Locked UGA SBS96				
0.292815079076369	0.2728208539305781	0.0282228063043024	0.4280997126112995	1	4	618	154	main	all	eCARD	regression	locked_uga_sbs	Locked UGA SBS96				
0.3415644722349101	0.3245641163345084	0.0776616786030491	0.4159111502158951	1	5	618	154	main	all	eCARD	regression	locked_uga_sbs	Locked UGA SBS96				
0.3672929768510083	0.3776713601161331	0.1327707830060022	0.3867492397922565	1	1	617	155	main	all	eCARD	regression	locked_uga_sbs_id_pooled	Locked pooled UGA SBS+ID				
0.3251976452561763	0.3326177343253422	0.1061159499142451	0.4538404716610981	1	2	617	155	main	all	eCARD	regression	locked_uga_sbs_id_pooled	Locked pooled UGA SBS+ID				
0.4077002061821796	0.407350925387365	0.1572841283740046	0.3832202340190771	1	3	618	154	main	all	eCARD	regression	locked_uga_sbs_id_pooled	Locked pooled UGA SBS+ID				
0.2488101398917338	0.2455596543155998	0.0193451630579969	0.4911207939163817	1	4	618	154	main	all	eCARD	regression	locked_uga_sbs_id_pooled	Locked pooled UGA SBS+ID				
0.1565195105182276	0.1695901680653423	-0.074544589765372	0.4485166604347865	1	5	618	154	main	all	eCARD	regression	locked_uga_sbs_id_pooled	Locked pooled UGA SBS+ID				
0.3818088216694398	0.3675114413852953	0.1302159902482409	0.4203006635886815	1	1	617	155	main	all	eCARD	regression	locked_uga_sbs_id_separate	Locked separate-block UGA SBS+ID				
0.3448828146715813	0.317008424121316	0.0605550714856721	0.4027681441313797	1	2	617	155	main	all	eCARD	regression	locked_uga_sbs_id_separate	Locked separate-block UGA SBS+ID				
0.2557234037309939	0.2520166644721235	0.015672519140202	0.4450920765084783	1	3	618	154	main	all	eCARD	regression	locked_uga_sbs_id_separate	Locked separate-block UGA SBS+ID				
0.3093835969210051	0.2890806458190291	0.0387277638926077	0.4455119924275229	1	4	618	154	main	all	eCARD	regression	locked_uga_sbs_id_separate	Locked separate-block UGA SBS+ID				
0.3484051685190205	0.3427549615917324	0.1070788735876886	0.4229173229124058	1	5	618	154	main	all	eCARD	regression	locked_uga_sbs_id_separate	Locked separate-block UGA SBS+ID				
0.4451213666346121	0.4577504694435501	0.2018789113189554	0.413961490288694	1	1	617	155	main	all	eCARD	regression	standard_sbs	Standard SBS96				
0.3934297854244182	0.396187581920681	0.1283275075848506	0.4171980586581653	1	2	617	155	main	all	eCARD	regression	standard_sbs	Standard SBS96				
0.3941989699105448	0.3889039522844456	0.1357291922610403	0.4009705340693433	1	3	618	154	main	all	eCARD	regression	standard_sbs	Standard SBS96				
0.3064808669198661	0.3115608693417398	0.0760303043502045	0.4401529981195249	1	4	618	154	main	all	eCARD	regression	standard_sbs	Standard SBS96				
0.5022417178014902	0.4649772532120533	0.2090680112758692	0.3800044815501222	1	5	618	154	main	all	eCARD	regression	standard_sbs	Standard SBS96				
0.4235313074022752	0.4335151260619418	0.1852243746505957	0.3862014599326349	1	1	617	155	main	all	eCARD	regression	standard_sbs_id	Standard SBS96+ID83				
0.3524636653668911	0.370017639467964	0.1133100099203197	0.4251510715439242	1	2	617	155	main	all	eCARD	regression	standard_sbs_id	Standard SBS96+ID83				
0.5041215933707914	0.4827876400062392	0.1862754254418852	0.3951590455477888	1	3	618	154	main	all	eCARD	regression	standard_sbs_id	Standard SBS96+ID83				
0.4276974132761609	0.4139923297971917	0.1310184063467327	0.4032147860608076	1	4	618	154	main	all	eCARD	regression	standard_sbs_id	Standard SBS96+ID83				
0.3518360922913844	0.3729566024188733	0.112522338676	0.4253231687650665	1	5	618	154	main	all	eCARD	regression	standard_sbs_id	Standard SBS96+ID83				
				1	1	617	155	main	all	hrd_binary_24	classification	burden_only	Burden only	0.7434607645875252	0.6863144398827762	0.7152079141515761	0.210361586847068
				1	2	617	155	main	all	hrd_binary_24	classification	burden_only	Burden only	0.800888665325285	0.7240242879260632	0.7266096579476862	0.1845171243097186
				1	3	618	154	main	all	hrd_binary_24	classification	burden_only	Burden only	0.8516884439165112	0.8104437326803348	0.7627693874087902	0.1567829627900069
				1	4	618	154	main	all	hrd_binary_24	classification	burden_only	Burden only	0.7573979591836735	0.7090684352143161	0.6916666666666667	0.2087143009812513
				1	5	618	154	main	all	hrd_binary_24	classification	burden_only	Burden only	0.797704081632653	0.758383191580924	0.7833333333333333	0.1772023582914376
				1	1	617	155	main	all	hrd_binary_24	classification	locked_uga_sbs	Locked UGA SBS96	0.8209255533199196	0.7741695341461362	0.7178906773977196	0.1732664224121386
				1	2	617	155	main	all	hrd_binary_24	classification	locked_uga_sbs	Locked UGA SBS96	0.8645204560697518	0.8636855747934588	0.789906103286385	0.1484553111338701
				1	3	618	154	main	all	hrd_binary_24	classification	locked_uga_sbs	Locked UGA SBS96	0.8208043441371118	0.800204765370157	0.7536908196164942	0.1738451705753446
				1	4	618	154	main	all	hrd_binary_24	classification	locked_uga_sbs	Locked UGA SBS96	0.8430272108843537	0.841363689047527	0.7261904761904763	0.1648092963422227
				1	5	618	154	main	all	hrd_binary_24	classification	locked_uga_sbs	Locked UGA SBS96	0.8040816326530613	0.757567678906222	0.7416666666666667	0.1770555520218728
				1	1	617	155	main	all	hrd_binary_24	classification	locked_uga_sbs_id_pooled	Locked pooled UGA SBS+ID	0.8034875922199866	0.787808832264484	0.7476525821596245	0.1780331362186203
				1	2	617	155	main	all	hrd_binary_24	classification	locked_uga_sbs_id_pooled	Locked pooled UGA SBS+ID	0.7936787391012743	0.8048203242861723	0.7141180415828303	0.1861129134608622
				1	3	618	154	main	all	hrd_binary_24	classification	locked_uga_sbs_id_pooled	Locked pooled UGA SBS+ID	0.7929747157644664	0.780203040229647	0.7135584591888682	0.1916989949674889
				1	4	618	154	main	all	hrd_binary_24	classification	locked_uga_sbs_id_pooled	Locked pooled UGA SBS+ID	0.811734693877551	0.8231661586717984	0.736904761904762	0.1747002707638385
				1	5	618	154	main	all	hrd_binary_24	classification	locked_uga_sbs_id_pooled	Locked pooled UGA SBS+ID	0.8185374149659864	0.8477579797579246	0.7523809523809524	0.1703265822696031
				1	1	617	155	main	all	hrd_binary_24	classification	locked_uga_sbs_id_separate	Locked separate-block UGA SBS+ID	0.7432930918846411	0.7513187505115749	0.6783199195171026	0.2139162731810878
				1	2	617	155	main	all	hrd_binary_24	classification	locked_uga_sbs_id_separate	Locked separate-block UGA SBS+ID	0.8978873239436621	0.8864709486547749	0.828890006706908	0.1285328538260471
				1	3	618	154	main	all	hrd_binary_24	classification	locked_uga_sbs_id_separate	Locked separate-block UGA SBS+ID	0.8040047513999661	0.7845876846567179	0.7216188698455794	0.1869513012774239
				1	4	618	154	main	all	hrd_binary_24	classification	locked_uga_sbs_id_separate	Locked separate-block UGA SBS+ID	0.8629251700680272	0.8495137355498771	0.7916666666666667	0.1466472992162674
				1	5	618	154	main	all	hrd_binary_24	classification	locked_uga_sbs_id_separate	Locked separate-block UGA SBS+ID	0.8198979591836735	0.8246712679742875	0.7488095238095238	0.1814275326463698
				1	1	617	155	main	all	hrd_binary_24	classification	standard_sbs	Standard SBS96	0.8395372233400402	0.8230193080701892	0.7628269617706237	0.160429316315823
				1	2	617	155	main	all	hrd_binary_24	classification	standard_sbs	Standard SBS96	0.7940979208584842	0.8007496238434019	0.7422870556673373	0.1854719576758497
				1	3	618	154	main	all	hrd_binary_24	classification	standard_sbs	Standard SBS96	0.8530459867639572	0.8587465997233631	0.7999321228576277	0.1476149335619932
				1	4	618	154	main	all	hrd_binary_24	classification	standard_sbs	Standard SBS96	0.8251700680272108	0.8456524205152156	0.7904761904761904	0.1591208890401477
				1	5	618	154	main	all	hrd_binary_24	classification	standard_sbs	Standard SBS96	0.8833333333333333	0.860036923894207	0.7726190476190476	0.1427060857739299
				1	1	617	155	main	all	hrd_binary_24	classification	standard_sbs_id	Standard SBS96+ID83	0.7914151576123406	0.7656094807073843	0.7086686787391012	0.1919079429149136
				1	2	617	155	main	all	hrd_binary_24	classification	standard_sbs_id	Standard SBS96+ID83	0.8611670020120724	0.859296573343818	0.7780013413816231	0.1504044811472372
				1	3	618	154	main	all	hrd_binary_24	classification	standard_sbs_id	Standard SBS96+ID83	0.864076022399457	0.8804392508750112	0.792889869336501	0.1422122847957102
				1	4	618	154	main	all	hrd_binary_24	classification	standard_sbs_id	Standard SBS96+ID83	0.879591836734694	0.8888576951831343	0.805952380952381	0.1344596742007065
				1	5	618	154	main	all	hrd_binary_24	classification	standard_sbs_id	Standard SBS96+ID83	0.8523809523809524	0.8059471778788292	0.8130952380952381	0.1537986702349583
				1	1	617	155	main	all	hrd_binary_33	classification	burden_only	Burden only	0.8325453112687156	0.6642544205263514	0.7579787234042553	0.1669523904365853
				1	2	617	155	main	all	hrd_binary_33	classification	burden_only	Burden only	0.8189519306540581	0.691697263605202	0.7524625689519306	0.1639028212642349
				1	3	618	154	main	all	hrd_binary_33	classification	burden_only	Burden only	0.8703703703703705	0.7184770253675721	0.7912640901771336	0.1556044458647256
				1	4	618	154	main	all	hrd_binary_33	classification	burden_only	Burden only	0.8111950686021078	0.5739056051418262	0.7640684032610856	0.1767685637388097
				1	5	618	154	main	all	hrd_binary_33	classification	burden_only	Burden only	0.8143766156293498	0.6975671515538752	0.7448796977530324	0.1744805294203309
				1	1	617	155	main	all	hrd_binary_33	classification	locked_uga_sbs	Locked UGA SBS96	0.8833727344365642	0.8348934536353733	0.8089046493301812	0.1326958849853714
				1	2	617	155	main	all	hrd_binary_33	classification	locked_uga_sbs	Locked UGA SBS96	0.8382584712371945	0.7351927010049841	0.7751182033096926	0.1503379910477814
				1	3	618	154	main	all	hrd_binary_33	classification	locked_uga_sbs	Locked UGA SBS96	0.8856682769726247	0.8012119565603406	0.806159420289855	0.1152117651779432
				1	4	618	154	main	all	hrd_binary_33	classification	locked_uga_sbs	Locked UGA SBS96	0.8281964605289321	0.652389157431692	0.7503479817061045	0.1550833001049588
				1	5	618	154	main	all	hrd_binary_33	classification	locked_uga_sbs	Locked UGA SBS96	0.8761185126267648	0.7919443101821235	0.8061244780274408	0.1338416283554724
				1	1	617	155	main	all	hrd_binary_33	classification	locked_uga_sbs_id_pooled	Locked pooled UGA SBS+ID	0.8617021276595744	0.7238144086626399	0.7631008668242711	0.1368578048670177
				1	2	617	155	main	all	hrd_binary_33	classification	locked_uga_sbs_id_pooled	Locked pooled UGA SBS+ID	0.8756895193065406	0.7967092533087655	0.814913317572892	0.1347312720543546
				1	3	618	154	main	all	hrd_binary_33	classification	locked_uga_sbs_id_pooled	Locked pooled UGA SBS+ID	0.8679549114331723	0.803919554607005	0.7971014492753623	0.1355174227823928
				1	4	618	154	main	all	hrd_binary_33	classification	locked_uga_sbs_id_pooled	Locked pooled UGA SBS+ID	0.8395307218134819	0.7768823527503456	0.8162656591767747	0.1342358122339014
				1	5	618	154	main	all	hrd_binary_33	classification	locked_uga_sbs_id_pooled	Locked pooled UGA SBS+ID	0.8985881885066613	0.8214628220434269	0.7869357725193875	0.1196517476740141
				1	1	617	155	main	all	hrd_binary_33	classification	locked_uga_sbs_id_separate	Locked separate-block UGA SBS+ID	0.8743104806934595	0.778977887510327	0.8107762017336486	0.1247493604945413
				1	2	617	155	main	all	hrd_binary_33	classification	locked_uga_sbs_id_separate	Locked separate-block UGA SBS+ID	0.8934200157604413	0.8368316221193198	0.8070330969267139	0.1241685676727333
				1	3	618	154	main	all	hrd_binary_33	classification	locked_uga_sbs_id_separate	Locked separate-block UGA SBS+ID	0.7791867954911432	0.69409706174421	0.6869967793880838	0.1844952719083439
				1	4	618	154	main	all	hrd_binary_33	classification	locked_uga_sbs_id_separate	Locked separate-block UGA SBS+ID	0.868562338437065	0.7584587570443211	0.7869357725193875	0.1255501014756528
				1	5	618	154	main	all	hrd_binary_33	classification	locked_uga_sbs_id_separate	Locked separate-block UGA SBS+ID	0.8928216345197854	0.8272250265535859	0.8401272618810897	0.120513761681142
				1	1	617	155	main	all	hrd_binary_33	classification	standard_sbs	Standard SBS96	0.8780535855003941	0.7456103186597149	0.8223010244286839	0.1276488787753907
				1	2	617	155	main	all	hrd_binary_33	classification	standard_sbs	Standard SBS96	0.8599290780141845	0.7777237694317377	0.7483254531126872	0.1353354999258287
				1	3	618	154	main	all	hrd_binary_33	classification	standard_sbs	Standard SBS96	0.8961352657004831	0.7778926336453927	0.8248792270531401	0.1182129882198389
				1	4	618	154	main	all	hrd_binary_33	classification	standard_sbs	Standard SBS96	0.8516603698548418	0.7406629695113295	0.7822628753231259	0.1424377374746921
				1	5	618	154	main	all	hrd_binary_33	classification	standard_sbs	Standard SBS96	0.8834758401272619	0.8117079327033775	0.8349572479618215	0.1175500787453392
				1	1	617	155	main	all	hrd_binary_33	classification	standard_sbs_id	Standard SBS96+ID83	0.8315602836879432	0.7088391626828865	0.7385736800630418	0.1623056392430218
				1	2	617	155	main	all	hrd_binary_33	classification	standard_sbs_id	Standard SBS96+ID83	0.8900709219858156	0.7872755200530448	0.8010244286840031	0.1280171027341839
				1	3	618	154	main	all	hrd_binary_33	classification	standard_sbs_id	Standard SBS96+ID83	0.8800322061191627	0.8079305716977196	0.8156199677938809	0.1241653330214552
				1	4	618	154	main	all	hrd_binary_33	classification	standard_sbs_id	Standard SBS96+ID83	0.8580234639093258	0.7714119602421965	0.7226088685623384	0.1348155284742278
				1	5	618	154	main	all	hrd_binary_33	classification	standard_sbs_id	Standard SBS96+ID83	0.9240405647245972	0.8476602756852026	0.8209385563730364	0.1028618790997013
				1	1	617	155	main	all	hrd_binary_42	classification	burden_only	Burden only	0.8581333333333333	0.6248087819997974	0.7833333333333334	0.1492630900126235
				1	2	617	155	main	all	hrd_binary_42	classification	burden_only	Burden only	0.8445333333333334	0.5315165088511496	0.7426666666666666	0.1639174663450992
				1	3	618	154	main	all	hrd_binary_42	classification	burden_only	Burden only	0.853494623655914	0.6284917323781535	0.7411290322580645	0.151573647990542
				1	4	618	154	main	all	hrd_binary_42	classification	burden_only	Burden only	0.8596774193548387	0.5979180218965653	0.7951612903225806	0.1412557154472501
				1	5	618	154	main	all	hrd_binary_42	classification	burden_only	Burden only	0.8005376344086022	0.4864118752960595	0.6876344086021505	0.1844615499622713
				1	1	617	155	main	all	hrd_binary_42	classification	locked_uga_sbs	Locked UGA SBS96	0.92	0.7755962358158569	0.8686666666666667	0.0888242374581056
				1	2	617	155	main	all	hrd_binary_42	classification	locked_uga_sbs	Locked UGA SBS96	0.9109333333333332	0.8089825197215685	0.8140000000000001	0.0814179157338659
				1	3	618	154	main	all	hrd_binary_42	classification	locked_uga_sbs	Locked UGA SBS96	0.903494623655914	0.8055229297423103	0.814247311827957	0.0987324268544523
				1	4	618	154	main	all	hrd_binary_42	classification	locked_uga_sbs	Locked UGA SBS96	0.9096774193548388	0.7017888707538052	0.7723118279569892	0.094758641446369
				1	5	618	154	main	all	hrd_binary_42	classification	locked_uga_sbs	Locked UGA SBS96	0.8830645161290324	0.6878058630030169	0.793010752688172	0.1012233009390526
				1	1	617	155	main	all	hrd_binary_42	classification	locked_uga_sbs_id_pooled	Locked pooled UGA SBS+ID	0.8402666666666666	0.6985954348548034	0.7306666666666667	0.1158356926891531
				1	2	617	155	main	all	hrd_binary_42	classification	locked_uga_sbs_id_pooled	Locked pooled UGA SBS+ID	0.904	0.8068391402300229	0.8426666666666667	0.0795188560215769
				1	3	618	154	main	all	hrd_binary_42	classification	locked_uga_sbs_id_pooled	Locked pooled UGA SBS+ID	0.907258064516129	0.7771983225989862	0.810752688172043	0.1100527875765148
				1	4	618	154	main	all	hrd_binary_42	classification	locked_uga_sbs_id_pooled	Locked pooled UGA SBS+ID	0.9202956989247312	0.8274015917719958	0.8556451612903226	0.0867068429805325
				1	5	618	154	main	all	hrd_binary_42	classification	locked_uga_sbs_id_pooled	Locked pooled UGA SBS+ID	0.9223118279569892	0.7896575068286782	0.8510752688172043	0.0809380516635578
				1	1	617	155	main	all	hrd_binary_42	classification	locked_uga_sbs_id_separate	Locked separate-block UGA SBS+ID	0.9194666666666668	0.7652079009532666	0.8146666666666667	0.0953121946555567
				1	2	617	155	main	all	hrd_binary_42	classification	locked_uga_sbs_id_separate	Locked separate-block UGA SBS+ID	0.8797333333333334	0.7700603832683531	0.7593333333333333	0.0875998205300004
				1	3	618	154	main	all	hrd_binary_42	classification	locked_uga_sbs_id_separate	Locked separate-block UGA SBS+ID	0.93252688172043	0.8238925891402804	0.8516129032258064	0.0823167053502126
				1	4	618	154	main	all	hrd_binary_42	classification	locked_uga_sbs_id_separate	Locked separate-block UGA SBS+ID	0.910483870967742	0.7910337846645387	0.8384408602150537	0.0788625690137156
				1	5	618	154	main	all	hrd_binary_42	classification	locked_uga_sbs_id_separate	Locked separate-block UGA SBS+ID	0.8836021505376345	0.7088161580669416	0.7849462365591398	0.1105848889133236
				1	1	617	155	main	all	hrd_binary_42	classification	standard_sbs	Standard SBS96	0.9162666666666668	0.811553158541965	0.8306666666666667	0.080557521219358
				1	2	617	155	main	all	hrd_binary_42	classification	standard_sbs	Standard SBS96	0.9312	0.7656950423885112	0.8520000000000001	0.0862164153260998
				1	3	618	154	main	all	hrd_binary_42	classification	standard_sbs	Standard SBS96	0.93494623655914	0.8070023541930236	0.8005376344086022	0.0769691620844159
				1	4	618	154	main	all	hrd_binary_42	classification	standard_sbs	Standard SBS96	0.945967741935484	0.8135607276535621	0.8435483870967742	0.0835397871334208
				1	5	618	154	main	all	hrd_binary_42	classification	standard_sbs	Standard SBS96	0.8672043010752688	0.6707807749474987	0.7637096774193548	0.1093661913072688
				1	1	617	155	main	all	hrd_binary_42	classification	standard_sbs_id	Standard SBS96+ID83	0.9626666666666668	0.8778445309467829	0.9013333333333332	0.0620900792809928
				1	2	617	155	main	all	hrd_binary_42	classification	standard_sbs_id	Standard SBS96+ID83	0.8773333333333333	0.7066217143896647	0.7466666666666666	0.1079554639343859
				1	3	618	154	main	all	hrd_binary_42	classification	standard_sbs_id	Standard SBS96+ID83	0.9172043010752688	0.7991005293037554	0.8177419354838709	0.0836972942183727
				1	4	618	154	main	all	hrd_binary_42	classification	standard_sbs_id	Standard SBS96+ID83	0.95752688172043	0.8513398156618658	0.8303763440860215	0.0777807527723066
				1	5	618	154	main	all	hrd_binary_42	classification	standard_sbs_id	Standard SBS96+ID83	0.9018817204301076	0.7332177886774213	0.8481182795698925	0.1111797819515711
				1	1	617	155	main	all	parpi7_binary	classification	burden_only	Burden only	0.7535185185185185	0.295136078319936	0.6981481481481482	0.1758079702728585
				1	2	617	155	main	all	parpi7_binary	classification	burden_only	Burden only	0.5757407407407407	0.1606656542326013	0.587037037037037	0.2154384555125542
				1	3	618	154	main	all	parpi7_binary	classification	burden_only	Burden only	0.6573099415204677	0.2073037403342691	0.6113060428849902	0.1952768488777973
				1	4	618	154	main	all	parpi7_binary	classification	burden_only	Burden only	0.5274253731343282	0.1897671221786774	0.5305970149253731	0.1972309328328364
				1	5	618	154	main	all	parpi7_binary	classification	burden_only	Burden only	0.6449626865671642	0.213156917296538	0.6332089552238807	0.1989726288738358
				1	1	617	155	main	all	parpi7_binary	classification	locked_uga_sbs	Locked UGA SBS96	0.6044444444444445	0.1975273769401974	0.5685185185185185	0.1608300582097635
				1	2	617	155	main	all	parpi7_binary	classification	locked_uga_sbs	Locked UGA SBS96	0.7151851851851851	0.2773751739289123	0.5731481481481482	0.1319694582975542
				1	3	618	154	main	all	parpi7_binary	classification	locked_uga_sbs	Locked UGA SBS96	0.6830409356725147	0.3126205911258287	0.6886939571150097	0.1322299201970183
				1	4	618	154	main	all	parpi7_binary	classification	locked_uga_sbs	Locked UGA SBS96	0.6022388059701493	0.2799182739247456	0.5690298507462687	0.143843794818113
				1	5	618	154	main	all	parpi7_binary	classification	locked_uga_sbs	Locked UGA SBS96	0.4914179104477612	0.1341963853926263	0.4940298507462686	0.1652214082614519
				1	1	617	155	main	all	parpi7_binary	classification	locked_uga_sbs_id_pooled	Locked pooled UGA SBS+ID	0.6140740740740741	0.2653216927270992	0.5657407407407408	0.1431886760011052
				1	2	617	155	main	all	parpi7_binary	classification	locked_uga_sbs_id_pooled	Locked pooled UGA SBS+ID	0.6818518518518518	0.248010676639267	0.587962962962963	0.1309335358460705
				1	3	618	154	main	all	parpi7_binary	classification	locked_uga_sbs_id_pooled	Locked pooled UGA SBS+ID	0.5695906432748539	0.1669411818068759	0.5011695906432748	0.1666912029365536
				1	4	618	154	main	all	parpi7_binary	classification	locked_uga_sbs_id_pooled	Locked pooled UGA SBS+ID	0.7552238805970148	0.3084186867800944	0.5414179104477612	0.1219152963323909
				1	5	618	154	main	all	parpi7_binary	classification	locked_uga_sbs_id_pooled	Locked pooled UGA SBS+ID	0.6563432835820895	0.2492921991202845	0.6227611940298508	0.1414653072633457
				1	1	617	155	main	all	parpi7_binary	classification	locked_uga_sbs_id_separate	Locked separate-block UGA SBS+ID	0.717037037037037	0.2505210536014966	0.6083333333333334	0.1362089792661083
				1	2	617	155	main	all	parpi7_binary	classification	locked_uga_sbs_id_separate	Locked separate-block UGA SBS+ID	0.6125925925925926	0.175241715288002	0.5407407407407407	0.151175479597067
				1	3	618	154	main	all	parpi7_binary	classification	locked_uga_sbs_id_separate	Locked separate-block UGA SBS+ID	0.7426900584795322	0.2997385386878943	0.6019493177387915	0.1207316075175554
				1	4	618	154	main	all	parpi7_binary	classification	locked_uga_sbs_id_separate	Locked separate-block UGA SBS+ID	0.6156716417910448	0.1983119115755663	0.5328358208955224	0.1496600960698992
				1	5	618	154	main	all	parpi7_binary	classification	locked_uga_sbs_id_separate	Locked separate-block UGA SBS+ID	0.6985074626865672	0.3144185373129985	0.6052238805970149	0.1265557839741364
				1	1	617	155	main	all	parpi7_binary	classification	standard_sbs	Standard SBS96	0.637037037037037	0.2346054030020905	0.5981481481481481	0.1406156399410962
				1	2	617	155	main	all	parpi7_binary	classification	standard_sbs	Standard SBS96	0.6003703703703704	0.2298073044391311	0.587037037037037	0.1494260491459705
				1	3	618	154	main	all	parpi7_binary	classification	standard_sbs	Standard SBS96	0.6947368421052631	0.3062280147110418	0.5686159844054581	0.1385060959244043
				1	4	618	154	main	all	parpi7_binary	classification	standard_sbs	Standard SBS96	0.7100746268656717	0.2632084774883592	0.6302238805970148	0.1307436705365954
				1	5	618	154	main	all	parpi7_binary	classification	standard_sbs	Standard SBS96	0.6294776119402986	0.301466242066172	0.6078358208955223	0.146752800195517
				1	1	617	155	main	all	parpi7_binary	classification	standard_sbs_id	Standard SBS96+ID83	0.712962962962963	0.3141274785382456	0.5666666666666667	0.1214784285566226
				1	2	617	155	main	all	parpi7_binary	classification	standard_sbs_id	Standard SBS96+ID83	0.672962962962963	0.2090073756067379	0.5055555555555555	0.1392660926888541
				1	3	618	154	main	all	parpi7_binary	classification	standard_sbs_id	Standard SBS96+ID83	0.62729044834308	0.2157574612143956	0.6023391812865497	0.1405941308228363
				1	4	618	154	main	all	parpi7_binary	classification	standard_sbs_id	Standard SBS96+ID83	0.6951492537313433	0.2700311981725889	0.6328358208955224	0.14429513941039
				1	5	618	154	main	all	parpi7_binary	classification	standard_sbs_id	Standard SBS96+ID83	0.5735074626865672	0.2845616200908232	0.592910447761194	0.1537660341758153
