run_id,endpoint_tier,endpoint_tier_display,endpoint,endpoint_display,task,task_display,representation_family,representation_family_display,representation,representation_display,atlas_status,atlas_status_display,model_family,model_display,metric,metric_display,primary_score,macro_auroc,auroc,micro_auroc,auprc,accuracy,macro_f1,f1,balanced_accuracy,cohen_kappa,top3_accuracy,top5_accuracy,delta_vs_signatures,ci_low,ci_high,p_value,q_value,n_samples,n_features,folds,repeats,xgb_estimators,optuna_trials_completed,cache_key,oof_prediction_file,fold_metrics_file,na_reason,split_strategy,experiment_id,source_file
20260820T084654Z,main,Main,HRD_Score,HRD score,regression,Regression,MAF_stack_only,Bio MAF v4,MAF_stack_only,Bio MAF v4,no UGA atlas,No UGA atlas,XGBoost,XGBoost,spearman,Spearman r,0.7412851483809776,,,,,,,,,,,,,,,,,772.0,948.0,5.0,1.0,,0.0,main_complete_panel_mc3_maf_stack_bio_v4_nested_fs_15d698606a129584e3f82812,main_manuscript_complete_panel_oof_predictions.csv,main_manuscript_complete_panel_fold_metrics.csv,,5 outer KFold; inner validation split,main_manuscript_complete_panel,main_manuscript_complete_panel_endpoint_results.csv
20260820T084654Z,main,Main,HRD_Score,HRD score,regression,Regression,MAF_stack_only,Bio MAF v4,MAF_stack_only,Bio MAF v4,no UGA atlas,No UGA atlas,elastic_net,Elastic net,spearman,Spearman r,0.7144086094891684,,,,,,,,,,,,,,,,,772.0,948.0,5.0,1.0,,0.0,main_complete_panel_mc3_maf_stack_bio_v4_nested_fs_15d698606a129584e3f82812,main_manuscript_complete_panel_oof_predictions.csv,main_manuscript_complete_panel_fold_metrics.csv,,5 outer KFold; inner validation split,main_manuscript_complete_panel,main_manuscript_complete_panel_endpoint_results.csv
20260820T084654Z,main,Main,HRD_Score,HRD score,regression,Regression,MuAt_style_attention_MIL,MuAt-compatible,MuAt-compatible reimplementation,Muat Compatible Reimplementation,no UGA atlas,No UGA atlas,MuAt-compatible reimplementation,MuAt-compatible,spearman,Spearman r,0.5194202845485159,,,,,,,,,,,,,,,,,772.0,,5.0,1.0,,,,muat_style_tcga_comparator_main_endpoints_comparable_oof_predictions.csv,muat_style_tcga_comparator_main_endpoints_comparable_fold_metrics.csv,,5-fold OOF CV where available,muat_style_tcga_comparator,muat_style_tcga_comparator_main_endpoints_comparable_endpoint_results.csv
20260820T084654Z,main,Main,HRD_Score,HRD score,regression,Regression,burden_only,Mutational burden,burden_only,Mutational burden,no UGA atlas,No UGA atlas,XGBoost,XGBoost,spearman,Spearman r,0.5997475549807492,,,,,,,,,,,,,,,,,772.0,3.0,5.0,1.0,,0.0,main_complete_panel_mc3_standard_features_8cb3c8c73eb9a71f2bf3c228,main_manuscript_complete_panel_oof_predictions.csv,main_manuscript_complete_panel_fold_metrics.csv,,5 outer KFold; inner validation split,main_manuscript_complete_panel,main_manuscript_complete_panel_endpoint_results.csv
20260820T084654Z,main,Main,HRD_Score,HRD score,regression,Regression,burden_only,Mutational burden,burden_only,Mutational burden,no UGA atlas,No UGA atlas,elastic_net,Elastic net,spearman,Spearman r,0.4972882379978098,,,,,,,,,,,,,,,,,772.0,3.0,5.0,1.0,,0.0,main_complete_panel_mc3_standard_features_8cb3c8c73eb9a71f2bf3c228,main_manuscript_complete_panel_oof_predictions.csv,main_manuscript_complete_panel_fold_metrics.csv,,5 outer KFold; inner validation split,main_manuscript_complete_panel,main_manuscript_complete_panel_endpoint_results.csv
20260820T084654Z,main,Main,HRD_Score,HRD score,regression,Regression,signatures_only,Mutational signatures,standard_sbs96_id83,SBS96 + ID83 spectra,no UGA atlas,No UGA atlas,XGBoost,XGBoost,spearman,Spearman r,0.69267507861819,,,,,,,,,,,,,,,,,772.0,182.0,5.0,1.0,,0.0,main_complete_panel_mc3_standard_features_8cb3c8c73eb9a71f2bf3c228,main_manuscript_complete_panel_oof_predictions.csv,main_manuscript_complete_panel_fold_metrics.csv,,5 outer KFold; inner validation split,main_manuscript_complete_panel,main_manuscript_complete_panel_endpoint_results.csv
20260820T084654Z,main,Main,HRD_Score,HRD score,regression,Regression,signatures_only,Mutational signatures,standard_sbs96_id83,SBS96 + ID83 spectra,no UGA atlas,No UGA atlas,elastic_net,Elastic net,spearman,Spearman r,0.4305867692307522,,,,,,,,,,,,,,,,,772.0,182.0,5.0,1.0,,0.0,main_complete_panel_mc3_standard_features_8cb3c8c73eb9a71f2bf3c228,main_manuscript_complete_panel_oof_predictions.csv,main_manuscript_complete_panel_fold_metrics.csv,,5 outer KFold; inner validation split,main_manuscript_complete_panel,main_manuscript_complete_panel_endpoint_results.csv
20260820T084654Z,main,Main,HRD_Score,HRD score,regression,Regression,signatures_plus_MAF_stack,Signatures + Bio MAF v4,signatures_plus_MAF_stack,Signatures + Bio MAF v4,no UGA atlas,No UGA atlas,XGBoost,XGBoost,spearman,Spearman r,0.7666447319392569,,,,,,,,,,,,,,,,,772.0,1130.0,5.0,1.0,,0.0,main_complete_panel_mc3_signatures_plus_maf_stack_bio_v4_nested_fs_ac11587791bbbd40db3991bb,main_manuscript_complete_panel_oof_predictions.csv,main_manuscript_complete_panel_fold_metrics.csv,,5 outer KFold; inner validation split,main_manuscript_complete_panel,main_manuscript_complete_panel_endpoint_results.csv
20260820T084654Z,main,Main,HRD_Score,HRD score,regression,Regression,signatures_plus_MAF_stack,Signatures + Bio MAF v4,signatures_plus_MAF_stack,Signatures + Bio MAF v4,no UGA atlas,No UGA atlas,elastic_net,Elastic net,spearman,Spearman r,0.7325062605793751,,,,,,,,,,,,,,,,,772.0,1130.0,5.0,1.0,,0.0,main_complete_panel_mc3_signatures_plus_maf_stack_bio_v4_nested_fs_ac11587791bbbd40db3991bb,main_manuscript_complete_panel_oof_predictions.csv,main_manuscript_complete_panel_fold_metrics.csv,,5 outer KFold; inner validation split,main_manuscript_complete_panel,main_manuscript_complete_panel_endpoint_results.csv
20260820T084654Z,main,Main,OS,Overall survival,survival,Survival,MAF_stack_only,Bio MAF v4,MAF_stack_only,Bio MAF v4,no UGA atlas,No UGA atlas,cox_ph,CoxNet,c_index,Harrell C-index,0.6335197305897464,,,,,,,,,,,,,,,,,9986.0,948.0,5.0,1.0,,0.0,main_complete_panel_mc3_maf_stack_bio_v4_nested_fs_15d698606a129584e3f82812,main_manuscript_complete_panel_oof_predictions.csv,main_manuscript_complete_panel_fold_metrics.csv,,5 outer event-stratified folds; inner event-stratified validation split,main_manuscript_complete_panel,main_manuscript_complete_panel_endpoint_results.csv
20260820T084654Z,main,Main,OS,Overall survival,survival,Survival,burden_only,Mutational burden,burden_only,Mutational burden,no UGA atlas,No UGA atlas,cox_ph,CoxNet,c_index,Harrell C-index,0.5837939659160878,,,,,,,,,,,,,,,,,9986.0,3.0,5.0,1.0,,0.0,main_complete_panel_mc3_standard_features_8cb3c8c73eb9a71f2bf3c228,main_manuscript_complete_panel_oof_predictions.csv,main_manuscript_complete_panel_fold_metrics.csv,,5 outer event-stratified folds; inner event-stratified validation split,main_manuscript_complete_panel,main_manuscript_complete_panel_endpoint_results.csv
20260820T084654Z,main,Main,OS,Overall survival,survival,Survival,signatures_only,Mutational signatures,standard_sbs96_id83,SBS96 + ID83 spectra,no UGA atlas,No UGA atlas,cox_ph,CoxNet,c_index,Harrell C-index,0.6069031330581238,,,,,,,,,,,,,,,,,9986.0,182.0,5.0,1.0,,0.0,main_complete_panel_mc3_standard_features_8cb3c8c73eb9a71f2bf3c228,main_manuscript_complete_panel_oof_predictions.csv,main_manuscript_complete_panel_fold_metrics.csv,,5 outer event-stratified folds; inner event-stratified validation split,main_manuscript_complete_panel,main_manuscript_complete_panel_endpoint_results.csv
20260820T084654Z,main,Main,OS,Overall survival,survival,Survival,signatures_plus_MAF_stack,Signatures + Bio MAF v4,signatures_plus_MAF_stack,Signatures + Bio MAF v4,no UGA atlas,No UGA atlas,cox_ph,CoxNet,c_index,Harrell C-index,0.650499412990355,,,,,,,,,,,,,,,,,9986.0,1130.0,5.0,1.0,,0.0,main_complete_panel_mc3_signatures_plus_maf_stack_bio_v4_nested_fs_ac11587791bbbd40db3991bb,main_manuscript_complete_panel_oof_predictions.csv,main_manuscript_complete_panel_fold_metrics.csv,,5 outer event-stratified folds; inner event-stratified validation split,main_manuscript_complete_panel,main_manuscript_complete_panel_endpoint_results.csv
20260820T084654Z,main,Main,cancer_type_top20,Cancer type (top 20),multiclass,Multiclass classification,MAF_stack_only,Bio MAF v4,MAF_stack_only,Bio MAF v4,no UGA atlas,No UGA atlas,XGBoost,XGBoost,balanced_accuracy,Balanced accuracy,0.6618295959768071,0.9590512039575612,0.9590512039575612,0.9641792688397128,,0.6617045454545455,0.6635039435284329,0.6635039435284329,0.6618295959768071,0.6411156948853795,0.8638636363636364,0.9285227272727272,,,,,,8800.0,948.0,5.0,1.0,,0.0,main_complete_panel_mc3_maf_stack_bio_v4_nested_fs_15d698606a129584e3f82812,main_manuscript_complete_panel_oof_predictions.csv,main_manuscript_complete_panel_fold_metrics.csv,,5 outer stratified folds; inner stratified validation split,main_manuscript_complete_panel,main_manuscript_complete_panel_endpoint_results.csv
20260820T084654Z,main,Main,cancer_type_top20,Cancer type (top 20),multiclass,Multiclass classification,MAF_stack_only,Bio MAF v4,MAF_stack_only,Bio MAF v4,no UGA atlas,No UGA atlas,elastic_net,Elastic net,balanced_accuracy,Balanced accuracy,0.5712277179766847,0.864580615173326,0.864580615173326,0.8686613996574598,,0.5790909090909091,0.5846765187441149,0.5846765187441149,0.5712277179766847,0.5521005544368864,0.7938636363636363,0.8790909090909091,,,,,,8800.0,948.0,5.0,1.0,,0.0,main_complete_panel_mc3_maf_stack_bio_v4_nested_fs_15d698606a129584e3f82812,main_manuscript_complete_panel_oof_predictions.csv,main_manuscript_complete_panel_fold_metrics.csv,,5 outer stratified folds; inner stratified validation split,main_manuscript_complete_panel,main_manuscript_complete_panel_endpoint_results.csv
20260820T084654Z,main,Main,cancer_type_top20,Cancer type (top 20),multiclass,Multiclass classification,burden_only,Mutational burden,burden_only,Mutational burden,no UGA atlas,No UGA atlas,XGBoost,XGBoost,balanced_accuracy,Balanced accuracy,0.254945016639541,0.807802264482121,0.807802264482121,0.8354896334003915,,0.2872727272727273,0.2386769387313887,0.2386769387313887,0.254945016639541,0.2367814333410509,0.5604545454545454,0.699659090909091,,,,,,8800.0,3.0,5.0,1.0,,0.0,main_complete_panel_mc3_standard_features_8cb3c8c73eb9a71f2bf3c228,main_manuscript_complete_panel_oof_predictions.csv,main_manuscript_complete_panel_fold_metrics.csv,,5 outer stratified folds; inner stratified validation split,main_manuscript_complete_panel,main_manuscript_complete_panel_endpoint_results.csv
20260820T084654Z,main,Main,cancer_type_top20,Cancer type (top 20),multiclass,Multiclass classification,burden_only,Mutational burden,burden_only,Mutational burden,no UGA atlas,No UGA atlas,elastic_net,Elastic net,balanced_accuracy,Balanced accuracy,0.2473204505990421,0.7798911850665728,0.7798911850665728,0.794647455415398,,0.2425,0.2080026251830237,0.2080026251830237,0.2473204505990421,0.2034253059475248,0.4955681818181818,0.6420454545454546,,,,,,8800.0,3.0,5.0,1.0,,0.0,main_complete_panel_mc3_standard_features_8cb3c8c73eb9a71f2bf3c228,main_manuscript_complete_panel_oof_predictions.csv,main_manuscript_complete_panel_fold_metrics.csv,,5 outer stratified folds; inner stratified validation split,main_manuscript_complete_panel,main_manuscript_complete_panel_endpoint_results.csv
20260820T084654Z,main,Main,cancer_type_top20,Cancer type (top 20),multiclass,Multiclass classification,signatures_only,Mutational signatures,standard_sbs96_id83,SBS96 + ID83 spectra,no UGA atlas,No UGA atlas,XGBoost,XGBoost,balanced_accuracy,Balanced accuracy,0.5381477651217608,0.93496336737383,0.93496336737383,0.9431971849173554,,0.5607954545454545,0.5465269831670979,0.5465269831670979,0.5381477651217608,0.5323045261321613,0.8173863636363636,0.8988636363636363,,,,,,8800.0,182.0,5.0,1.0,,0.0,main_complete_panel_mc3_standard_features_8cb3c8c73eb9a71f2bf3c228,main_manuscript_complete_panel_oof_predictions.csv,main_manuscript_complete_panel_fold_metrics.csv,,5 outer stratified folds; inner stratified validation split,main_manuscript_complete_panel,main_manuscript_complete_panel_endpoint_results.csv
20260820T084654Z,main,Main,cancer_type_top20,Cancer type (top 20),multiclass,Multiclass classification,signatures_only,Mutational signatures,standard_sbs96_id83,SBS96 + ID83 spectra,no UGA atlas,No UGA atlas,elastic_net,Elastic net,balanced_accuracy,Balanced accuracy,0.5263482583725251,0.917333850841276,0.917333850841276,0.9210033533601566,,0.5085227272727273,0.5040076281372301,0.5040076281372301,0.5263482583725251,0.4820815878534824,0.7802272727272728,0.8763636363636363,,,,,,8800.0,182.0,5.0,1.0,,0.0,main_complete_panel_mc3_standard_features_8cb3c8c73eb9a71f2bf3c228,main_manuscript_complete_panel_oof_predictions.csv,main_manuscript_complete_panel_fold_metrics.csv,,5 outer stratified folds; inner stratified validation split,main_manuscript_complete_panel,main_manuscript_complete_panel_endpoint_results.csv
20260820T084654Z,main,Main,cancer_type_top20,Cancer type (top 20),multiclass,Multiclass classification,signatures_plus_MAF_stack,Signatures + Bio MAF v4,signatures_plus_MAF_stack,Signatures + Bio MAF v4,no UGA atlas,No UGA atlas,XGBoost,XGBoost,balanced_accuracy,Balanced accuracy,0.7377837111543271,0.975484392140036,0.975484392140036,0.9779112773216616,,0.7393181818181818,0.744386606438489,0.744386606438489,0.7377837111543271,0.7231674817125663,0.9102272727272728,0.9564772727272728,,,,,,8800.0,1130.0,5.0,1.0,,0.0,main_complete_panel_mc3_signatures_plus_maf_stack_bio_v4_nested_fs_ac11587791bbbd40db3991bb,main_manuscript_complete_panel_oof_predictions.csv,main_manuscript_complete_panel_fold_metrics.csv,,5 outer stratified folds; inner stratified validation split,main_manuscript_complete_panel,main_manuscript_complete_panel_endpoint_results.csv
20260820T084654Z,main,Main,cancer_type_top20,Cancer type (top 20),multiclass,Multiclass classification,signatures_plus_MAF_stack,Signatures + Bio MAF v4,signatures_plus_MAF_stack,Signatures + Bio MAF v4,no UGA atlas,No UGA atlas,elastic_net,Elastic net,balanced_accuracy,Balanced accuracy,0.6723468531222593,0.921220713840642,0.921220713840642,0.9238366725342542,,0.6752272727272727,0.678038073260654,0.678038073260654,0.6723468531222593,0.655327123070983,0.8667045454545454,0.9143181818181818,,,,,,8800.0,1130.0,5.0,1.0,,0.0,main_complete_panel_mc3_signatures_plus_maf_stack_bio_v4_nested_fs_ac11587791bbbd40db3991bb,main_manuscript_complete_panel_oof_predictions.csv,main_manuscript_complete_panel_fold_metrics.csv,,5 outer stratified folds; inner stratified validation split,main_manuscript_complete_panel,main_manuscript_complete_panel_endpoint_results.csv
20260820T084654Z,main,Main,damage_class,Kucab damage class,multiclass_grouped,Grouped multiclass,MAF_stack_only,Bio MAF v4,MAF_stack_only,Bio MAF v4,no UGA atlas,No UGA atlas,XGBoost,XGBoost,balanced_accuracy,Balanced accuracy,0.1743732884805527,0.5910364809050578,0.5910364809050578,0.6884576641884971,,0.2664092664092664,0.1581380636932192,0.1581380636932192,0.1743732884805527,0.0803244374672945,0.6061776061776062,0.8108108108108109,,,,,,259.0,2980.0,5.0,1.0,,0.0,main_complete_panel_kucab_event_stack_e056ec48f47fcc197a3a8e23,main_manuscript_complete_panel_oof_predictions.csv,main_manuscript_complete_panel_fold_metrics.csv,,5 outer StratifiedGroupKFold; inner grouped validation split,main_manuscript_complete_panel,main_manuscript_complete_panel_endpoint_results.csv
20260820T084654Z,main,Main,damage_class,Kucab damage class,multiclass_grouped,Grouped multiclass,MAF_stack_only,Bio MAF v4,MAF_stack_only,Bio MAF v4,no UGA atlas,No UGA atlas,elastic_net,Elastic net,balanced_accuracy,Balanced accuracy,0.2933898602576265,0.6276081619487432,0.6276081619487432,0.6620407737340998,,0.3474903474903475,0.289982275092021,0.289982275092021,0.2933898602576265,0.2109352466109028,0.6254826254826255,0.8455598455598455,,,,,,259.0,2980.0,5.0,1.0,,0.0,main_complete_panel_kucab_event_stack_e056ec48f47fcc197a3a8e23,main_manuscript_complete_panel_oof_predictions.csv,main_manuscript_complete_panel_fold_metrics.csv,,5 outer StratifiedGroupKFold; inner grouped validation split,main_manuscript_complete_panel,main_manuscript_complete_panel_endpoint_results.csv
20260820T084654Z,main,Main,damage_class,Kucab damage class,multiclass_grouped,Grouped multiclass,burden_only,Mutational burden,burden_only,Mutational burden,no UGA atlas,No UGA atlas,XGBoost,XGBoost,balanced_accuracy,Balanced accuracy,0.1445779291143713,0.4729494039719146,0.4729494039719146,0.6522711348966176,,0.2548262548262548,0.1026204477860277,0.1026204477860277,0.1445779291143713,0.0345340415258328,0.5714285714285714,0.7953667953667953,,,,,,259.0,1.0,5.0,1.0,,0.0,kucab_event_inventory_damage_class_76066fd8e8f05eb3bc7868ae,main_manuscript_complete_panel_oof_predictions.csv,main_manuscript_complete_panel_fold_metrics.csv,,5 outer StratifiedGroupKFold; inner grouped validation split,main_manuscript_complete_panel,main_manuscript_complete_panel_endpoint_results.csv
20260820T084654Z,main,Main,damage_class,Kucab damage class,multiclass_grouped,Grouped multiclass,burden_only,Mutational burden,burden_only,Mutational burden,no UGA atlas,No UGA atlas,elastic_net,Elastic net,balanced_accuracy,Balanced accuracy,0.1783286807556263,0.5647920182853738,0.5647920182853738,0.5771040128458771,,0.1583011583011583,0.0918573917359986,0.0918573917359986,0.1783286807556263,0.0458793112188857,0.4633204633204633,0.7451737451737451,,,,,,259.0,1.0,5.0,1.0,,0.0,kucab_event_inventory_damage_class_76066fd8e8f05eb3bc7868ae,main_manuscript_complete_panel_oof_predictions.csv,main_manuscript_complete_panel_fold_metrics.csv,,5 outer StratifiedGroupKFold; inner grouped validation split,main_manuscript_complete_panel,main_manuscript_complete_panel_endpoint_results.csv
20260820T084654Z,main,Main,damage_class,Kucab damage class,multiclass_grouped,Grouped multiclass,signatures_only,Mutational signatures,standard_sbs96_dbs78_id83,SBS96 + DBS78 + ID83 spectra,no UGA atlas,No UGA atlas,XGBoost,XGBoost,balanced_accuracy,Balanced accuracy,0.2500105449906821,0.6553491470382637,0.6553491470382637,0.7282901055653399,,0.3783783783783784,0.2093559218559218,0.2093559218559218,0.2500105449906821,0.22262821349341,0.6332046332046332,0.8223938223938224,,,,,,259.0,261.0,5.0,1.0,,0.0,kucab_event_inventory_damage_class_76066fd8e8f05eb3bc7868ae,main_manuscript_complete_panel_oof_predictions.csv,main_manuscript_complete_panel_fold_metrics.csv,,5 outer StratifiedGroupKFold; inner grouped validation split,main_manuscript_complete_panel,main_manuscript_complete_panel_endpoint_results.csv
20260820T084654Z,main,Main,damage_class,Kucab damage class,multiclass_grouped,Grouped multiclass,signatures_only,Mutational signatures,standard_sbs96_dbs78_id83,SBS96 + DBS78 + ID83 spectra,no UGA atlas,No UGA atlas,elastic_net,Elastic net,balanced_accuracy,Balanced accuracy,0.3309268666718959,0.6551308025953886,0.6551308025953886,0.7138789565706278,,0.3706563706563706,0.3285205469324047,0.3285205469324047,0.3309268666718959,0.2518430566385481,0.6293436293436293,0.8185328185328186,,,,,,259.0,261.0,5.0,1.0,,0.0,kucab_event_inventory_damage_class_76066fd8e8f05eb3bc7868ae,main_manuscript_complete_panel_oof_predictions.csv,main_manuscript_complete_panel_fold_metrics.csv,,5 outer StratifiedGroupKFold; inner grouped validation split,main_manuscript_complete_panel,main_manuscript_complete_panel_endpoint_results.csv
20260820T084654Z,main,Main,damage_class,Kucab damage class,multiclass_grouped,Grouped multiclass,signatures_plus_MAF_stack,Signatures + Bio MAF v4,signatures_plus_MAF_stack,Signatures + Bio MAF v4,no UGA atlas,No UGA atlas,XGBoost,XGBoost,balanced_accuracy,Balanced accuracy,0.1981511595655208,0.6054288167227542,0.6054288167227542,0.6942055127383313,,0.3127413127413127,0.1699898115502602,0.1699898115502602,0.1981511595655208,0.1470332476086514,0.640926640926641,0.8108108108108109,,,,,,259.0,3241.0,5.0,1.0,,0.0,main_complete_panel_kucab_signatures_plus_event_stack_698d2152fd085b32fcc2048b,main_manuscript_complete_panel_oof_predictions.csv,main_manuscript_complete_panel_fold_metrics.csv,,5 outer StratifiedGroupKFold; inner grouped validation split,main_manuscript_complete_panel,main_manuscript_complete_panel_endpoint_results.csv
20260820T084654Z,main,Main,damage_class,Kucab damage class,multiclass_grouped,Grouped multiclass,signatures_plus_MAF_stack,Signatures + Bio MAF v4,signatures_plus_MAF_stack,Signatures + Bio MAF v4,no UGA atlas,No UGA atlas,elastic_net,Elastic net,balanced_accuracy,Balanced accuracy,0.2042162778298991,0.5854739665733378,0.5854739665733378,0.6185581610292036,,0.2818532818532818,0.1901982178577923,0.1901982178577923,0.2042162778298991,0.1284352215367359,0.5521235521235521,0.749034749034749,,,,,,259.0,3241.0,5.0,1.0,,0.0,main_complete_panel_kucab_signatures_plus_event_stack_698d2152fd085b32fcc2048b,main_manuscript_complete_panel_oof_predictions.csv,main_manuscript_complete_panel_fold_metrics.csv,,5 outer StratifiedGroupKFold; inner grouped validation split,main_manuscript_complete_panel,main_manuscript_complete_panel_endpoint_results.csv
20260820T084654Z,main,Main,hrd_binary_24,HRD24 high/low,binary,Binary classification,MAF_stack_only,Bio MAF v4,MAF_stack_only,Bio MAF v4,no UGA atlas,No UGA atlas,XGBoost,XGBoost,auroc,AUROC,0.8315056082538352,,0.8315056082538352,,0.7918988737719134,0.7810880829015544,0.7807787372110568,0.7807787372110568,0.7836038862258041,0.5625637036639666,,,,,,,,772.0,948.0,5.0,1.0,,0.0,main_complete_panel_mc3_maf_stack_bio_v4_nested_fs_15d698606a129584e3f82812,main_manuscript_complete_panel_oof_predictions.csv,main_manuscript_complete_panel_fold_metrics.csv,,5 outer stratified folds; inner stratified validation split,main_manuscript_complete_panel,main_manuscript_complete_panel_endpoint_results.csv
20260820T084654Z,main,Main,hrd_binary_24,HRD24 high/low,binary,Binary classification,MAF_stack_only,Bio MAF v4,MAF_stack_only,Bio MAF v4,no UGA atlas,No UGA atlas,elastic_net,Elastic net,auroc,AUROC,0.7805377703556964,,0.7805377703556964,,0.7074001247653713,0.7487046632124352,0.746854442318484,0.746854442318484,0.746854442318484,0.4937088846369678,,,,,,,,772.0,948.0,5.0,1.0,,0.0,main_complete_panel_mc3_maf_stack_bio_v4_nested_fs_15d698606a129584e3f82812,main_manuscript_complete_panel_oof_predictions.csv,main_manuscript_complete_panel_fold_metrics.csv,,5 outer stratified folds; inner stratified validation split,main_manuscript_complete_panel,main_manuscript_complete_panel_endpoint_results.csv
20260820T084654Z,main,Main,hrd_binary_24,HRD24 high/low,binary,Binary classification,burden_only,Mutational burden,burden_only,Mutational burden,no UGA atlas,No UGA atlas,XGBoost,XGBoost,auroc,AUROC,0.7748990919969981,,0.7748990919969981,,0.7170227043087846,0.7292746113989638,0.7286513121936042,0.7286513121936042,0.7305164731892337,0.4580691100601891,,,,,,,,772.0,3.0,5.0,1.0,,0.0,main_complete_panel_mc3_standard_features_8cb3c8c73eb9a71f2bf3c228,main_manuscript_complete_panel_oof_predictions.csv,main_manuscript_complete_panel_fold_metrics.csv,,5 outer stratified folds; inner stratified validation split,main_manuscript_complete_panel,main_manuscript_complete_panel_endpoint_results.csv
20260820T084654Z,main,Main,hrd_binary_24,HRD24 high/low,binary,Binary classification,burden_only,Mutational burden,burden_only,Mutational burden,no UGA atlas,No UGA atlas,elastic_net,Elastic net,auroc,AUROC,0.7504411555910133,,0.7504411555910133,,0.6688163848764084,0.7137305699481865,0.7107011020054499,0.7107011020054499,0.7101726084634263,0.4215679626791793,,,,,,,,772.0,3.0,5.0,1.0,,0.0,main_complete_panel_mc3_standard_features_8cb3c8c73eb9a71f2bf3c228,main_manuscript_complete_panel_oof_predictions.csv,main_manuscript_complete_panel_fold_metrics.csv,,5 outer stratified folds; inner stratified validation split,main_manuscript_complete_panel,main_manuscript_complete_panel_endpoint_results.csv
20260820T084654Z,main,Main,hrd_binary_24,HRD24 high/low,binary,Binary classification,signatures_only,Mutational signatures,standard_sbs96_id83,SBS96 + ID83 spectra,no UGA atlas,No UGA atlas,XGBoost,XGBoost,auroc,AUROC,0.829240671503039,,0.829240671503039,,0.8150129131017101,0.7772020725388601,0.7744024682800192,0.7744024682800192,0.7733305387845064,0.5491113571074453,,,,,,,,772.0,182.0,5.0,1.0,,0.0,main_complete_panel_mc3_standard_features_8cb3c8c73eb9a71f2bf3c228,main_manuscript_complete_panel_oof_predictions.csv,main_manuscript_complete_panel_fold_metrics.csv,,5 outer stratified folds; inner stratified validation split,main_manuscript_complete_panel,main_manuscript_complete_panel_endpoint_results.csv
20260820T084654Z,main,Main,hrd_binary_24,HRD24 high/low,binary,Binary classification,signatures_only,Mutational signatures,standard_sbs96_id83,SBS96 + ID83 spectra,no UGA atlas,No UGA atlas,elastic_net,Elastic net,auroc,AUROC,0.7577126167118527,,0.7577126167118527,,0.7137551411291632,0.7007772020725389,0.6988972804311597,0.6988972804311597,0.6991318869289487,0.3978199794694472,,,,,,,,772.0,182.0,5.0,1.0,,0.0,main_complete_panel_mc3_standard_features_8cb3c8c73eb9a71f2bf3c228,main_manuscript_complete_panel_oof_predictions.csv,main_manuscript_complete_panel_fold_metrics.csv,,5 outer stratified folds; inner stratified validation split,main_manuscript_complete_panel,main_manuscript_complete_panel_endpoint_results.csv
20260820T084654Z,main,Main,hrd_binary_24,HRD24 high/low,binary,Binary classification,signatures_plus_MAF_stack,Signatures + Bio MAF v4,signatures_plus_MAF_stack,Signatures + Bio MAF v4,no UGA atlas,No UGA atlas,XGBoost,XGBoost,auroc,AUROC,0.8477928698438885,,0.8477928698438885,,0.8306292737971123,0.7772020725388601,0.7753551102719749,0.7753551102719749,0.7751154441642383,0.5507223819996616,,,,,,,,772.0,1130.0,5.0,1.0,,0.0,main_complete_panel_mc3_signatures_plus_maf_stack_bio_v4_nested_fs_ac11587791bbbd40db3991bb,main_manuscript_complete_panel_oof_predictions.csv,main_manuscript_complete_panel_fold_metrics.csv,,5 outer stratified folds; inner stratified validation split,main_manuscript_complete_panel,main_manuscript_complete_panel_endpoint_results.csv
20260820T084654Z,main,Main,hrd_binary_24,HRD24 high/low,binary,Binary classification,signatures_plus_MAF_stack,Signatures + Bio MAF v4,signatures_plus_MAF_stack,Signatures + Bio MAF v4,no UGA atlas,No UGA atlas,elastic_net,Elastic net,auroc,AUROC,0.8112259730776771,,0.8112259730776771,,0.7682948914695178,0.7538860103626943,0.7495133030499675,0.7495133030499675,0.7480579012487576,0.500132907121777,,,,,,,,772.0,1130.0,5.0,1.0,,0.0,main_complete_panel_mc3_signatures_plus_maf_stack_bio_v4_nested_fs_ac11587791bbbd40db3991bb,main_manuscript_complete_panel_oof_predictions.csv,main_manuscript_complete_panel_fold_metrics.csv,,5 outer stratified folds; inner stratified validation split,main_manuscript_complete_panel,main_manuscript_complete_panel_endpoint_results.csv
20260820T084654Z,main,Main,hrd_binary_33,HRD33 high/low,binary,Binary classification,MAF_stack_only,Bio MAF v4,MAF_stack_only,Bio MAF v4,no UGA atlas,No UGA atlas,XGBoost,XGBoost,auroc,AUROC,0.8555388745909192,,0.8555388745909192,,0.7114925449487485,0.7901554404145078,0.767704835210556,0.767704835210556,0.7902805579385506,0.5389175637811532,,,,,,,,772.0,948.0,5.0,1.0,,0.0,main_complete_panel_mc3_maf_stack_bio_v4_nested_fs_15d698606a129584e3f82812,main_manuscript_complete_panel_oof_predictions.csv,main_manuscript_complete_panel_fold_metrics.csv,,5 outer stratified folds; inner stratified validation split,main_manuscript_complete_panel,main_manuscript_complete_panel_endpoint_results.csv
20260820T084654Z,main,Main,hrd_binary_33,HRD33 high/low,binary,Binary classification,MAF_stack_only,Bio MAF v4,MAF_stack_only,Bio MAF v4,no UGA atlas,No UGA atlas,elastic_net,Elastic net,auroc,AUROC,0.7690838178756395,,0.7690838178756395,,0.5722639721327207,0.7525906735751295,0.7287206347979829,0.7287206347979829,0.7524624281129857,0.4629985723858637,,,,,,,,772.0,948.0,5.0,1.0,,0.0,main_complete_panel_mc3_maf_stack_bio_v4_nested_fs_15d698606a129584e3f82812,main_manuscript_complete_panel_oof_predictions.csv,main_manuscript_complete_panel_fold_metrics.csv,,5 outer stratified folds; inner stratified validation split,main_manuscript_complete_panel,main_manuscript_complete_panel_endpoint_results.csv
20260820T084654Z,main,Main,hrd_binary_33,HRD33 high/low,binary,Binary classification,MuAt_style_attention_MIL,MuAt-compatible,MuAt-compatible reimplementation,Muat Compatible Reimplementation,no UGA atlas,No UGA atlas,MuAt-compatible reimplementation,MuAt-compatible,auroc,AUROC,0.729089219330855,,,0.729089219330855,,0.727979274611399,0.6468620121807773,0.6468620121807773,0.6382137069869411,0.3003625064733298,1.0,1.0,,,,,,772.0,,5.0,1.0,,,,muat_style_tcga_comparator_main_endpoints_comparable_oof_predictions.csv,muat_style_tcga_comparator_main_endpoints_comparable_fold_metrics.csv,,5-fold OOF CV where available,muat_style_tcga_comparator,muat_style_tcga_comparator_main_endpoints_comparable_endpoint_results.csv
20260820T084654Z,main,Main,hrd_binary_33,HRD33 high/low,binary,Binary classification,burden_only,Mutational burden,burden_only,Mutational burden,no UGA atlas,No UGA atlas,XGBoost,XGBoost,auroc,AUROC,0.7988990563340005,,0.7988990563340005,,0.5930238939136675,0.7538860103626943,0.7334002195613136,0.7334002195613136,0.7630508689988245,0.4745364399736337,,,,,,,,772.0,3.0,5.0,1.0,,0.0,main_complete_panel_mc3_standard_features_8cb3c8c73eb9a71f2bf3c228,main_manuscript_complete_panel_oof_predictions.csv,main_manuscript_complete_panel_fold_metrics.csv,,5 outer stratified folds; inner stratified validation split,main_manuscript_complete_panel,main_manuscript_complete_panel_endpoint_results.csv
20260820T084654Z,main,Main,hrd_binary_33,HRD33 high/low,binary,Binary classification,burden_only,Mutational burden,burden_only,Mutational burden,no UGA atlas,No UGA atlas,elastic_net,Elastic net,auroc,AUROC,0.788437708512058,,0.788437708512058,,0.5846253424287842,0.7370466321243523,0.7075970363404663,0.7075970363404663,0.7244066342579354,0.4189678184784221,,,,,,,,772.0,3.0,5.0,1.0,,0.0,main_complete_panel_mc3_standard_features_8cb3c8c73eb9a71f2bf3c228,main_manuscript_complete_panel_oof_predictions.csv,main_manuscript_complete_panel_fold_metrics.csv,,5 outer stratified folds; inner stratified validation split,main_manuscript_complete_panel,main_manuscript_complete_panel_endpoint_results.csv
20260820T084654Z,main,Main,hrd_binary_33,HRD33 high/low,binary,Binary classification,signatures_only,Mutational signatures,standard_sbs96_id83,SBS96 + ID83 spectra,no UGA atlas,No UGA atlas,XGBoost,XGBoost,auroc,AUROC,0.8495893305372859,,0.8495893305372859,,0.7259862942014892,0.8031088082901554,0.7737728937728938,0.7737728937728938,0.7826708607377753,0.5481346846985613,,,,,,,,772.0,182.0,5.0,1.0,,0.0,main_complete_panel_mc3_standard_features_8cb3c8c73eb9a71f2bf3c228,main_manuscript_complete_panel_oof_predictions.csv,main_manuscript_complete_panel_fold_metrics.csv,,5 outer stratified folds; inner stratified validation split,main_manuscript_complete_panel,main_manuscript_complete_panel_endpoint_results.csv
20260820T084654Z,main,Main,hrd_binary_33,HRD33 high/low,binary,Binary classification,signatures_only,Mutational signatures,standard_sbs96_id83,SBS96 + ID83 spectra,no UGA atlas,No UGA atlas,elastic_net,Elastic net,auroc,AUROC,0.773623423251676,,0.773623423251676,,0.6009888470809452,0.7487046632124352,0.7171092894110536,0.7171092894110536,0.7303561783115686,0.4364709069564432,,,,,,,,772.0,182.0,5.0,1.0,,0.0,main_complete_panel_mc3_standard_features_8cb3c8c73eb9a71f2bf3c228,main_manuscript_complete_panel_oof_predictions.csv,main_manuscript_complete_panel_fold_metrics.csv,,5 outer stratified folds; inner stratified validation split,main_manuscript_complete_panel,main_manuscript_complete_panel_endpoint_results.csv
20260820T084654Z,main,Main,hrd_binary_33,HRD33 high/low,binary,Binary classification,signatures_plus_MAF_stack,Signatures + Bio MAF v4,signatures_plus_MAF_stack,Signatures + Bio MAF v4,no UGA atlas,No UGA atlas,XGBoost,XGBoost,auroc,AUROC,0.900811806945636,,0.900811806945636,,0.8071008668522709,0.8367875647668394,0.8120652879532597,0.8120652879532597,0.8213230387951578,0.6245484020379806,,,,,,,,772.0,1130.0,5.0,1.0,,0.0,main_complete_panel_mc3_signatures_plus_maf_stack_bio_v4_nested_fs_ac11587791bbbd40db3991bb,main_manuscript_complete_panel_oof_predictions.csv,main_manuscript_complete_panel_fold_metrics.csv,,5 outer stratified folds; inner stratified validation split,main_manuscript_complete_panel,main_manuscript_complete_panel_endpoint_results.csv
20260820T084654Z,main,Main,hrd_binary_33,HRD33 high/low,binary,Binary classification,signatures_plus_MAF_stack,Signatures + Bio MAF v4,signatures_plus_MAF_stack,Signatures + Bio MAF v4,no UGA atlas,No UGA atlas,elastic_net,Elastic net,auroc,AUROC,0.7965319480189368,,0.7965319480189368,,0.6597302245173953,0.7875647668393783,0.7473499361430396,0.7473499361430396,0.7461633781336383,0.4947160052361036,,,,,,,,772.0,1130.0,5.0,1.0,,0.0,main_complete_panel_mc3_signatures_plus_maf_stack_bio_v4_nested_fs_ac11587791bbbd40db3991bb,main_manuscript_complete_panel_oof_predictions.csv,main_manuscript_complete_panel_fold_metrics.csv,,5 outer stratified folds; inner stratified validation split,main_manuscript_complete_panel,main_manuscript_complete_panel_endpoint_results.csv
20260820T084654Z,main,Main,hrd_binary_42,HRD42 high/low,binary,Binary classification,MAF_stack_only,Bio MAF v4,MAF_stack_only,Bio MAF v4,no UGA atlas,No UGA atlas,XGBoost,XGBoost,auroc,AUROC,0.8745873526259379,,0.8745873526259379,,0.632706531722685,0.7979274611398963,0.7359572732773816,0.7359572732773816,0.8012433011789926,0.4828048235819563,,,,,,,,772.0,948.0,5.0,1.0,,0.0,main_complete_panel_mc3_maf_stack_bio_v4_nested_fs_15d698606a129584e3f82812,main_manuscript_complete_panel_oof_predictions.csv,main_manuscript_complete_panel_fold_metrics.csv,,5 outer stratified folds; inner stratified validation split,main_manuscript_complete_panel,main_manuscript_complete_panel_endpoint_results.csv
20260820T084654Z,main,Main,hrd_binary_42,HRD42 high/low,binary,Binary classification,MAF_stack_only,Bio MAF v4,MAF_stack_only,Bio MAF v4,no UGA atlas,No UGA atlas,elastic_net,Elastic net,auroc,AUROC,0.7911307609860664,,0.7911307609860664,,0.4508324680931789,0.7746113989637305,0.6994818652849741,0.6994818652849741,0.7488317256162915,0.4087467868586921,,,,,,,,772.0,948.0,5.0,1.0,,0.0,main_complete_panel_mc3_maf_stack_bio_v4_nested_fs_15d698606a129584e3f82812,main_manuscript_complete_panel_oof_predictions.csv,main_manuscript_complete_panel_fold_metrics.csv,,5 outer stratified folds; inner stratified validation split,main_manuscript_complete_panel,main_manuscript_complete_panel_endpoint_results.csv
20260820T084654Z,main,Main,hrd_binary_42,HRD42 high/low,binary,Binary classification,burden_only,Mutational burden,burden_only,Mutational burden,no UGA atlas,No UGA atlas,XGBoost,XGBoost,auroc,AUROC,0.8382690246516613,,0.8382690246516613,,0.5268525904624929,0.7642487046632125,0.7005762411347518,0.7005762411347518,0.7702250803858521,0.4178461334482416,,,,,,,,772.0,3.0,5.0,1.0,,0.0,main_complete_panel_mc3_standard_features_8cb3c8c73eb9a71f2bf3c228,main_manuscript_complete_panel_oof_predictions.csv,main_manuscript_complete_panel_fold_metrics.csv,,5 outer stratified folds; inner stratified validation split,main_manuscript_complete_panel,main_manuscript_complete_panel_endpoint_results.csv
20260820T084654Z,main,Main,hrd_binary_42,HRD42 high/low,binary,Binary classification,burden_only,Mutational burden,burden_only,Mutational burden,no UGA atlas,No UGA atlas,elastic_net,Elastic net,auroc,AUROC,0.8245123258306538,,0.8245123258306538,,0.4727552461380484,0.7733160621761658,0.7042825404121658,0.7042825404121658,0.7632047159699893,0.4209867654117808,,,,,,,,772.0,3.0,5.0,1.0,,0.0,main_complete_panel_mc3_standard_features_8cb3c8c73eb9a71f2bf3c228,main_manuscript_complete_panel_oof_predictions.csv,main_manuscript_complete_panel_fold_metrics.csv,,5 outer stratified folds; inner stratified validation split,main_manuscript_complete_panel,main_manuscript_complete_panel_endpoint_results.csv
20260820T084654Z,main,Main,hrd_binary_42,HRD42 high/low,binary,Binary classification,signatures_only,Mutational signatures,standard_sbs96_id83,SBS96 + ID83 spectra,no UGA atlas,No UGA atlas,XGBoost,XGBoost,auroc,AUROC,0.902406216505895,,0.902406216505895,,0.7362663984018717,0.8588082901554405,0.7875989146210639,0.7875989146210639,0.8061414790996784,0.575866935483871,,,,,,,,772.0,182.0,5.0,1.0,,0.0,main_complete_panel_mc3_standard_features_8cb3c8c73eb9a71f2bf3c228,main_manuscript_complete_panel_oof_predictions.csv,main_manuscript_complete_panel_fold_metrics.csv,,5 outer stratified folds; inner stratified validation split,main_manuscript_complete_panel,main_manuscript_complete_panel_endpoint_results.csv
20260820T084654Z,main,Main,hrd_binary_42,HRD42 high/low,binary,Binary classification,signatures_only,Mutational signatures,standard_sbs96_id83,SBS96 + ID83 spectra,no UGA atlas,No UGA atlas,elastic_net,Elastic net,auroc,AUROC,0.8585101822079314,,0.8585101822079314,,0.6002943376309676,0.8264248704663213,0.7591544049171168,0.7591544049171168,0.8037513397642015,0.522858935094646,,,,,,,,772.0,182.0,5.0,1.0,,0.0,main_complete_panel_mc3_standard_features_8cb3c8c73eb9a71f2bf3c228,main_manuscript_complete_panel_oof_predictions.csv,main_manuscript_complete_panel_fold_metrics.csv,,5 outer stratified folds; inner stratified validation split,main_manuscript_complete_panel,main_manuscript_complete_panel_endpoint_results.csv
20260820T084654Z,main,Main,hrd_binary_42,HRD42 high/low,binary,Binary classification,signatures_plus_MAF_stack,Signatures + Bio MAF v4,signatures_plus_MAF_stack,Signatures + Bio MAF v4,no UGA atlas,No UGA atlas,XGBoost,XGBoost,auroc,AUROC,0.8969614147909968,,0.8969614147909968,,0.7405189697595882,0.8717616580310881,0.8006900274602764,0.8006900274602764,0.8091211146838156,0.6015057979477767,,,,,,,,772.0,1130.0,5.0,1.0,,0.0,main_complete_panel_mc3_signatures_plus_maf_stack_bio_v4_nested_fs_ac11587791bbbd40db3991bb,main_manuscript_complete_panel_oof_predictions.csv,main_manuscript_complete_panel_fold_metrics.csv,,5 outer stratified folds; inner stratified validation split,main_manuscript_complete_panel,main_manuscript_complete_panel_endpoint_results.csv
20260820T084654Z,main,Main,hrd_binary_42,HRD42 high/low,binary,Binary classification,signatures_plus_MAF_stack,Signatures + Bio MAF v4,signatures_plus_MAF_stack,Signatures + Bio MAF v4,no UGA atlas,No UGA atlas,elastic_net,Elastic net,auroc,AUROC,0.8244801714898177,,0.8244801714898177,,0.5989615752371169,0.8341968911917098,0.7575828942074636,0.7575828942074636,0.7832797427652733,0.5168772245472679,,,,,,,,772.0,1130.0,5.0,1.0,,0.0,main_complete_panel_mc3_signatures_plus_maf_stack_bio_v4_nested_fs_ac11587791bbbd40db3991bb,main_manuscript_complete_panel_oof_predictions.csv,main_manuscript_complete_panel_fold_metrics.csv,,5 outer stratified folds; inner stratified validation split,main_manuscript_complete_panel,main_manuscript_complete_panel_endpoint_results.csv
20260820T084654Z,supplement,Supplement,HRD_TAI,HRD TAI,regression,Regression,burden_only,Mutational burden,burden_only,Mutational burden,no UGA atlas,No UGA atlas,elastic_net,Elastic net,spearman,Spearman r,0.5275119774429347,,,,,,,,,,,,,,,,,772.0,3.0,5.0,1.0,,0.0,main_complete_panel_mc3_standard_features_8cb3c8c73eb9a71f2bf3c228,main_manuscript_complete_panel_oof_predictions.csv,main_manuscript_complete_panel_fold_metrics.csv,,5 outer KFold; inner validation split,main_manuscript_complete_panel,main_manuscript_complete_panel_endpoint_results.csv
20260820T084654Z,supplement,Supplement,HRD_TAI,HRD TAI,regression,Regression,burden_only,Mutational burden,burden_only,Mutational burden,no UGA atlas,No UGA atlas,XGBoost,XGBoost,spearman,Spearman r,0.5957624232432392,,,,,,,,,,,,,,,,,772.0,3.0,5.0,1.0,,0.0,main_complete_panel_mc3_standard_features_8cb3c8c73eb9a71f2bf3c228,main_manuscript_complete_panel_oof_predictions.csv,main_manuscript_complete_panel_fold_metrics.csv,,5 outer KFold; inner validation split,main_manuscript_complete_panel,main_manuscript_complete_panel_endpoint_results.csv
20260820T084654Z,supplement,Supplement,HRD_TAI,HRD TAI,regression,Regression,signatures_only,Mutational signatures,standard_sbs96_id83,SBS96 + ID83 spectra,no UGA atlas,No UGA atlas,elastic_net,Elastic net,spearman,Spearman r,0.5103967674025632,,,,,,,,,,,,,,,,,772.0,182.0,5.0,1.0,,0.0,main_complete_panel_mc3_standard_features_8cb3c8c73eb9a71f2bf3c228,main_manuscript_complete_panel_oof_predictions.csv,main_manuscript_complete_panel_fold_metrics.csv,,5 outer KFold; inner validation split,main_manuscript_complete_panel,main_manuscript_complete_panel_endpoint_results.csv
20260820T084654Z,supplement,Supplement,HRD_TAI,HRD TAI,regression,Regression,signatures_only,Mutational signatures,standard_sbs96_id83,SBS96 + ID83 spectra,no UGA atlas,No UGA atlas,XGBoost,XGBoost,spearman,Spearman r,0.6736801104276919,,,,,,,,,,,,,,,,,772.0,182.0,5.0,1.0,,0.0,main_complete_panel_mc3_standard_features_8cb3c8c73eb9a71f2bf3c228,main_manuscript_complete_panel_oof_predictions.csv,main_manuscript_complete_panel_fold_metrics.csv,,5 outer KFold; inner validation split,main_manuscript_complete_panel,main_manuscript_complete_panel_endpoint_results.csv
20260820T084654Z,supplement,Supplement,HRD_TAI,HRD TAI,regression,Regression,MAF_stack_only,Bio MAF v4,MAF_stack_only,Bio MAF v4,no UGA atlas,No UGA atlas,elastic_net,Elastic net,spearman,Spearman r,0.7210177337489356,,,,,,,,,,,,,,,,,772.0,948.0,5.0,1.0,,0.0,main_complete_panel_mc3_maf_stack_bio_v4_nested_fs_15d698606a129584e3f82812,main_manuscript_complete_panel_oof_predictions.csv,main_manuscript_complete_panel_fold_metrics.csv,,5 outer KFold; inner validation split,main_manuscript_complete_panel,main_manuscript_complete_panel_endpoint_results.csv
20260820T084654Z,supplement,Supplement,HRD_TAI,HRD TAI,regression,Regression,MAF_stack_only,Bio MAF v4,MAF_stack_only,Bio MAF v4,no UGA atlas,No UGA atlas,XGBoost,XGBoost,spearman,Spearman r,0.7534768002381779,,,,,,,,,,,,,,,,,772.0,948.0,5.0,1.0,,0.0,main_complete_panel_mc3_maf_stack_bio_v4_nested_fs_15d698606a129584e3f82812,main_manuscript_complete_panel_oof_predictions.csv,main_manuscript_complete_panel_fold_metrics.csv,,5 outer KFold; inner validation split,main_manuscript_complete_panel,main_manuscript_complete_panel_endpoint_results.csv
20260820T084654Z,supplement,Supplement,HRD_TAI,HRD TAI,regression,Regression,signatures_plus_MAF_stack,Signatures + Bio MAF v4,signatures_plus_MAF_stack,Signatures + Bio MAF v4,no UGA atlas,No UGA atlas,elastic_net,Elastic net,spearman,Spearman r,0.7403228396951721,,,,,,,,,,,,,,,,,772.0,1130.0,5.0,1.0,,0.0,main_complete_panel_mc3_signatures_plus_maf_stack_bio_v4_nested_fs_ac11587791bbbd40db3991bb,main_manuscript_complete_panel_oof_predictions.csv,main_manuscript_complete_panel_fold_metrics.csv,,5 outer KFold; inner validation split,main_manuscript_complete_panel,main_manuscript_complete_panel_endpoint_results.csv
20260820T084654Z,supplement,Supplement,HRD_TAI,HRD TAI,regression,Regression,signatures_plus_MAF_stack,Signatures + Bio MAF v4,signatures_plus_MAF_stack,Signatures + Bio MAF v4,no UGA atlas,No UGA atlas,XGBoost,XGBoost,spearman,Spearman r,0.7724098205069754,,,,,,,,,,,,,,,,,772.0,1130.0,5.0,1.0,,0.0,main_complete_panel_mc3_signatures_plus_maf_stack_bio_v4_nested_fs_ac11587791bbbd40db3991bb,main_manuscript_complete_panel_oof_predictions.csv,main_manuscript_complete_panel_fold_metrics.csv,,5 outer KFold; inner validation split,main_manuscript_complete_panel,main_manuscript_complete_panel_endpoint_results.csv
20260820T084654Z,supplement,Supplement,HRD_LST,HRD LST,regression,Regression,burden_only,Mutational burden,burden_only,Mutational burden,no UGA atlas,No UGA atlas,elastic_net,Elastic net,spearman,Spearman r,0.4793070007262537,,,,,,,,,,,,,,,,,772.0,3.0,5.0,1.0,,0.0,main_complete_panel_mc3_standard_features_8cb3c8c73eb9a71f2bf3c228,main_manuscript_complete_panel_oof_predictions.csv,main_manuscript_complete_panel_fold_metrics.csv,,5 outer KFold; inner validation split,main_manuscript_complete_panel,main_manuscript_complete_panel_endpoint_results.csv
20260820T084654Z,supplement,Supplement,HRD_LST,HRD LST,regression,Regression,burden_only,Mutational burden,burden_only,Mutational burden,no UGA atlas,No UGA atlas,XGBoost,XGBoost,spearman,Spearman r,0.5955384899605607,,,,,,,,,,,,,,,,,772.0,3.0,5.0,1.0,,0.0,main_complete_panel_mc3_standard_features_8cb3c8c73eb9a71f2bf3c228,main_manuscript_complete_panel_oof_predictions.csv,main_manuscript_complete_panel_fold_metrics.csv,,5 outer KFold; inner validation split,main_manuscript_complete_panel,main_manuscript_complete_panel_endpoint_results.csv
20260820T084654Z,supplement,Supplement,HRD_LST,HRD LST,regression,Regression,signatures_only,Mutational signatures,standard_sbs96_id83,SBS96 + ID83 spectra,no UGA atlas,No UGA atlas,elastic_net,Elastic net,spearman,Spearman r,0.4960726483938343,,,,,,,,,,,,,,,,,772.0,182.0,5.0,1.0,,0.0,main_complete_panel_mc3_standard_features_8cb3c8c73eb9a71f2bf3c228,main_manuscript_complete_panel_oof_predictions.csv,main_manuscript_complete_panel_fold_metrics.csv,,5 outer KFold; inner validation split,main_manuscript_complete_panel,main_manuscript_complete_panel_endpoint_results.csv
20260820T084654Z,supplement,Supplement,HRD_LST,HRD LST,regression,Regression,signatures_only,Mutational signatures,standard_sbs96_id83,SBS96 + ID83 spectra,no UGA atlas,No UGA atlas,XGBoost,XGBoost,spearman,Spearman r,0.6785948122880927,,,,,,,,,,,,,,,,,772.0,182.0,5.0,1.0,,0.0,main_complete_panel_mc3_standard_features_8cb3c8c73eb9a71f2bf3c228,main_manuscript_complete_panel_oof_predictions.csv,main_manuscript_complete_panel_fold_metrics.csv,,5 outer KFold; inner validation split,main_manuscript_complete_panel,main_manuscript_complete_panel_endpoint_results.csv
20260820T084654Z,supplement,Supplement,HRD_LST,HRD LST,regression,Regression,MAF_stack_only,Bio MAF v4,MAF_stack_only,Bio MAF v4,no UGA atlas,No UGA atlas,elastic_net,Elastic net,spearman,Spearman r,0.6343911993371074,,,,,,,,,,,,,,,,,772.0,948.0,5.0,1.0,,0.0,main_complete_panel_mc3_maf_stack_bio_v4_nested_fs_15d698606a129584e3f82812,main_manuscript_complete_panel_oof_predictions.csv,main_manuscript_complete_panel_fold_metrics.csv,,5 outer KFold; inner validation split,main_manuscript_complete_panel,main_manuscript_complete_panel_endpoint_results.csv
20260820T084654Z,supplement,Supplement,HRD_LST,HRD LST,regression,Regression,MAF_stack_only,Bio MAF v4,MAF_stack_only,Bio MAF v4,no UGA atlas,No UGA atlas,XGBoost,XGBoost,spearman,Spearman r,0.6927054291105611,,,,,,,,,,,,,,,,,772.0,948.0,5.0,1.0,,0.0,main_complete_panel_mc3_maf_stack_bio_v4_nested_fs_15d698606a129584e3f82812,main_manuscript_complete_panel_oof_predictions.csv,main_manuscript_complete_panel_fold_metrics.csv,,5 outer KFold; inner validation split,main_manuscript_complete_panel,main_manuscript_complete_panel_endpoint_results.csv
20260820T084654Z,supplement,Supplement,HRD_LST,HRD LST,regression,Regression,signatures_plus_MAF_stack,Signatures + Bio MAF v4,signatures_plus_MAF_stack,Signatures + Bio MAF v4,no UGA atlas,No UGA atlas,elastic_net,Elastic net,spearman,Spearman r,0.6809101192237277,,,,,,,,,,,,,,,,,772.0,1130.0,5.0,1.0,,0.0,main_complete_panel_mc3_signatures_plus_maf_stack_bio_v4_nested_fs_ac11587791bbbd40db3991bb,main_manuscript_complete_panel_oof_predictions.csv,main_manuscript_complete_panel_fold_metrics.csv,,5 outer KFold; inner validation split,main_manuscript_complete_panel,main_manuscript_complete_panel_endpoint_results.csv
20260820T084654Z,supplement,Supplement,HRD_LST,HRD LST,regression,Regression,signatures_plus_MAF_stack,Signatures + Bio MAF v4,signatures_plus_MAF_stack,Signatures + Bio MAF v4,no UGA atlas,No UGA atlas,XGBoost,XGBoost,spearman,Spearman r,0.7134547795843649,,,,,,,,,,,,,,,,,772.0,1130.0,5.0,1.0,,0.0,main_complete_panel_mc3_signatures_plus_maf_stack_bio_v4_nested_fs_ac11587791bbbd40db3991bb,main_manuscript_complete_panel_oof_predictions.csv,main_manuscript_complete_panel_fold_metrics.csv,,5 outer KFold; inner validation split,main_manuscript_complete_panel,main_manuscript_complete_panel_endpoint_results.csv
20260820T084654Z,supplement,Supplement,HRD_LOH,HRD LOH,regression,Regression,burden_only,Mutational burden,burden_only,Mutational burden,no UGA atlas,No UGA atlas,elastic_net,Elastic net,spearman,Spearman r,0.4501112330357229,,,,,,,,,,,,,,,,,772.0,3.0,5.0,1.0,,0.0,main_complete_panel_mc3_standard_features_8cb3c8c73eb9a71f2bf3c228,main_manuscript_complete_panel_oof_predictions.csv,main_manuscript_complete_panel_fold_metrics.csv,,5 outer KFold; inner validation split,main_manuscript_complete_panel,main_manuscript_complete_panel_endpoint_results.csv
20260820T084654Z,supplement,Supplement,HRD_LOH,HRD LOH,regression,Regression,burden_only,Mutational burden,burden_only,Mutational burden,no UGA atlas,No UGA atlas,XGBoost,XGBoost,spearman,Spearman r,0.5123422943963906,,,,,,,,,,,,,,,,,772.0,3.0,5.0,1.0,,0.0,main_complete_panel_mc3_standard_features_8cb3c8c73eb9a71f2bf3c228,main_manuscript_complete_panel_oof_predictions.csv,main_manuscript_complete_panel_fold_metrics.csv,,5 outer KFold; inner validation split,main_manuscript_complete_panel,main_manuscript_complete_panel_endpoint_results.csv
20260820T084654Z,supplement,Supplement,HRD_LOH,HRD LOH,regression,Regression,signatures_only,Mutational signatures,standard_sbs96_id83,SBS96 + ID83 spectra,no UGA atlas,No UGA atlas,elastic_net,Elastic net,spearman,Spearman r,0.4064193031012489,,,,,,,,,,,,,,,,,772.0,182.0,5.0,1.0,,0.0,main_complete_panel_mc3_standard_features_8cb3c8c73eb9a71f2bf3c228,main_manuscript_complete_panel_oof_predictions.csv,main_manuscript_complete_panel_fold_metrics.csv,,5 outer KFold; inner validation split,main_manuscript_complete_panel,main_manuscript_complete_panel_endpoint_results.csv
20260820T084654Z,supplement,Supplement,HRD_LOH,HRD LOH,regression,Regression,signatures_only,Mutational signatures,standard_sbs96_id83,SBS96 + ID83 spectra,no UGA atlas,No UGA atlas,XGBoost,XGBoost,spearman,Spearman r,0.5864354939631409,,,,,,,,,,,,,,,,,772.0,182.0,5.0,1.0,,0.0,main_complete_panel_mc3_standard_features_8cb3c8c73eb9a71f2bf3c228,main_manuscript_complete_panel_oof_predictions.csv,main_manuscript_complete_panel_fold_metrics.csv,,5 outer KFold; inner validation split,main_manuscript_complete_panel,main_manuscript_complete_panel_endpoint_results.csv
20260820T084654Z,supplement,Supplement,HRD_LOH,HRD LOH,regression,Regression,MAF_stack_only,Bio MAF v4,MAF_stack_only,Bio MAF v4,no UGA atlas,No UGA atlas,elastic_net,Elastic net,spearman,Spearman r,0.6027268506909189,,,,,,,,,,,,,,,,,772.0,948.0,5.0,1.0,,0.0,main_complete_panel_mc3_maf_stack_bio_v4_nested_fs_15d698606a129584e3f82812,main_manuscript_complete_panel_oof_predictions.csv,main_manuscript_complete_panel_fold_metrics.csv,,5 outer KFold; inner validation split,main_manuscript_complete_panel,main_manuscript_complete_panel_endpoint_results.csv
20260820T084654Z,supplement,Supplement,HRD_LOH,HRD LOH,regression,Regression,MAF_stack_only,Bio MAF v4,MAF_stack_only,Bio MAF v4,no UGA atlas,No UGA atlas,XGBoost,XGBoost,spearman,Spearman r,0.6206531132242252,,,,,,,,,,,,,,,,,772.0,948.0,5.0,1.0,,0.0,main_complete_panel_mc3_maf_stack_bio_v4_nested_fs_15d698606a129584e3f82812,main_manuscript_complete_panel_oof_predictions.csv,main_manuscript_complete_panel_fold_metrics.csv,,5 outer KFold; inner validation split,main_manuscript_complete_panel,main_manuscript_complete_panel_endpoint_results.csv
20260820T084654Z,supplement,Supplement,HRD_LOH,HRD LOH,regression,Regression,signatures_plus_MAF_stack,Signatures + Bio MAF v4,signatures_plus_MAF_stack,Signatures + Bio MAF v4,no UGA atlas,No UGA atlas,elastic_net,Elastic net,spearman,Spearman r,0.6100912081115412,,,,,,,,,,,,,,,,,772.0,1130.0,5.0,1.0,,0.0,main_complete_panel_mc3_signatures_plus_maf_stack_bio_v4_nested_fs_ac11587791bbbd40db3991bb,main_manuscript_complete_panel_oof_predictions.csv,main_manuscript_complete_panel_fold_metrics.csv,,5 outer KFold; inner validation split,main_manuscript_complete_panel,main_manuscript_complete_panel_endpoint_results.csv
20260820T084654Z,supplement,Supplement,HRD_LOH,HRD LOH,regression,Regression,signatures_plus_MAF_stack,Signatures + Bio MAF v4,signatures_plus_MAF_stack,Signatures + Bio MAF v4,no UGA atlas,No UGA atlas,XGBoost,XGBoost,spearman,Spearman r,0.6500827118858131,,,,,,,,,,,,,,,,,772.0,1130.0,5.0,1.0,,0.0,main_complete_panel_mc3_signatures_plus_maf_stack_bio_v4_nested_fs_ac11587791bbbd40db3991bb,main_manuscript_complete_panel_oof_predictions.csv,main_manuscript_complete_panel_fold_metrics.csv,,5 outer KFold; inner validation split,main_manuscript_complete_panel,main_manuscript_complete_panel_endpoint_results.csv
20260820T084654Z,supplement,Supplement,PARPi7,PARPi7,regression,Regression,burden_only,Mutational burden,burden_only,Mutational burden,no UGA atlas,No UGA atlas,elastic_net,Elastic net,spearman,Spearman r,0.1820823106756371,,,,,,,,,,,,,,,,,772.0,3.0,5.0,1.0,,0.0,main_complete_panel_mc3_standard_features_8cb3c8c73eb9a71f2bf3c228,main_manuscript_complete_panel_oof_predictions.csv,main_manuscript_complete_panel_fold_metrics.csv,,5 outer KFold; inner validation split,main_manuscript_complete_panel,main_manuscript_complete_panel_endpoint_results.csv
20260820T084654Z,supplement,Supplement,PARPi7,PARPi7,regression,Regression,burden_only,Mutational burden,burden_only,Mutational burden,no UGA atlas,No UGA atlas,XGBoost,XGBoost,spearman,Spearman r,0.225850702361576,,,,,,,,,,,,,,,,,772.0,3.0,5.0,1.0,,0.0,main_complete_panel_mc3_standard_features_8cb3c8c73eb9a71f2bf3c228,main_manuscript_complete_panel_oof_predictions.csv,main_manuscript_complete_panel_fold_metrics.csv,,5 outer KFold; inner validation split,main_manuscript_complete_panel,main_manuscript_complete_panel_endpoint_results.csv
20260820T084654Z,supplement,Supplement,PARPi7,PARPi7,regression,Regression,signatures_only,Mutational signatures,standard_sbs96_id83,SBS96 + ID83 spectra,no UGA atlas,No UGA atlas,elastic_net,Elastic net,spearman,Spearman r,0.210726800608191,,,,,,,,,,,,,,,,,772.0,182.0,5.0,1.0,,0.0,main_complete_panel_mc3_standard_features_8cb3c8c73eb9a71f2bf3c228,main_manuscript_complete_panel_oof_predictions.csv,main_manuscript_complete_panel_fold_metrics.csv,,5 outer KFold; inner validation split,main_manuscript_complete_panel,main_manuscript_complete_panel_endpoint_results.csv
20260820T084654Z,supplement,Supplement,PARPi7,PARPi7,regression,Regression,signatures_only,Mutational signatures,standard_sbs96_id83,SBS96 + ID83 spectra,no UGA atlas,No UGA atlas,XGBoost,XGBoost,spearman,Spearman r,0.151588907714488,,,,,,,,,,,,,,,,,772.0,182.0,5.0,1.0,,0.0,main_complete_panel_mc3_standard_features_8cb3c8c73eb9a71f2bf3c228,main_manuscript_complete_panel_oof_predictions.csv,main_manuscript_complete_panel_fold_metrics.csv,,5 outer KFold; inner validation split,main_manuscript_complete_panel,main_manuscript_complete_panel_endpoint_results.csv
20260820T084654Z,supplement,Supplement,PARPi7,PARPi7,regression,Regression,MAF_stack_only,Bio MAF v4,MAF_stack_only,Bio MAF v4,no UGA atlas,No UGA atlas,elastic_net,Elastic net,spearman,Spearman r,0.3059498105383341,,,,,,,,,,,,,,,,,772.0,948.0,5.0,1.0,,0.0,main_complete_panel_mc3_maf_stack_bio_v4_nested_fs_15d698606a129584e3f82812,main_manuscript_complete_panel_oof_predictions.csv,main_manuscript_complete_panel_fold_metrics.csv,,5 outer KFold; inner validation split,main_manuscript_complete_panel,main_manuscript_complete_panel_endpoint_results.csv
20260820T084654Z,supplement,Supplement,PARPi7,PARPi7,regression,Regression,MAF_stack_only,Bio MAF v4,MAF_stack_only,Bio MAF v4,no UGA atlas,No UGA atlas,XGBoost,XGBoost,spearman,Spearman r,0.3509763864152444,,,,,,,,,,,,,,,,,772.0,948.0,5.0,1.0,,0.0,main_complete_panel_mc3_maf_stack_bio_v4_nested_fs_15d698606a129584e3f82812,main_manuscript_complete_panel_oof_predictions.csv,main_manuscript_complete_panel_fold_metrics.csv,,5 outer KFold; inner validation split,main_manuscript_complete_panel,main_manuscript_complete_panel_endpoint_results.csv
20260820T084654Z,supplement,Supplement,PARPi7,PARPi7,regression,Regression,signatures_plus_MAF_stack,Signatures + Bio MAF v4,signatures_plus_MAF_stack,Signatures + Bio MAF v4,no UGA atlas,No UGA atlas,elastic_net,Elastic net,spearman,Spearman r,0.283042950651208,,,,,,,,,,,,,,,,,772.0,1130.0,5.0,1.0,,0.0,main_complete_panel_mc3_signatures_plus_maf_stack_bio_v4_nested_fs_ac11587791bbbd40db3991bb,main_manuscript_complete_panel_oof_predictions.csv,main_manuscript_complete_panel_fold_metrics.csv,,5 outer KFold; inner validation split,main_manuscript_complete_panel,main_manuscript_complete_panel_endpoint_results.csv
20260820T084654Z,supplement,Supplement,PARPi7,PARPi7,regression,Regression,signatures_plus_MAF_stack,Signatures + Bio MAF v4,signatures_plus_MAF_stack,Signatures + Bio MAF v4,no UGA atlas,No UGA atlas,XGBoost,XGBoost,spearman,Spearman r,0.3632307792201503,,,,,,,,,,,,,,,,,772.0,1130.0,5.0,1.0,,0.0,main_complete_panel_mc3_signatures_plus_maf_stack_bio_v4_nested_fs_ac11587791bbbd40db3991bb,main_manuscript_complete_panel_oof_predictions.csv,main_manuscript_complete_panel_fold_metrics.csv,,5 outer KFold; inner validation split,main_manuscript_complete_panel,main_manuscript_complete_panel_endpoint_results.csv
20260820T084654Z,supplement,Supplement,eCARD,eCARD,regression,Regression,burden_only,Mutational burden,burden_only,Mutational burden,no UGA atlas,No UGA atlas,elastic_net,Elastic net,spearman,Spearman r,0.2894229931431124,,,,,,,,,,,,,,,,,772.0,3.0,5.0,1.0,,0.0,main_complete_panel_mc3_standard_features_8cb3c8c73eb9a71f2bf3c228,main_manuscript_complete_panel_oof_predictions.csv,main_manuscript_complete_panel_fold_metrics.csv,,5 outer KFold; inner validation split,main_manuscript_complete_panel,main_manuscript_complete_panel_endpoint_results.csv
20260820T084654Z,supplement,Supplement,eCARD,eCARD,regression,Regression,burden_only,Mutational burden,burden_only,Mutational burden,no UGA atlas,No UGA atlas,XGBoost,XGBoost,spearman,Spearman r,0.3357671925774406,,,,,,,,,,,,,,,,,772.0,3.0,5.0,1.0,,0.0,main_complete_panel_mc3_standard_features_8cb3c8c73eb9a71f2bf3c228,main_manuscript_complete_panel_oof_predictions.csv,main_manuscript_complete_panel_fold_metrics.csv,,5 outer KFold; inner validation split,main_manuscript_complete_panel,main_manuscript_complete_panel_endpoint_results.csv
20260820T084654Z,supplement,Supplement,eCARD,eCARD,regression,Regression,signatures_only,Mutational signatures,standard_sbs96_id83,SBS96 + ID83 spectra,no UGA atlas,No UGA atlas,elastic_net,Elastic net,spearman,Spearman r,0.3035918254177233,,,,,,,,,,,,,,,,,772.0,182.0,5.0,1.0,,0.0,main_complete_panel_mc3_standard_features_8cb3c8c73eb9a71f2bf3c228,main_manuscript_complete_panel_oof_predictions.csv,main_manuscript_complete_panel_fold_metrics.csv,,5 outer KFold; inner validation split,main_manuscript_complete_panel,main_manuscript_complete_panel_endpoint_results.csv
20260820T084654Z,supplement,Supplement,eCARD,eCARD,regression,Regression,signatures_only,Mutational signatures,standard_sbs96_id83,SBS96 + ID83 spectra,no UGA atlas,No UGA atlas,XGBoost,XGBoost,spearman,Spearman r,0.3778196787764436,,,,,,,,,,,,,,,,,772.0,182.0,5.0,1.0,,0.0,main_complete_panel_mc3_standard_features_8cb3c8c73eb9a71f2bf3c228,main_manuscript_complete_panel_oof_predictions.csv,main_manuscript_complete_panel_fold_metrics.csv,,5 outer KFold; inner validation split,main_manuscript_complete_panel,main_manuscript_complete_panel_endpoint_results.csv
20260820T084654Z,supplement,Supplement,eCARD,eCARD,regression,Regression,MAF_stack_only,Bio MAF v4,MAF_stack_only,Bio MAF v4,no UGA atlas,No UGA atlas,elastic_net,Elastic net,spearman,Spearman r,0.5293517008830804,,,,,,,,,,,,,,,,,772.0,948.0,5.0,1.0,,0.0,main_complete_panel_mc3_maf_stack_bio_v4_nested_fs_15d698606a129584e3f82812,main_manuscript_complete_panel_oof_predictions.csv,main_manuscript_complete_panel_fold_metrics.csv,,5 outer KFold; inner validation split,main_manuscript_complete_panel,main_manuscript_complete_panel_endpoint_results.csv
20260820T084654Z,supplement,Supplement,eCARD,eCARD,regression,Regression,MAF_stack_only,Bio MAF v4,MAF_stack_only,Bio MAF v4,no UGA atlas,No UGA atlas,XGBoost,XGBoost,spearman,Spearman r,0.5348248428331155,,,,,,,,,,,,,,,,,772.0,948.0,5.0,1.0,,0.0,main_complete_panel_mc3_maf_stack_bio_v4_nested_fs_15d698606a129584e3f82812,main_manuscript_complete_panel_oof_predictions.csv,main_manuscript_complete_panel_fold_metrics.csv,,5 outer KFold; inner validation split,main_manuscript_complete_panel,main_manuscript_complete_panel_endpoint_results.csv
20260820T084654Z,supplement,Supplement,eCARD,eCARD,regression,Regression,signatures_plus_MAF_stack,Signatures + Bio MAF v4,signatures_plus_MAF_stack,Signatures + Bio MAF v4,no UGA atlas,No UGA atlas,elastic_net,Elastic net,spearman,Spearman r,0.5081217041767748,,,,,,,,,,,,,,,,,772.0,1130.0,5.0,1.0,,0.0,main_complete_panel_mc3_signatures_plus_maf_stack_bio_v4_nested_fs_ac11587791bbbd40db3991bb,main_manuscript_complete_panel_oof_predictions.csv,main_manuscript_complete_panel_fold_metrics.csv,,5 outer KFold; inner validation split,main_manuscript_complete_panel,main_manuscript_complete_panel_endpoint_results.csv
20260820T084654Z,supplement,Supplement,eCARD,eCARD,regression,Regression,signatures_plus_MAF_stack,Signatures + Bio MAF v4,signatures_plus_MAF_stack,Signatures + Bio MAF v4,no UGA atlas,No UGA atlas,XGBoost,XGBoost,spearman,Spearman r,0.5154522695126605,,,,,,,,,,,,,,,,,772.0,1130.0,5.0,1.0,,0.0,main_complete_panel_mc3_signatures_plus_maf_stack_bio_v4_nested_fs_ac11587791bbbd40db3991bb,main_manuscript_complete_panel_oof_predictions.csv,main_manuscript_complete_panel_fold_metrics.csv,,5 outer KFold; inner validation split,main_manuscript_complete_panel,main_manuscript_complete_panel_endpoint_results.csv
20260820T084654Z,supplement,Supplement,PFI,PFI survival,survival,Survival,burden_only,Mutational burden,burden_only,Mutational burden,no UGA atlas,No UGA atlas,cox_ph,CoxNet,c_index,Harrell C-index,0.5552189389685701,,,,,,,,,,,,,,,,,9857.0,3.0,5.0,1.0,,0.0,main_complete_panel_mc3_standard_features_8cb3c8c73eb9a71f2bf3c228,main_manuscript_complete_panel_oof_predictions.csv,main_manuscript_complete_panel_fold_metrics.csv,,5 outer event-stratified folds; inner event-stratified validation split,main_manuscript_complete_panel,main_manuscript_complete_panel_endpoint_results.csv
20260820T084654Z,supplement,Supplement,PFI,PFI survival,survival,Survival,signatures_only,Mutational signatures,standard_sbs96_id83,SBS96 + ID83 spectra,no UGA atlas,No UGA atlas,cox_ph,CoxNet,c_index,Harrell C-index,0.569733409231742,,,,,,,,,,,,,,,,,9857.0,182.0,5.0,1.0,,0.0,main_complete_panel_mc3_standard_features_8cb3c8c73eb9a71f2bf3c228,main_manuscript_complete_panel_oof_predictions.csv,main_manuscript_complete_panel_fold_metrics.csv,,5 outer event-stratified folds; inner event-stratified validation split,main_manuscript_complete_panel,main_manuscript_complete_panel_endpoint_results.csv
20260820T084654Z,supplement,Supplement,PFI,PFI survival,survival,Survival,MAF_stack_only,Bio MAF v4,MAF_stack_only,Bio MAF v4,no UGA atlas,No UGA atlas,cox_ph,CoxNet,c_index,Harrell C-index,0.621967029930306,,,,,,,,,,,,,,,,,9857.0,948.0,5.0,1.0,,0.0,main_complete_panel_mc3_maf_stack_bio_v4_nested_fs_15d698606a129584e3f82812,main_manuscript_complete_panel_oof_predictions.csv,main_manuscript_complete_panel_fold_metrics.csv,,5 outer event-stratified folds; inner event-stratified validation split,main_manuscript_complete_panel,main_manuscript_complete_panel_endpoint_results.csv
20260820T084654Z,supplement,Supplement,PFI,PFI survival,survival,Survival,signatures_plus_MAF_stack,Signatures + Bio MAF v4,signatures_plus_MAF_stack,Signatures + Bio MAF v4,no UGA atlas,No UGA atlas,cox_ph,CoxNet,c_index,Harrell C-index,0.6304735459790111,,,,,,,,,,,,,,,,,9857.0,1130.0,5.0,1.0,,0.0,main_complete_panel_mc3_signatures_plus_maf_stack_bio_v4_nested_fs_84f657f2ccd107a55908f7ca,main_manuscript_complete_panel_oof_predictions.csv,main_manuscript_complete_panel_fold_metrics.csv,,5 outer event-stratified folds; inner event-stratified validation split,main_manuscript_complete_panel,main_manuscript_complete_panel_endpoint_results.csv
