Endpoint tier,Endpoint,Representation,Model,Primary metric,Selected feature-set label,Selected total features,Selected Bio MAF features,Selected Bio MAF blocks,Includes mutational signatures,Includes exact driver genes,Includes optional burden controls,Outer folds selected,Outer folds evaluated,Fold selection fraction,Mean inner-validation score,Mean outer-fold score,Selection interpretation
Main,HRD score,Bio MAF v4,Elastic net,Spearman r,Compact biology + exact driver genes,923,923,Compact biological annotation core; exact consensus driver-gene identity,No,Yes,No,1,5,0.2,0.7655623764082107,0.7380459935149531,Selected in 1 of 5 outer folds.
Main,HRD score,Bio MAF v4,Elastic net,Spearman r,Full core + optional burden/composition controls,948,948,Compact biological annotation core; external evidence-confidence controls; exact consensus driver-gene identity; cancer hotspot summaries; optional burden and event-composition controls,No,Yes,Yes,2,5,0.4,0.722046850283306,0.7134402688460354,Selected in 2 of 5 outer folds.
Main,HRD score,Bio MAF v4,Elastic net,Spearman r,Full strict Bio MAF core,943,943,Compact biological annotation core; external evidence-confidence controls; exact consensus driver-gene identity; cancer hotspot summaries,No,Yes,No,2,5,0.4,0.7310829066423037,0.7117042237478178,Selected in 2 of 5 outer folds.
Main,HRD score,Bio MAF v4,XGBoost,Spearman r,Compact biology + exact driver genes,923,923,Compact biological annotation core; exact consensus driver-gene identity,No,Yes,No,2,5,0.4,0.7603963026591518,0.7309372346252978,Selected in 2 of 5 outer folds.
Main,HRD score,Bio MAF v4,XGBoost,Spearman r,Full core + optional burden/composition controls,948,948,Compact biological annotation core; external evidence-confidence controls; exact consensus driver-gene identity; cancer hotspot summaries; optional burden and event-composition controls,No,Yes,Yes,3,5,0.6,0.7670200452493825,0.7446283269086188,Selected in 3 of 5 outer folds.
Main,HRD score,Signatures + Bio MAF v4,Elastic net,Spearman r,Signatures + Compact biology + exact driver genes,1105,923,Compact biological annotation core; exact consensus driver-gene identity,Yes,Yes,No,2,5,0.4,0.7564177493894587,0.7022494544267472,Selected in 2 of 5 outer folds.
Main,HRD score,Signatures + Bio MAF v4,Elastic net,Spearman r,Signatures + Full core + optional burden/composition controls,1130,948,Compact biological annotation core; external evidence-confidence controls; exact consensus driver-gene identity; cancer hotspot summaries; optional burden and event-composition controls,Yes,Yes,Yes,1,5,0.2,0.7079713761867175,0.7976303974358551,Selected in 1 of 5 outer folds.
Main,HRD score,Signatures + Bio MAF v4,Elastic net,Spearman r,Signatures + Full strict Bio MAF core,1125,943,Compact biological annotation core; external evidence-confidence controls; exact consensus driver-gene identity; cancer hotspot summaries,Yes,Yes,No,2,5,0.4,0.6907103752808221,0.7110480829597149,Selected in 2 of 5 outer folds.
Main,HRD score,Signatures + Bio MAF v4,XGBoost,Spearman r,Signatures + Compact biology + exact driver genes,1105,923,Compact biological annotation core; exact consensus driver-gene identity,Yes,Yes,No,1,5,0.2,0.7771194513175027,0.7574765508639203,Selected in 1 of 5 outer folds.
Main,HRD score,Signatures + Bio MAF v4,XGBoost,Spearman r,Signatures + Full core + optional burden/composition controls,1130,948,Compact biological annotation core; external evidence-confidence controls; exact consensus driver-gene identity; cancer hotspot summaries; optional burden and event-composition controls,Yes,Yes,Yes,3,5,0.6,0.7745494922613839,0.7857073943784787,Selected in 3 of 5 outer folds.
Main,HRD score,Signatures + Bio MAF v4,XGBoost,Spearman r,Signatures + Full strict Bio MAF core,1125,943,Compact biological annotation core; external evidence-confidence controls; exact consensus driver-gene identity; cancer hotspot summaries,Yes,Yes,No,1,5,0.2,0.7759858013457291,0.7679176219158758,Selected in 1 of 5 outer folds.
Main,HRD24 high/low,Bio MAF v4,Elastic net,AUROC,Compact biology + evidence-confidence controls,137,137,Compact biological annotation core; external evidence-confidence controls,No,No,No,1,5,0.2,0.834758551307847,0.7374245472837022,Selected in 1 of 5 outer folds.
Main,HRD24 high/low,Bio MAF v4,Elastic net,AUROC,Compact biology + exact driver genes,923,923,Compact biological annotation core; exact consensus driver-gene identity,No,Yes,No,3,5,0.6,0.8363514419852448,0.8507361630098048,Selected in 3 of 5 outer folds.
Main,HRD24 high/low,Bio MAF v4,Elastic net,AUROC,Compact biology + hotspot summaries,125,125,Compact biological annotation core; cancer hotspot summaries,No,No,No,1,5,0.2,0.7966130114017438,0.7768538944510437,Selected in 1 of 5 outer folds.
Main,HRD24 high/low,Bio MAF v4,XGBoost,AUROC,Compact biology + exact driver genes,923,923,Compact biological annotation core; exact consensus driver-gene identity,No,Yes,No,2,5,0.4,0.8674966465459423,0.8676319968000776,Selected in 2 of 5 outer folds.
Main,HRD24 high/low,Bio MAF v4,XGBoost,AUROC,Full core + optional burden/composition controls,948,948,Compact biological annotation core; external evidence-confidence controls; exact consensus driver-gene identity; cancer hotspot summaries; optional burden and event-composition controls,No,Yes,Yes,2,5,0.4,0.8897551978537894,0.8171768707482994,Selected in 2 of 5 outer folds.
Main,HRD24 high/low,Bio MAF v4,XGBoost,AUROC,Full strict Bio MAF core,943,943,Compact biological annotation core; external evidence-confidence controls; exact consensus driver-gene identity; cancer hotspot summaries,No,Yes,No,1,5,0.2,0.8869047619047619,0.8848088531187122,Selected in 1 of 5 outer folds.
Main,HRD24 high/low,Signatures + Bio MAF v4,Elastic net,AUROC,Signatures + Compact biology + exact driver genes,1105,923,Compact biological annotation core; exact consensus driver-gene identity,Yes,Yes,No,2,5,0.4,0.8392018779342723,0.8337585034013605,Selected in 2 of 5 outer folds.
Main,HRD24 high/low,Signatures + Bio MAF v4,Elastic net,AUROC,Signatures + Full core + optional burden/composition controls,1130,948,Compact biological annotation core; external evidence-confidence controls; exact consensus driver-gene identity; cancer hotspot summaries; optional burden and event-composition controls,Yes,Yes,Yes,1,5,0.2,0.8781019450033535,0.8043259557344064,Selected in 1 of 5 outer folds.
Main,HRD24 high/low,Signatures + Bio MAF v4,Elastic net,AUROC,Signatures + Full strict Bio MAF core,1125,943,Compact biological annotation core; external evidence-confidence controls; exact consensus driver-gene identity; cancer hotspot summaries,Yes,Yes,No,2,5,0.4,0.8503521126760564,0.8659931476408653,Selected in 2 of 5 outer folds.
Main,HRD24 high/low,Signatures + Bio MAF v4,XGBoost,AUROC,Signatures + Compact biology + exact driver genes,1105,923,Compact biological annotation core; exact consensus driver-gene identity,Yes,Yes,No,2,5,0.4,0.903420523138833,0.8560799319727892,Selected in 2 of 5 outer folds.
Main,HRD24 high/low,Signatures + Bio MAF v4,XGBoost,AUROC,Signatures + Full strict Bio MAF core,1125,943,Compact biological annotation core; external evidence-confidence controls; exact consensus driver-gene identity; cancer hotspot summaries,Yes,Yes,No,2,5,0.4,0.8991029510395707,0.8576655717437153,Selected in 2 of 5 outer folds.
Main,HRD24 high/low,Signatures + Bio MAF v4,XGBoost,AUROC,Signatures only; no Bio MAF block,182,0,None,Yes,No,No,1,5,0.2,0.8905097250167673,0.8715627095908786,Selected in 1 of 5 outer folds.
Main,HRD33 high/low,Bio MAF v4,Elastic net,AUROC,Compact biology + exact driver genes,923,923,Compact biological annotation core; exact consensus driver-gene identity,No,Yes,No,1,5,0.2,0.8307722616233254,0.8745074862096139,Selected in 1 of 5 outer folds.
Main,HRD33 high/low,Bio MAF v4,Elastic net,AUROC,Compact biology + hotspot summaries,125,125,Compact biological annotation core; cancer hotspot summaries,No,No,No,2,5,0.4,0.8595350669818755,0.7854057577163562,Selected in 2 of 5 outer folds.
Main,HRD33 high/low,Bio MAF v4,Elastic net,AUROC,Compact biology only,121,121,Compact biological annotation core,No,No,No,1,5,0.2,0.8538219070133964,0.8162238325281803,Selected in 1 of 5 outer folds.
Main,HRD33 high/low,Bio MAF v4,Elastic net,AUROC,Full core + optional burden/composition controls,948,948,Compact biological annotation core; external evidence-confidence controls; exact consensus driver-gene identity; cancer hotspot summaries; optional burden and event-composition controls,No,Yes,Yes,1,5,0.2,0.8412135539795115,0.8944124080334063,Selected in 1 of 5 outer folds.
Main,HRD33 high/low,Bio MAF v4,XGBoost,AUROC,Compact biology + exact driver genes,923,923,Compact biological annotation core; exact consensus driver-gene identity,No,Yes,No,2,5,0.4,0.8999211977935382,0.862646649433287,Selected in 2 of 5 outer folds.
Main,HRD33 high/low,Bio MAF v4,XGBoost,AUROC,Full core + optional burden/composition controls,948,948,Compact biological annotation core; external evidence-confidence controls; exact consensus driver-gene identity; cancer hotspot summaries; optional burden and event-composition controls,No,Yes,Yes,1,5,0.2,0.8508668242710795,0.8727344365642238,Selected in 1 of 5 outer folds.
Main,HRD33 high/low,Bio MAF v4,XGBoost,AUROC,Full strict Bio MAF core,943,943,Compact biological annotation core; external evidence-confidence controls; exact consensus driver-gene identity; cancer hotspot summaries,No,Yes,No,2,5,0.4,0.8745074862096138,0.8829294720252168,Selected in 2 of 5 outer folds.
Main,HRD33 high/low,Signatures + Bio MAF v4,Elastic net,AUROC,Signatures + Compact biology + exact driver genes,1105,923,Compact biological annotation core; exact consensus driver-gene identity,Yes,Yes,No,4,5,0.8,0.8258471237194641,0.8345688705187849,Selected in 4 of 5 outer folds.
Main,HRD33 high/low,Signatures + Bio MAF v4,Elastic net,AUROC,Signatures + Full strict Bio MAF core,1125,943,Compact biological annotation core; external evidence-confidence controls; exact consensus driver-gene identity; cancer hotspot summaries,Yes,Yes,No,1,5,0.2,0.874113475177305,0.8576257705309207,Selected in 1 of 5 outer folds.
Main,HRD33 high/low,Signatures + Bio MAF v4,XGBoost,AUROC,Signatures + Compact biology + exact driver genes,1105,923,Compact biological annotation core; exact consensus driver-gene identity,Yes,Yes,No,1,5,0.2,0.8916469661150512,0.9079339828991848,Selected in 1 of 5 outer folds.
Main,HRD33 high/low,Signatures + Bio MAF v4,XGBoost,AUROC,Signatures + Full core + optional burden/composition controls,1130,948,Compact biological annotation core; external evidence-confidence controls; exact consensus driver-gene identity; cancer hotspot summaries; optional burden and event-composition controls,Yes,Yes,Yes,1,5,0.2,0.910362490149724,0.9404186795491144,Selected in 1 of 5 outer folds.
Main,HRD33 high/low,Signatures + Bio MAF v4,XGBoost,AUROC,Signatures + Full strict Bio MAF core,1125,943,Compact biological annotation core; external evidence-confidence controls; exact consensus driver-gene identity; cancer hotspot summaries,Yes,Yes,No,3,5,0.6,0.9108878381928028,0.9023220874483552,Selected in 3 of 5 outer folds.
Main,HRD42 high/low,Bio MAF v4,Elastic net,AUROC,Compact biology + evidence-confidence controls,137,137,Compact biological annotation core; external evidence-confidence controls,No,No,No,2,5,0.4,0.8512,0.8439516129032258,Selected in 2 of 5 outer folds.
Main,HRD42 high/low,Bio MAF v4,Elastic net,AUROC,Compact biology + hotspot summaries,125,125,Compact biological annotation core; cancer hotspot summaries,No,No,No,2,5,0.4,0.8495999999999999,0.8166043010752688,Selected in 2 of 5 outer folds.
Main,HRD42 high/low,Bio MAF v4,Elastic net,AUROC,Compact biology only,121,121,Compact biological annotation core,No,No,No,1,5,0.2,0.8362666666666667,0.8869333333333334,Selected in 1 of 5 outer folds.
Main,HRD42 high/low,Bio MAF v4,XGBoost,AUROC,Compact biology + exact driver genes,923,923,Compact biological annotation core; exact consensus driver-gene identity,No,Yes,No,2,5,0.4,0.8859333333333335,0.8897333333333333,Selected in 2 of 5 outer folds.
Main,HRD42 high/low,Bio MAF v4,XGBoost,AUROC,Full core + optional burden/composition controls,948,948,Compact biological annotation core; external evidence-confidence controls; exact consensus driver-gene identity; cancer hotspot summaries; optional burden and event-composition controls,No,Yes,Yes,1,5,0.2,0.8592,0.9473118279569892,Selected in 1 of 5 outer folds.
Main,HRD42 high/low,Bio MAF v4,XGBoost,AUROC,Full strict Bio MAF core,943,943,Compact biological annotation core; external evidence-confidence controls; exact consensus driver-gene identity; cancer hotspot summaries,No,Yes,No,2,5,0.4,0.8809333333333333,0.8354838709677419,Selected in 2 of 5 outer folds.
Main,HRD42 high/low,Signatures + Bio MAF v4,Elastic net,AUROC,Signatures + Compact biology + evidence-confidence controls,319,137,Compact biological annotation core; external evidence-confidence controls,Yes,No,No,3,5,0.6,0.9147555555555554,0.8978853046594982,Selected in 3 of 5 outer folds.
Main,HRD42 high/low,Signatures + Bio MAF v4,Elastic net,AUROC,Signatures + Compact biology + exact driver genes,1105,923,Compact biological annotation core; exact consensus driver-gene identity,Yes,Yes,No,1,5,0.2,0.8397333333333334,0.8533333333333334,Selected in 1 of 5 outer folds.
Main,HRD42 high/low,Signatures + Bio MAF v4,Elastic net,AUROC,Signatures + Full strict Bio MAF core,1125,943,Compact biological annotation core; external evidence-confidence controls; exact consensus driver-gene identity; cancer hotspot summaries,Yes,Yes,No,1,5,0.2,0.8693333333333334,0.9209677419354838,Selected in 1 of 5 outer folds.
Main,HRD42 high/low,Signatures + Bio MAF v4,XGBoost,AUROC,Signatures + Compact biology + evidence-confidence controls,319,137,Compact biological annotation core; external evidence-confidence controls,Yes,No,No,1,5,0.2,0.9645333333333334,0.9024,Selected in 1 of 5 outer folds.
Main,HRD42 high/low,Signatures + Bio MAF v4,XGBoost,AUROC,Signatures + Full core + optional burden/composition controls,1130,948,Compact biological annotation core; external evidence-confidence controls; exact consensus driver-gene identity; cancer hotspot summaries; optional burden and event-composition controls,Yes,Yes,Yes,2,5,0.4,0.9324,0.9456989247311827,Selected in 2 of 5 outer folds.
Main,HRD42 high/low,Signatures + Bio MAF v4,XGBoost,AUROC,Signatures + Full strict Bio MAF core,1125,943,Compact biological annotation core; external evidence-confidence controls; exact consensus driver-gene identity; cancer hotspot summaries,Yes,Yes,No,2,5,0.4,0.9182666666666666,0.9160709677419354,Selected in 2 of 5 outer folds.
Main,Cancer type (top 20),Bio MAF v4,Elastic net,Balanced accuracy,Compact biology + exact driver genes,923,923,Compact biological annotation core; exact consensus driver-gene identity,No,Yes,No,1,5,0.2,0.5694152073521062,0.5488374124636126,Selected in 1 of 5 outer folds.
Main,Cancer type (top 20),Bio MAF v4,Elastic net,Balanced accuracy,Full core + optional burden/composition controls,948,948,Compact biological annotation core; external evidence-confidence controls; exact consensus driver-gene identity; cancer hotspot summaries; optional burden and event-composition controls,No,Yes,Yes,3,5,0.6,0.5797719000377305,0.583541669600924,Selected in 3 of 5 outer folds.
Main,Cancer type (top 20),Bio MAF v4,Elastic net,Balanced accuracy,Full strict Bio MAF core,943,943,Compact biological annotation core; external evidence-confidence controls; exact consensus driver-gene identity; cancer hotspot summaries,No,Yes,No,1,5,0.2,0.5815888433262958,0.5563819894995705,Selected in 1 of 5 outer folds.
Main,Cancer type (top 20),Bio MAF v4,XGBoost,Balanced accuracy,Compact biology + exact driver genes,923,923,Compact biological annotation core; exact consensus driver-gene identity,No,Yes,No,1,5,0.2,0.6504828666752271,0.6500310655585014,Selected in 1 of 5 outer folds.
Main,Cancer type (top 20),Bio MAF v4,XGBoost,Balanced accuracy,Full core + optional burden/composition controls,948,948,Compact biological annotation core; external evidence-confidence controls; exact consensus driver-gene identity; cancer hotspot summaries; optional burden and event-composition controls,No,Yes,Yes,3,5,0.6,0.6483660280496474,0.6678991983750519,Selected in 3 of 5 outer folds.
Main,Cancer type (top 20),Bio MAF v4,XGBoost,Balanced accuracy,Full strict Bio MAF core,943,943,Compact biological annotation core; external evidence-confidence controls; exact consensus driver-gene identity; cancer hotspot summaries,No,Yes,No,1,5,0.2,0.6685662326818183,0.6552361773512538,Selected in 1 of 5 outer folds.
Main,Cancer type (top 20),Signatures + Bio MAF v4,Elastic net,Balanced accuracy,Signatures + Full core + optional burden/composition controls,1130,948,Compact biological annotation core; external evidence-confidence controls; exact consensus driver-gene identity; cancer hotspot summaries; optional burden and event-composition controls,Yes,Yes,Yes,3,5,0.6,0.6732490138519213,0.679878633561621,Selected in 3 of 5 outer folds.
Main,Cancer type (top 20),Signatures + Bio MAF v4,Elastic net,Balanced accuracy,Signatures + Full strict Bio MAF core,1125,943,Compact biological annotation core; external evidence-confidence controls; exact consensus driver-gene identity; cancer hotspot summaries,Yes,Yes,No,2,5,0.4,0.6572904454292721,0.6608812718558055,Selected in 2 of 5 outer folds.
Main,Cancer type (top 20),Signatures + Bio MAF v4,XGBoost,Balanced accuracy,Signatures + Full core + optional burden/composition controls,1130,948,Compact biological annotation core; external evidence-confidence controls; exact consensus driver-gene identity; cancer hotspot summaries; optional burden and event-composition controls,Yes,Yes,Yes,2,5,0.4,0.7318482739415316,0.7427991489682625,Selected in 2 of 5 outer folds.
Main,Cancer type (top 20),Signatures + Bio MAF v4,XGBoost,Balanced accuracy,Signatures + Full strict Bio MAF core,1125,943,Compact biological annotation core; external evidence-confidence controls; exact consensus driver-gene identity; cancer hotspot summaries,Yes,Yes,No,3,5,0.6,0.7384038830956049,0.734375767950208,Selected in 3 of 5 outer folds.
Main,Overall survival,Bio MAF v4,CoxNet,Harrell C-index,Compact biology + exact driver genes,923,923,Compact biological annotation core; exact consensus driver-gene identity,No,Yes,No,2,5,0.4,0.6175779995909176,0.632044798515017,Selected in 2 of 5 outer folds.
Main,Overall survival,Bio MAF v4,CoxNet,Harrell C-index,Full core + optional burden/composition controls,948,948,Compact biological annotation core; external evidence-confidence controls; exact consensus driver-gene identity; cancer hotspot summaries; optional burden and event-composition controls,No,Yes,Yes,3,5,0.6,0.6334970059993986,0.6356110230081714,Selected in 3 of 5 outer folds.
Main,Overall survival,Signatures + Bio MAF v4,CoxNet,Harrell C-index,Signatures + Compact biology + exact driver genes,1105,923,Compact biological annotation core; exact consensus driver-gene identity,Yes,Yes,No,1,5,0.2,0.6459232269454914,0.6470277492494032,Selected in 1 of 5 outer folds.
Main,Overall survival,Signatures + Bio MAF v4,CoxNet,Harrell C-index,Signatures + Full core + optional burden/composition controls,1130,948,Compact biological annotation core; external evidence-confidence controls; exact consensus driver-gene identity; cancer hotspot summaries; optional burden and event-composition controls,Yes,Yes,Yes,4,5,0.8,0.6480834775959089,0.6518311938807592,Selected in 4 of 5 outer folds.
Supplementary,HRD TAI,Bio MAF v4,Elastic net,Spearman r,Compact biology + exact driver genes,923,923,Compact biological annotation core; exact consensus driver-gene identity,No,Yes,No,3,5,0.6,0.7360689239205515,0.7029300565350404,Selected in 3 of 5 outer folds.
Supplementary,HRD TAI,Bio MAF v4,Elastic net,Spearman r,Full strict Bio MAF core,943,943,Compact biological annotation core; external evidence-confidence controls; exact consensus driver-gene identity; cancer hotspot summaries,No,Yes,No,2,5,0.4,0.7416523964331949,0.7341480794333783,Selected in 2 of 5 outer folds.
Supplementary,HRD TAI,Bio MAF v4,XGBoost,Spearman r,Compact biology + exact driver genes,923,923,Compact biological annotation core; exact consensus driver-gene identity,No,Yes,No,3,5,0.6,0.7673255192822009,0.746949147241116,Selected in 3 of 5 outer folds.
Supplementary,HRD TAI,Bio MAF v4,XGBoost,Spearman r,Full core + optional burden/composition controls,948,948,Compact biological annotation core; external evidence-confidence controls; exact consensus driver-gene identity; cancer hotspot summaries; optional burden and event-composition controls,No,Yes,Yes,1,5,0.2,0.741809982151653,0.7594891693178525,Selected in 1 of 5 outer folds.
Supplementary,HRD TAI,Bio MAF v4,XGBoost,Spearman r,Full strict Bio MAF core,943,943,Compact biological annotation core; external evidence-confidence controls; exact consensus driver-gene identity; cancer hotspot summaries,No,Yes,No,1,5,0.2,0.7825805233763654,0.7476328664170322,Selected in 1 of 5 outer folds.
Supplementary,HRD TAI,Signatures + Bio MAF v4,Elastic net,Spearman r,Signatures + Compact biology + exact driver genes,1105,923,Compact biological annotation core; exact consensus driver-gene identity,Yes,Yes,No,4,5,0.8,0.7645349135358566,0.7258203933369094,Selected in 4 of 5 outer folds.
Supplementary,HRD TAI,Signatures + Bio MAF v4,Elastic net,Spearman r,Signatures + Full core + optional burden/composition controls,1130,948,Compact biological annotation core; external evidence-confidence controls; exact consensus driver-gene identity; cancer hotspot summaries; optional burden and event-composition controls,Yes,Yes,Yes,1,5,0.2,0.7472550106196806,0.7768136285861951,Selected in 1 of 5 outer folds.
Supplementary,HRD TAI,Signatures + Bio MAF v4,XGBoost,Spearman r,Signatures + Compact biology + exact driver genes,1105,923,Compact biological annotation core; exact consensus driver-gene identity,Yes,Yes,No,3,5,0.6,0.791036721494228,0.7764680131288694,Selected in 3 of 5 outer folds.
Supplementary,HRD TAI,Signatures + Bio MAF v4,XGBoost,Spearman r,Signatures + Full core + optional burden/composition controls,1130,948,Compact biological annotation core; external evidence-confidence controls; exact consensus driver-gene identity; cancer hotspot summaries; optional burden and event-composition controls,Yes,Yes,Yes,1,5,0.2,0.7152473905765429,0.7542918915408595,Selected in 1 of 5 outer folds.
Supplementary,HRD TAI,Signatures + Bio MAF v4,XGBoost,Spearman r,Signatures + Full strict Bio MAF core,1125,943,Compact biological annotation core; external evidence-confidence controls; exact consensus driver-gene identity; cancer hotspot summaries,Yes,Yes,No,1,5,0.2,0.7587339873671078,0.7645890468850101,Selected in 1 of 5 outer folds.
Supplementary,HRD LST,Bio MAF v4,Elastic net,Spearman r,Compact biology + exact driver genes,923,923,Compact biological annotation core; exact consensus driver-gene identity,No,Yes,No,3,5,0.6,0.6898683818115012,0.6548227585436684,Selected in 3 of 5 outer folds.
Supplementary,HRD LST,Bio MAF v4,Elastic net,Spearman r,Compact biology only,121,121,Compact biological annotation core,No,No,No,1,5,0.2,0.7062584558885717,0.5592550098707277,Selected in 1 of 5 outer folds.
Supplementary,HRD LST,Bio MAF v4,Elastic net,Spearman r,Full core + optional burden/composition controls,948,948,Compact biological annotation core; external evidence-confidence controls; exact consensus driver-gene identity; cancer hotspot summaries; optional burden and event-composition controls,No,Yes,Yes,1,5,0.2,0.7242331396249331,0.6709753719817103,Selected in 1 of 5 outer folds.
Supplementary,HRD LST,Bio MAF v4,XGBoost,Spearman r,Compact biology + exact driver genes,923,923,Compact biological annotation core; exact consensus driver-gene identity,No,Yes,No,2,5,0.4,0.6755956207780309,0.648394755530556,Selected in 2 of 5 outer folds.
Supplementary,HRD LST,Bio MAF v4,XGBoost,Spearman r,Full core + optional burden/composition controls,948,948,Compact biological annotation core; external evidence-confidence controls; exact consensus driver-gene identity; cancer hotspot summaries; optional burden and event-composition controls,No,Yes,Yes,3,5,0.6,0.6956392866428418,0.7184057968406496,Selected in 3 of 5 outer folds.
Supplementary,HRD LST,Signatures + Bio MAF v4,Elastic net,Spearman r,Signatures + Compact biology + exact driver genes,1105,923,Compact biological annotation core; exact consensus driver-gene identity,Yes,Yes,No,3,5,0.6,0.7134526635047994,0.6608721914090506,Selected in 3 of 5 outer folds.
Supplementary,HRD LST,Signatures + Bio MAF v4,Elastic net,Spearman r,Signatures + Full strict Bio MAF core,1125,943,Compact biological annotation core; external evidence-confidence controls; exact consensus driver-gene identity; cancer hotspot summaries,Yes,Yes,No,2,5,0.4,0.7201254635571479,0.707762415715135,Selected in 2 of 5 outer folds.
Supplementary,HRD LST,Signatures + Bio MAF v4,XGBoost,Spearman r,Signatures + Compact biology + exact driver genes,1105,923,Compact biological annotation core; exact consensus driver-gene identity,Yes,Yes,No,1,5,0.2,0.6910687438844473,0.7048419651062281,Selected in 1 of 5 outer folds.
Supplementary,HRD LST,Signatures + Bio MAF v4,XGBoost,Spearman r,Signatures + Full core + optional burden/composition controls,1130,948,Compact biological annotation core; external evidence-confidence controls; exact consensus driver-gene identity; cancer hotspot summaries; optional burden and event-composition controls,Yes,Yes,Yes,3,5,0.6,0.7108425738669487,0.7304952766452347,Selected in 3 of 5 outer folds.
Supplementary,HRD LST,Signatures + Bio MAF v4,XGBoost,Spearman r,Signatures + Full strict Bio MAF core,1125,943,Compact biological annotation core; external evidence-confidence controls; exact consensus driver-gene identity; cancer hotspot summaries,Yes,Yes,No,1,5,0.2,0.7428877908610247,0.6857011138227787,Selected in 1 of 5 outer folds.
Supplementary,HRD LOH,Bio MAF v4,Elastic net,Spearman r,Compact biology + exact driver genes,923,923,Compact biological annotation core; exact consensus driver-gene identity,No,Yes,No,5,5,1.0,0.648287155697593,0.607287027557527,Selected in 5 of 5 outer folds.
Supplementary,HRD LOH,Bio MAF v4,XGBoost,Spearman r,Compact biology + exact driver genes,923,923,Compact biological annotation core; exact consensus driver-gene identity,No,Yes,No,2,5,0.4,0.7182663242694917,0.631351278956565,Selected in 2 of 5 outer folds.
Supplementary,HRD LOH,Bio MAF v4,XGBoost,Spearman r,Full core + optional burden/composition controls,948,948,Compact biological annotation core; external evidence-confidence controls; exact consensus driver-gene identity; cancer hotspot summaries; optional burden and event-composition controls,No,Yes,Yes,1,5,0.2,0.6540626490004536,0.5812585455048952,Selected in 1 of 5 outer folds.
Supplementary,HRD LOH,Bio MAF v4,XGBoost,Spearman r,Full strict Bio MAF core,943,943,Compact biological annotation core; external evidence-confidence controls; exact consensus driver-gene identity; cancer hotspot summaries,No,Yes,No,2,5,0.4,0.6199193902957769,0.6487044096304593,Selected in 2 of 5 outer folds.
Supplementary,HRD LOH,Signatures + Bio MAF v4,Elastic net,Spearman r,Signatures + Compact biology + exact driver genes,1105,923,Compact biological annotation core; exact consensus driver-gene identity,Yes,Yes,No,2,5,0.4,0.6585592591829006,0.6410106481909925,Selected in 2 of 5 outer folds.
Supplementary,HRD LOH,Signatures + Bio MAF v4,Elastic net,Spearman r,Signatures + Full core + optional burden/composition controls,1130,948,Compact biological annotation core; external evidence-confidence controls; exact consensus driver-gene identity; cancer hotspot summaries; optional burden and event-composition controls,Yes,Yes,Yes,1,5,0.2,0.7051776385910081,0.5757974310117484,Selected in 1 of 5 outer folds.
Supplementary,HRD LOH,Signatures + Bio MAF v4,Elastic net,Spearman r,Signatures + Full strict Bio MAF core,1125,943,Compact biological annotation core; external evidence-confidence controls; exact consensus driver-gene identity; cancer hotspot summaries,Yes,Yes,No,2,5,0.4,0.624707154762136,0.6362169970056457,Selected in 2 of 5 outer folds.
Supplementary,HRD LOH,Signatures + Bio MAF v4,XGBoost,Spearman r,Signatures + Compact biology + exact driver genes,1105,923,Compact biological annotation core; exact consensus driver-gene identity,Yes,Yes,No,2,5,0.4,0.6964029404836654,0.6412710165341605,Selected in 2 of 5 outer folds.
Supplementary,HRD LOH,Signatures + Bio MAF v4,XGBoost,Spearman r,Signatures + Full core + optional burden/composition controls,1130,948,Compact biological annotation core; external evidence-confidence controls; exact consensus driver-gene identity; cancer hotspot summaries; optional burden and event-composition controls,Yes,Yes,Yes,1,5,0.2,0.7102781470888454,0.7192054316820156,Selected in 1 of 5 outer folds.
Supplementary,HRD LOH,Signatures + Bio MAF v4,XGBoost,Spearman r,Signatures + Full strict Bio MAF core,1125,943,Compact biological annotation core; external evidence-confidence controls; exact consensus driver-gene identity; cancer hotspot summaries,Yes,Yes,No,2,5,0.4,0.7167915356701959,0.6189364944778306,Selected in 2 of 5 outer folds.
Supplementary,PARPi7,Bio MAF v4,Elastic net,Spearman r,Compact biology + exact driver genes,923,923,Compact biological annotation core; exact consensus driver-gene identity,No,Yes,No,2,5,0.4,0.372291303918295,0.3035985282523,Selected in 2 of 5 outer folds.
Supplementary,PARPi7,Bio MAF v4,Elastic net,Spearman r,Compact biology + hotspot summaries,125,125,Compact biological annotation core; cancer hotspot summaries,No,No,No,3,5,0.6,0.38271069455650325,0.31955423188218496,Selected in 3 of 5 outer folds.
Supplementary,PARPi7,Bio MAF v4,XGBoost,Spearman r,Compact biology + exact driver genes,923,923,Compact biological annotation core; exact consensus driver-gene identity,No,Yes,No,1,5,0.2,0.3869658952870317,0.3420209567598986,Selected in 1 of 5 outer folds.
Supplementary,PARPi7,Bio MAF v4,XGBoost,Spearman r,Full core + optional burden/composition controls,948,948,Compact biological annotation core; external evidence-confidence controls; exact consensus driver-gene identity; cancer hotspot summaries; optional burden and event-composition controls,No,Yes,Yes,1,5,0.2,0.4489992233571165,0.372475500229127,Selected in 1 of 5 outer folds.
Supplementary,PARPi7,Bio MAF v4,XGBoost,Spearman r,Full strict Bio MAF core,943,943,Compact biological annotation core; external evidence-confidence controls; exact consensus driver-gene identity; cancer hotspot summaries,No,Yes,No,3,5,0.6,0.372707946993855,0.35900250615442414,Selected in 3 of 5 outer folds.
Supplementary,PARPi7,Signatures + Bio MAF v4,Elastic net,Spearman r,Signatures + Compact biology + exact driver genes,1105,923,Compact biological annotation core; exact consensus driver-gene identity,Yes,Yes,No,1,5,0.2,0.4354991535395951,0.3030706086740229,Selected in 1 of 5 outer folds.
Supplementary,PARPi7,Signatures + Bio MAF v4,Elastic net,Spearman r,Signatures + Compact biology + hotspot summaries,307,125,Compact biological annotation core; cancer hotspot summaries,Yes,No,No,1,5,0.2,0.3710893692795279,0.4187719640342376,Selected in 1 of 5 outer folds.
Supplementary,PARPi7,Signatures + Bio MAF v4,Elastic net,Spearman r,Signatures + Full core + optional burden/composition controls,1130,948,Compact biological annotation core; external evidence-confidence controls; exact consensus driver-gene identity; cancer hotspot summaries; optional burden and event-composition controls,Yes,Yes,Yes,1,5,0.2,0.3993906074288646,0.1856848075043664,Selected in 1 of 5 outer folds.
Supplementary,PARPi7,Signatures + Bio MAF v4,Elastic net,Spearman r,Signatures + Full strict Bio MAF core,1125,943,Compact biological annotation core; external evidence-confidence controls; exact consensus driver-gene identity; cancer hotspot summaries,Yes,Yes,No,2,5,0.4,0.42844604312214385,0.35606234406752335,Selected in 2 of 5 outer folds.
Supplementary,PARPi7,Signatures + Bio MAF v4,XGBoost,Spearman r,Signatures + Compact biology + evidence-confidence controls,319,137,Compact biological annotation core; external evidence-confidence controls,Yes,No,No,1,5,0.2,0.3813489135043278,0.4189576823416782,Selected in 1 of 5 outer folds.
Supplementary,PARPi7,Signatures + Bio MAF v4,XGBoost,Spearman r,Signatures + Full core + optional burden/composition controls,1130,948,Compact biological annotation core; external evidence-confidence controls; exact consensus driver-gene identity; cancer hotspot summaries; optional burden and event-composition controls,Yes,Yes,Yes,1,5,0.2,0.3493649470112575,0.4112855595080484,Selected in 1 of 5 outer folds.
Supplementary,PARPi7,Signatures + Bio MAF v4,XGBoost,Spearman r,Signatures + Full strict Bio MAF core,1125,943,Compact biological annotation core; external evidence-confidence controls; exact consensus driver-gene identity; cancer hotspot summaries,Yes,Yes,No,3,5,0.6,0.4174363783344779,0.33759926097455545,Selected in 3 of 5 outer folds.
Supplementary,eCARD,Bio MAF v4,Elastic net,Spearman r,Compact biology + exact driver genes,923,923,Compact biological annotation core; exact consensus driver-gene identity,No,Yes,No,4,5,0.8,0.5076540437222966,0.5393224847850094,Selected in 4 of 5 outer folds.
Supplementary,eCARD,Bio MAF v4,Elastic net,Spearman r,Full strict Bio MAF core,943,943,Compact biological annotation core; external evidence-confidence controls; exact consensus driver-gene identity; cancer hotspot summaries,No,Yes,No,1,5,0.2,0.4897300197626704,0.5045832446860461,Selected in 1 of 5 outer folds.
Supplementary,eCARD,Bio MAF v4,XGBoost,Spearman r,Compact biology + exact driver genes,923,923,Compact biological annotation core; exact consensus driver-gene identity,No,Yes,No,1,5,0.2,0.4446959852213628,0.5462865015967757,Selected in 1 of 5 outer folds.
Supplementary,eCARD,Bio MAF v4,XGBoost,Spearman r,Full core + optional burden/composition controls,948,948,Compact biological annotation core; external evidence-confidence controls; exact consensus driver-gene identity; cancer hotspot summaries; optional burden and event-composition controls,No,Yes,Yes,1,5,0.2,0.5209629080596822,0.5551904686048802,Selected in 1 of 5 outer folds.
Supplementary,eCARD,Bio MAF v4,XGBoost,Spearman r,Full strict Bio MAF core,943,943,Compact biological annotation core; external evidence-confidence controls; exact consensus driver-gene identity; cancer hotspot summaries,No,Yes,No,3,5,0.6,0.4672676810934895,0.537506367541719,Selected in 3 of 5 outer folds.
Supplementary,eCARD,Signatures + Bio MAF v4,Elastic net,Spearman r,Signatures + Compact biology + exact driver genes,1105,923,Compact biological annotation core; exact consensus driver-gene identity,Yes,Yes,No,5,5,1.0,0.5462556511146207,0.5134360740693562,Selected in 5 of 5 outer folds.
Supplementary,eCARD,Signatures + Bio MAF v4,XGBoost,Spearman r,Signatures + Compact biology + exact driver genes,1105,923,Compact biological annotation core; exact consensus driver-gene identity,Yes,Yes,No,2,5,0.4,0.5483016983016983,0.5353197952143491,Selected in 2 of 5 outer folds.
Supplementary,eCARD,Signatures + Bio MAF v4,XGBoost,Spearman r,Signatures + Full core + optional burden/composition controls,1130,948,Compact biological annotation core; external evidence-confidence controls; exact consensus driver-gene identity; cancer hotspot summaries; optional burden and event-composition controls,Yes,Yes,Yes,1,5,0.2,0.5512604744132452,0.5292967626933471,Selected in 1 of 5 outer folds.
Supplementary,eCARD,Signatures + Bio MAF v4,XGBoost,Spearman r,Signatures + Full strict Bio MAF core,1125,943,Compact biological annotation core; external evidence-confidence controls; exact consensus driver-gene identity; cancer hotspot summaries,Yes,Yes,No,2,5,0.4,0.5461892945763913,0.47825376018061977,Selected in 2 of 5 outer folds.
Supplementary,PFI survival,Bio MAF v4,CoxNet,Harrell C-index,Compact biology + evidence-confidence controls,137,137,Compact biological annotation core; external evidence-confidence controls,No,No,No,1,5,0.2,0.6222782968304553,0.5933572463185484,Selected in 1 of 5 outer folds.
Supplementary,PFI survival,Bio MAF v4,CoxNet,Harrell C-index,Compact biology + exact driver genes,923,923,Compact biological annotation core; exact consensus driver-gene identity,No,Yes,No,3,5,0.6,0.6204517323190538,0.6270878818824744,Selected in 3 of 5 outer folds.
Supplementary,PFI survival,Bio MAF v4,CoxNet,Harrell C-index,Full strict Bio MAF core,943,943,Compact biological annotation core; external evidence-confidence controls; exact consensus driver-gene identity; cancer hotspot summaries,No,Yes,No,1,5,0.2,0.6083260674681632,0.6323069403714565,Selected in 1 of 5 outer folds.
Supplementary,PFI survival,Signatures + Bio MAF v4,CoxNet,Harrell C-index,Signatures + Compact biology + exact driver genes,1105,923,Compact biological annotation core; exact consensus driver-gene identity,Yes,Yes,No,1,5,0.2,0.6181896522131299,0.6302603632198172,Selected in 1 of 5 outer folds.
Supplementary,PFI survival,Signatures + Bio MAF v4,CoxNet,Harrell C-index,Signatures + Full strict Bio MAF core,1125,943,Compact biological annotation core; external evidence-confidence controls; exact consensus driver-gene identity; cancer hotspot summaries,Yes,Yes,No,4,5,0.8,0.6237658301313292,0.6309478730934908,Selected in 4 of 5 outer folds.
